title,price,shipping,sold_date,seller,condition,item_url,image_url,graded,grader,grade,auction,best_offer,price_value,shipping_value,total_value,sold_date_value,listing_type,is_best_offer,is_graded,grader_norm,grade_value,card_number_guess
Shop on eBay,$20.00,,,,Brand New,https://ebay.com/itm/123456,https://ir.ebaystatic.com/rs/v/fxxj3ttftm5ltcqnto1o4baovyl.png,N,,,N,Y,20.0,,20.0,,bin,True,False,,,
1993 Pinnacle 1st Round Draft Pick Derek Jeter #457 PSA 7 Rookie RC HOF,$11.88,$4.99,"Sold Mar 22, 2026",comc_consignment,New,https://www.ebay.com/itm/236682090530,https://i.ebayimg.com/images/g/UvcAAeSwV8lpsja0/s-l500.webp,Y,PSA,7,Y,N,11.88,4.99,16.87,2026-03-22,auction,False,True,PSA,7.0,457
1993 Pinnacle - 1st Round Draft Pick Derek Jeter #457 (RC),$10.50,$5.20,"Sold Mar 22, 2026",cronin_collectibles,New,https://www.ebay.com/itm/397718862397,https://i.ebayimg.com/images/g/rBIAAeSwHqRpt0Vt/s-l500.webp,N,,,Y,N,10.5,5.2,15.7,2026-03-22,auction,False,False,,,457
1993 Pinnacle - 1st Round Draft Pick Derek Jeter #457 (RC),$68.00,$5.07,"Sold Mar 22, 2026",iluv2badaddy,New,https://www.ebay.com/itm/406770676602,https://i.ebayimg.com/images/g/D-gAAeSwO61ptxzC/s-l500.webp,N,,,Y,N,68.0,5.07,73.07,2026-03-22,auction,False,False,,,457
New York Yankees Derek Jeter #457 Pinnacle Baseball Near Mint or Better Rookie,$9.00,$0.00,"Sold Mar 22, 2026",clvsp23,New,https://www.ebay.com/itm/406787618722,https://i.ebayimg.com/images/g/PwQAAeSwM29pvfW8/s-l500.webp,N,,,N,N,9.0,0.0,9.0,2026-03-22,bin,False,False,,,457
1993 Pinnacle Derek Jeter 1st Round Draft Pick #457 Rookie Card,$11.50,$1.99,"Sold Mar 22, 2026",philippians_cardz,New,https://www.ebay.com/itm/397733221419,https://i.ebayimg.com/images/g/gWQAAeSwlvBpu0tr/s-l500.webp,N,,,N,Y,11.5,1.99,13.49,2026-03-22,bin,True,False,,,457
1993 SCORE PINNACLE BASEBALL 457 DEREK JETER NEW YORK YANKEES ROOKIE RC RAW,$2.91,$17.55,"Sold Mar 22, 2026",allennjamie,New,https://www.ebay.com/itm/287206099316,https://i.ebayimg.com/images/g/ayYAAeSwk1pptrXZ/s-l500.webp,N,,,Y,N,2.91,17.55,20.46,2026-03-22,auction,False,False,,,457
1993 Pinnacle - 1st Round Draft Pick Derek Jeter #457 (RC),$9.99,$1.32,"Sold Mar 21, 2026",poboyle782,New,https://www.ebay.com/itm/206156294435,https://i.ebayimg.com/images/g/BdIAAeSw8otpvstW/s-l500.webp,N,,,N,Y,9.99,1.32,11.31,2026-03-21,bin,True,False,,,457
1993 Pinnacle DEREK JETER #457 HOF Yankees RC ROOKIE (PSA 8) **FRESHLY GRADED**,$26.90,$5.80,"Sold Mar 20, 2026",bill2001nyc,New,https://www.ebay.com/itm/277814839354,https://i.ebayimg.com/images/g/4F8AAeSwFvdpuunZ/s-l500.webp,Y,PSA,8,N,N,26.9,5.8,32.7,2026-03-20,bin,False,True,PSA,8.0,457
1993 Pinnacle: #457 Derek Jeter 1st Round DP RC EX-EXMINT,$8.50,$4.95,"Sold Mar 20, 2026",gregmorrismodern,New,https://www.ebay.com/itm/366261711412,https://i.ebayimg.com/images/g/9doAAeSwMA9psHoF/s-l500.webp,N,,,Y,N,8.5,4.95,13.45,2026-03-20,auction,False,False,,,457
DEREK JETER PSA 9 1993 Pinnacle RC #457,$74.99,$5.99,"Sold Mar 20, 2026",hobbygems,New,https://www.ebay.com/itm/406544217246,https://i.ebayimg.com/images/g/6BkAAeSwNNRo~O6e/s-l500.webp,Y,PSA,9,N,N,74.99,5.99,80.98,2026-03-20,bin,False,True,PSA,9.0,457
1993 Pinnacle #457 Derek Jeter New York Yankees RC Rookie HOF PSA 9 MINT,$56.57,$5.50,"Sold Mar 19, 2026",probstein123,New,https://www.ebay.com/itm/389737373231,https://i.ebayimg.com/images/g/gggAAeSwAFRpsyi3/s-l500.webp,Y,PSA,9,Y,N,56.57,5.5,62.07,2026-03-19,auction,False,True,PSA,9.0,457
Pinnacle 1993 Derek Jeter #457 Rookie New York Yankees MLB PSA 9,$59.99,$5.20,"Sold Mar 19, 2026",ha-9340,New,https://www.ebay.com/itm/206146682853,https://i.ebayimg.com/images/g/UagAAeSwprZpubLw/s-l500.webp,Y,PSA,9,N,N,59.99,5.2,65.19,2026-03-19,bin,False,True,PSA,9.0,457
1993 Pinnacle 1st Round Draft Pick Derek Jeter #457 Rookie RC HOF,$4.93,$4.99,"Sold Mar 19, 2026",comc_consignment,New,https://www.ebay.com/itm/336472796537,https://i.ebayimg.com/images/g/wTkAAeSwW5RpsJuy/s-l500.webp,N,,,Y,N,4.93,4.99,9.92,2026-03-19,auction,False,False,,,457
1993 Pinnacle - 1st Round Draft Pick Derek Jeter #457 (RC) NM/MT SGC 8 HOF,$24.00,$7.50,"Sold Mar 19, 2026",vinylrocks68,New,https://www.ebay.com/itm/326992162766,https://i.ebayimg.com/images/g/TugAAeSwajtpiMfG/s-l500.webp,Y,SGC,8,N,Y,24.0,7.5,31.5,2026-03-19,bin,True,True,SGC,8.0,457
Derek Jeter 1993 Pinnacle #457 New York Yankees PSA Graded Near Mint-Mint 8 HOF,$12.50,$5.95,"Sold Mar 19, 2026",coresclassics6t25,New,https://www.ebay.com/itm/267602666571,https://i.ebayimg.com/images/g/3ToAAeSwp2ZphMVp/s-l500.webp,Y,PSA,8,Y,N,12.5,5.95,18.45,2026-03-19,auction,False,True,PSA,8.0,457
1993 Pinnacle DEREK JETER #457 RC Rookie Yankees SGC 9 MINT,$31.00,$5.00,"Sold Mar 18, 2026",nickosportscards,New,https://www.ebay.com/itm/397710498654,https://i.ebayimg.com/images/g/2ggAAeSwlYJptGnO/s-l500.webp,Y,SGC,9,Y,N,31.0,5.0,36.0,2026-03-18,auction,False,True,SGC,9.0,457
DEREK JETER 1993 Pinnacle Rookie #457 PSA 9 Mint,$50.00,$6.00,"Sold Mar 18, 2026",cards2consignment,New,https://www.ebay.com/itm/157742936844,https://i.ebayimg.com/images/g/xgcAAeSwKDdpsbqI/s-l500.webp,Y,PSA,9,Y,N,50.0,6.0,56.0,2026-03-18,auction,False,True,PSA,9.0,457
2 Card Lot 1993 Pinnacle Derek Jeter #457 RC Yankees Rookie Card NM-MT,$22.99,$5.52,"Sold Mar 18, 2026",bsblislife,Brand New,https://www.ebay.com/itm/389714171917,https://i.ebayimg.com/images/g/0J4AAeSwlVRprPSn/s-l500.webp,N,,,N,Y,22.99,5.52,28.51,2026-03-18,bin,True,False,,2.0,457
Rookie Pinnacle 1993 #457 – Derek Jeter 1st Round Draft Pick – New York Yankees,$10.00,$5.07,"Sold Mar 18, 2026",robertrynemusic,New,https://www.ebay.com/itm/397726555413,https://i.ebayimg.com/images/g/cNYAAeSw4h1puXZS/s-l500.webp,N,,,N,N,10.0,5.07,15.07,2026-03-18,bin,False,False,,,457
1993 Pinnacle - 1st Round Draft Pick Derek Jeter #457 (RC),$7.50,$0.74,"Sold Mar 18, 2026",rkb_sports_cards,New,https://www.ebay.com/itm/198183652128,https://i.ebayimg.com/images/g/GbwAAeSwsV9ptGAJ/s-l500.webp,N,,,Y,N,7.5,0.74,8.24,2026-03-18,auction,False,False,,,457
DEREK JETER 1993 PINNACLE #457 RC ROOKIE *NEW YORK YANKEES*,$14.99,$5.00,"Sold Feb 8, 2026",rookiesonly99,New,https://www.ebay.com/itm/134769866940,https://i.ebayimg.com/images/g/KwEAAOSwqgVlLZ9b/s-l500.webp,N,,,N,Y,14.99,5.0,19.99,2026-02-08,bin,True,False,,,457
DEREK JETER 1993 PINNACLE #457 ROOKIE RC PSA 9 MINT ✨,$55.00,$7.95,"Sold Mar 16, 2026",theserenityshoppingdepot,New,https://www.ebay.com/itm/167651245333,https://i.ebayimg.com/images/g/mfoAAeSwECxoaIfR/s-l500.webp,Y,PSA,9,N,N,55.0,7.95,62.95,2026-03-16,bin,False,True,PSA,9.0,457
1993 Pinnacle Derek Jeter #457 Rookie Card 1st Round Draft Pick Yankees HOF,$9.99,$1.50,"Sold Mar 16, 2026",turn5756,New,https://www.ebay.com/itm/406770289164,https://i.ebayimg.com/images/g/2O8AAeSwk1pptvF1/s-l500.webp,N,,,N,Y,9.99,1.5,11.49,2026-03-16,bin,True,False,,,457
1993 Pinnacle - 1st Round Draft Pick #457 Derek Jeter (RC) MINT,$36.00,$5.07,"Sold Mar 15, 2026",kevinknowssportscards,New,https://www.ebay.com/itm/396165959282,https://i.ebayimg.com/images/g/IS0AAOSwNsVnnaEK/s-l500.webp,N,,,N,N,36.0,5.07,41.07,2026-03-15,bin,False,False,,,457
1993 Pinnacle - Derek Jeter 1st Round Draft Pick #457 HoF RC NM-MT,$11.00,$1.32,"Sold Mar 15, 2026",brett_g_collectibles,New,https://www.ebay.com/itm/397690617383,https://i.ebayimg.com/images/g/OtQAAeSwsGZprfhV/s-l500.webp,N,,,Y,N,11.0,1.32,12.32,2026-03-15,auction,False,False,,,457
New York Yankees 1993 Pinnacle Derek Jeter Rookie Card # 457 PSA 10,$800.00,$8.30,"Sold Mar 14, 2026",nlrmhl,New,https://www.ebay.com/itm/155130049753,https://i.ebayimg.com/images/g/BykAAOSwkbNjA8G9/s-l500.webp,Y,PSA,10,N,Y,800.0,8.3,808.3,2026-03-14,bin,True,True,PSA,10.0,457
DEREK JETER 1993 PINNACLE #457 ROOKIE RC PSA 9 MINT ✨,$55.00,$7.95,"Sold Mar 14, 2026",theserenityshoppingdepot,New,https://www.ebay.com/itm/167651245349,https://i.ebayimg.com/images/g/Z-0AAeSwJHJocaBj/s-l500.webp,Y,PSA,9,N,N,55.0,7.95,62.95,2026-03-14,bin,False,True,PSA,9.0,457
1993 Pinnacle Derek Jeter Rookie RC #457 Yankees BGS 9.5,$430.00,$4.99,"Sold Mar 14, 2026",dcsports87,New,https://www.ebay.com/itm/127729157553,https://i.ebayimg.com/images/g/~zwAAeSwW5Rprtks/s-l500.webp,Y,BGS,9.5,Y,N,430.0,4.99,434.99,2026-03-14,auction,False,True,BGS,9.5,457
1993 Pinnacle Derek Jeter Rookie RC #457 Yankees,$10.50,$4.99,"Sold Mar 14, 2026",dcsports87,New,https://www.ebay.com/itm/127729431306,https://i.ebayimg.com/images/g/cuEAAeSw-olprvSl/s-l500.webp,N,,,Y,N,10.5,4.99,15.49,2026-03-14,auction,False,False,,,457
1993 Pinnacle 1st Round Draft Pick Derek Jeter #457 (RC) & 1996 Gold Leaf Rookie,$9.50,$1.32,"Sold Mar 14, 2026",stlouiecat,New,https://www.ebay.com/itm/227245221668,https://i.ebayimg.com/images/g/xEEAAeSwk1ppqzLJ/s-l500.webp,N,,,Y,N,9.5,1.32,10.82,2026-03-14,auction,False,False,,,457
1993 Pinnacle 1st Round Draft Pick Derek Jeter #457 PSA 8 Rookie RC HOF,$24.50,$4.99,"Sold Mar 14, 2026",comc_consignment,New,https://www.ebay.com/itm/336465561070,https://i.ebayimg.com/images/g/wQoAAeSwMQhpqhCw/s-l500.webp,Y,PSA,8,Y,N,24.5,4.99,29.49,2026-03-14,auction,False,True,PSA,8.0,457
1993 Pinnacle - 1st Round Draft Pick Derek Jeter #457 (RC) Plus Bonus Gift 🎁!,$72.12,$0.00,"Sold Mar 14, 2026",lexajoncardsllc,New,https://www.ebay.com/itm/397706676114,https://i.ebayimg.com/images/g/-2MAAeSwFENpryln/s-l500.webp,N,,,N,Y,72.12,0.0,72.12,2026-03-14,bin,True,False,,,457
Derek Jeter 1993 Pinnacle Rookie 1st Round Draft Pick #457 RC EX NY Yankees HOF,$13.99,$0.00,"Sold Mar 14, 2026",the_slab_lab_chicago,New,https://www.ebay.com/itm/168141299979,https://i.ebayimg.com/images/g/oXcAAeSwGwNphqRs/s-l500.webp,N,,,N,Y,13.99,0.0,13.99,2026-03-14,bin,True,False,,,457
Derek Jeter RC 1993 Pinnacle #457 1st Round Draft Pick NY Yankees HOF,$12.00,$1.32,"Sold Mar 13, 2026",canteau2338,New,https://www.ebay.com/itm/267337330024,https://i.ebayimg.com/images/g/vR4AAeSwOWtofuV7/s-l500.webp,N,,,N,Y,12.0,1.32,13.32,2026-03-13,bin,True,False,,,457
1993 Pinnacle - 1st Round Draft Pick Derek Jeter #457 (RC),$18.00,$1.32,"Sold Mar 13, 2026",leftovercards,New,https://www.ebay.com/itm/227245185940,https://i.ebayimg.com/images/g/T-YAAeSwd0Bpqy53/s-l500.webp,N,,,Y,N,18.0,1.32,19.32,2026-03-13,auction,False,False,,,457
1993 Score- Pinnacle: 1st Round Draft Pick Derek Jeter Card #457,$14.99,$0.00,"Sold Mar 12, 2026",ramirezfan99,New,https://www.ebay.com/itm/257157423433,https://i.ebayimg.com/images/g/tKoAAeSwXVho7xBE/s-l500.webp,N,,,N,N,14.99,0.0,14.99,2026-03-12,bin,False,False,,,457
1993 Pinnacle Derek Jeter #457 New York Yankees Rookie,$9.99,$1.00,"Sold Mar 12, 2026",unbreakable.cardz,New,https://www.ebay.com/itm/358310633251,https://i.ebayimg.com/images/g/gMAAAeSwfyppsGjj/s-l500.webp,N,,,N,N,9.99,1.0,10.99,2026-03-12,bin,False,False,,,457
Pinnacle 1993 Derek Jeter #457 1st Round Draft Pick New York Yankees Card,$10.50,$1.32,"Sold Mar 11, 2026",covar381,New,https://www.ebay.com/itm/298090472153,https://i.ebayimg.com/images/g/fQoAAeSwAvJpqRjz/s-l500.webp,N,,,Y,N,10.5,1.32,11.82,2026-03-11,auction,False,False,,,457
1993 Pinnacle #457 Derek Jeter RC ROOKIE Yankees,$14.38,$5.75,"Sold Mar 11, 2026",hoodyscollectibles,New,https://www.ebay.com/itm/147185848191,https://i.ebayimg.com/images/g/mssAAeSwCzBpqPN0/s-l500.webp,N,,,Y,N,14.38,5.75,20.13,2026-03-11,auction,False,False,,,457
1993 Pinnacle Derek Jeter PSA 9 #457,$49.00,$5.20,"Sold Mar 11, 2026",je_590578,New,https://www.ebay.com/itm/206111357406,https://i.ebayimg.com/images/g/fXAAAeSw4h1pqL2b/s-l500.webp,Y,PSA,9,Y,N,49.0,5.2,54.2,2026-03-11,auction,False,True,PSA,9.0,457
1993 Pinnacle Derek Jeter RC HOF PSA 8 #457 Yankees,$20.50,$6.00,"Sold Mar 11, 2026",fsu1025,New,https://www.ebay.com/itm/117069949805,https://i.ebayimg.com/images/g/A-AAAeSwDq5pqGAj/s-l500.webp,Y,PSA,8,Y,N,20.5,6.0,26.5,2026-03-11,auction,False,True,PSA,8.0,457
1993 Pinnacle #457 Derek Jeter Rookie Card BGS BCCG 9 Near Mint+,$50.00,$0.00,"Sold Mar 5, 2026",alotofrookies,New,https://www.ebay.com/itm/267593083989,https://i.ebayimg.com/images/g/gBAAAeSwmrdppxMs/s-l500.webp,Y,BGS,9,N,N,50.0,0.0,50.0,2026-03-05,bin,False,True,BGS,9.0,457
"DEREK JETER BASEBALL CARDS YOU PICK YOUR CARD, ASST. YEARS & COMPANIES (item#G8)",$0.99,$1.00,"Sold Mar 10, 2026",fireonmtn59,New,https://www.ebay.com/itm/126579957992,https://i.ebayimg.com/images/g/nCEAAOSwv1FmluiK/s-l500.webp,N,,,N,N,0.99,1.0,1.99,2026-03-10,bin,False,False,,,G8
1993 Pinnacle Derek Jeter RC #457 PSA 10 GEM MINT HOF 💎,$650.00,$0.00,"Sold Aug 16, 2025",kcfutures9,Brand New,https://www.ebay.com/itm/167639869838,https://i.ebayimg.com/images/g/eIYAAeSwPtdocDqv/s-l500.webp,Y,PSA,10,N,N,650.0,0.0,650.0,2025-08-16,bin,False,True,PSA,10.0,457
1993 Pinnacle - 1st Round Draft Pick Derek Jeter #457 (RC),$9.45,$1.32,"Sold Mar 10, 2026",tc_classic_cardboard,New,https://www.ebay.com/itm/366185926181,https://i.ebayimg.com/images/g/YOgAAeSw779piMpY/s-l500.webp,N,,,N,N,9.45,1.32,10.77,2026-03-10,bin,False,False,,,457
1993 Pinnacle - 1st Round Draft Pick Derek Jeter #457 (RC),$10.07,$1.32,"Sold Mar 10, 2026",mic-473271,New,https://www.ebay.com/itm/366249427673,https://i.ebayimg.com/images/g/2fwAAeSw5BNpqjlB/s-l500.webp,N,,,N,N,10.07,1.32,11.39,2026-03-10,bin,False,False,,,457
1993 Pinnacle 1st Round Draft Pick Derek Jeter #457 Rookie RC HOF,$7.00,$4.99,"Sold Mar 10, 2026",comc_consignment,New,https://www.ebay.com/itm/336470866266,https://i.ebayimg.com/images/g/Q58AAeSwi3ppruw9/s-l500.webp,N,,,Y,N,7.0,4.99,11.99,2026-03-10,auction,False,False,,,457
1993 Score Pinnacle Derek Jeter #457 1st Round Draft Pick (RC),$8.00,$2.00,"Sold Mar 10, 2026",jdubskicksandcards,New,https://www.ebay.com/itm/206114523458,https://i.ebayimg.com/images/g/Y9IAAeSwgvxpqnVb/s-l500.webp,N,,,Y,N,8.0,2.0,10.0,2026-03-10,auction,False,False,,,457
1993 Pinnacle - 1st Round Draft Pick Derek Jeter #457 (RC) SGC 9 Yankees Star,$45.00,$5.07,"Sold Mar 9, 2026",jmoney05,New,https://www.ebay.com/itm/198164694850,https://i.ebayimg.com/images/g/I-cAAeSwCoZprN9T/s-l500.webp,Y,SGC,9,N,N,45.0,5.07,50.07,2026-03-09,bin,False,True,SGC,9.0,457
1993 Pinnacle Derek Jeter RC #457 PSA 8 NM-MT,$26.00,$5.85,"Sold Mar 9, 2026",emilie01-0539,New,https://www.ebay.com/itm/327026012428,https://i.ebayimg.com/images/g/AdMAAeSwTRJppd8e/s-l500.webp,Y,PSA,8,Y,N,26.0,5.85,31.85,2026-03-09,auction,False,True,PSA,8.0,457
1993 Pinnacle - 1st Round Draft Pick Derek Jeter #457 (RC),$10.00,$5.07,"Sold Mar 9, 2026",puterdude_1,New,https://www.ebay.com/itm/147065425816,https://i.ebayimg.com/images/g/BtwAAeSweq9pVbLG/s-l500.webp,N,,,N,N,10.0,5.07,15.07,2026-03-09,bin,False,False,,,457
1993 Pinnacle #457 Derek Jeter ROOKIE Card Iconic RC YANKEES,$12.99,$1.32,"Sold Mar 8, 2026",jbhofautos,New,https://www.ebay.com/itm/306807129966,https://i.ebayimg.com/images/g/AVYAAeSw2KtpqxhK/s-l500.webp,N,,,N,Y,12.99,1.32,14.31,2026-03-08,bin,True,False,,,457
1993 Pinnacle 1st Round Draft Pick PSA 8 Derek Jeter Rookie Card #457,$20.50,$5.20,"Sold Mar 8, 2026",celtgirl13,New,https://www.ebay.com/itm/306797713361,https://i.ebayimg.com/images/g/-AcAAeSwmsdppIjv/s-l500.webp,Y,PSA,8,Y,N,20.5,5.2,25.7,2026-03-08,auction,False,True,PSA,8.0,457
1993 Pinnacle 1st Round Draft Pick Derek Jeter #457 Rookie RC HOF,$6.61,$4.99,"Sold Mar 8, 2026",comc_consignment,New,https://www.ebay.com/itm/257382717879,https://i.ebayimg.com/images/g/dCUAAeSwuFlpogva/s-l500.webp,N,,,Y,N,6.61,4.99,11.6,2026-03-08,auction,False,False,,,457
1993 Pinnacle Derek Jeter 1st Round Draft Pick #457 New York Yankees Baseball,$14.00,$1.32,"Sold Mar 8, 2026",smartdogwalking,New,https://www.ebay.com/itm/168200500638,https://i.ebayimg.com/images/g/dj8AAeSw3uJppfJi/s-l500.webp,N,,,N,Y,14.0,1.32,15.32,2026-03-08,bin,True,False,,,457
1993 Pinnacle #457 Derek Jeter,$4.00,$1.25,"Sold Mar 8, 2026",cardsharksatlanta,New,https://www.ebay.com/itm/157723402829,https://i.ebayimg.com/images/g/izsAAeSwm0Bpp082/s-l500.webp,N,,,Y,N,4.0,1.25,5.25,2026-03-08,auction,False,False,,,457
1993 Pinnacle - 1st Round Draft Pick Derek Jeter #457 (RC),$15.50,$5.20,"Sold Mar 8, 2026",cove508,New,https://www.ebay.com/itm/198147209432,https://i.ebayimg.com/images/g/li4AAeSww4BppKjd/s-l500.webp,N,,,Y,N,15.5,5.2,20.7,2026-03-08,auction,False,False,,,457
1993 Pinnacle - 1st Round Draft Pick Derek Jeter #457 (RC),$10.00,$5.00,"Sold Mar 8, 2026",opo-21,New,https://www.ebay.com/itm/147190370630,https://i.ebayimg.com/images/g/sSQAAeSwzNJprDve/s-l500.webp,N,,,N,N,10.0,5.0,15.0,2026-03-08,bin,False,False,,,457
Derek Jeter 1993 Pinnacle 1st Round RC Rookie #457 PSA 8 Yankees,$35.00,$0.00,"Sold Mar 8, 2026",j_lcollectibles,New,https://www.ebay.com/itm/177843387437,https://i.ebayimg.com/images/g/5h8AAeSwaBNo3yhT/s-l500.webp,Y,PSA,8,N,N,35.0,0.0,35.0,2026-03-08,bin,False,True,PSA,8.0,457
DEREK JETER 1993 PINNACLE #457 ROOKIE RC PSA 9 MINT ✨,$39.99,$7.95,"Sold Mar 7, 2026",theserenityshoppingdepot,New,https://www.ebay.com/itm/167651245339,https://i.ebayimg.com/images/g/6AQAAeSw585oc83w/s-l500.webp,Y,PSA,9,N,N,39.99,7.95,47.94,2026-03-07,bin,False,True,PSA,9.0,457
1993 Pinnacle - 1st Round Draft Pick Derek Jeter #457 (RC),$700.00,$5.52,"Sold Mar 7, 2026",damil-9648,New,https://www.ebay.com/itm/188114457560,https://i.ebayimg.com/images/g/yHoAAeSwXH1ppijl/s-l500.webp,N,,,N,N,700.0,5.52,705.52,2026-03-07,bin,False,False,,,457
1993 Pinnacle 1st Round Draft Pick Derek Jeter #457 Rookie RC HOF,$3.25,$4.99,"Sold Mar 7, 2026",comc_consignment,New,https://www.ebay.com/itm/236657402643,https://i.ebayimg.com/images/g/4twAAeSw615poNmi/s-l500.webp,N,,,Y,N,3.25,4.99,8.24,2026-03-07,auction,False,False,,,457
1993 Pinnacle 1st Round Draft Pick Derek Jeter #457 SGC 6 Rookie RC HOF,$30.00,$4.99,"Sold Mar 7, 2026",comc_consignment,New,https://www.ebay.com/itm/236664629398,https://i.ebayimg.com/images/g/GEgAAeSwJGVppc7t/s-l500.webp,Y,SGC,6,Y,N,30.0,4.99,34.99,2026-03-07,auction,False,True,SGC,6.0,457
1993 Pinnacle - 1st Round Draft Pick Derek Jeter #457 (RC),$80.00,$7.00,"Sold Mar 7, 2026",yal_3722,New,https://www.ebay.com/itm/397660489856,https://i.ebayimg.com/images/g/D3AAAeSwhD1pV~4G/s-l500.webp,N,,,Y,N,80.0,7.0,87.0,2026-03-07,auction,False,False,,,457
1993 Pinnacle #457 Derek Jeter Rookie E1,$10.99,$0.00,"Sold Mar 6, 2026",jawasjunkyard,New,https://www.ebay.com/itm/227193449690,https://i.ebayimg.com/images/g/VS0AAeSwtElpeuUm/s-l500.webp,N,,,N,Y,10.99,0.0,10.99,2026-03-06,bin,True,False,,,457
1993 Pinnacle Baseball DEREK JETER #437 1st Round Draft Pick Yankees,$9.99,$5.45,"Sold Mar 6, 2026",sportscardsfanatic4,New,https://www.ebay.com/itm/336464020620,https://i.ebayimg.com/images/g/zFYAAeSw~ZZpqNkM/s-l500.webp,N,,,N,N,9.99,5.45,15.44,2026-03-06,bin,False,False,,,437
Pinnacle 1993 Derek Jeter 1st Round Draft Pick #457 New York Yankees Baseball,$5.50,$1.32,"Sold Mar 6, 2026",et_49077,New,https://www.ebay.com/itm/336455582261,https://i.ebayimg.com/images/g/dMkAAeSwZ9RpogyF/s-l500.webp,N,,,Y,N,5.5,1.32,6.82,2026-03-06,auction,False,False,,,457
1993 Pinnacle 1st Round Draft Pick Derek Jeter #457 (RC) Beckett 9.5,$225.00,$5.52,"Sold Mar 6, 2026",je_590578,New,https://www.ebay.com/itm/206111368832,https://i.ebayimg.com/images/g/PXgAAeSwMD1pqL86/s-l500.webp,N,,,Y,N,225.0,5.52,230.52,2026-03-06,auction,False,False,BGS,9.5,457
Derek Jeter 1993 Score Pinnacle ROOKIE #457 Yankees NRMT,$15.00,$1.32,"Sold Mar 5, 2026",thehsethatruthbult,New,https://www.ebay.com/itm/236610409571,https://i.ebayimg.com/images/g/PMMAAeSw2E9peBk6/s-l500.webp,N,,,N,N,15.0,1.32,16.32,2026-03-05,bin,False,False,,,457
1993 Pinnacle #457 Derek Jeter ROOKIE RC YANKEES,$10.50,$5.75,"Sold Mar 5, 2026",hoodyscollectibles,New,https://www.ebay.com/itm/147174012753,https://i.ebayimg.com/images/g/~0kAAeSw~AJpoHba/s-l500.webp,N,,,Y,N,10.5,5.75,16.25,2026-03-05,auction,False,False,,,457
1993 Topps - Draft Pick Derek Jeter #98 (RC) Yankees Centered - Mint,$50.00,$2.00,"Sold Mar 5, 2026",dano331,New,https://www.ebay.com/itm/377000952165,https://i.ebayimg.com/images/g/sk8AAeSwrUhppEiu/s-l500.webp,N,,,N,N,50.0,2.0,52.0,2026-03-05,bin,False,False,,,98
DEREK JETER 1993 PINNACLE #457 ROOKIE RC PSA 9 MINT ✨,$55.00,$7.95,"Sold Mar 5, 2026",theserenityshoppingdepot,New,https://www.ebay.com/itm/167651245341,https://i.ebayimg.com/images/g/ai8AAeSw3Cdoc8zP/s-l500.webp,Y,PSA,9,N,N,55.0,7.95,62.95,2026-03-05,bin,False,True,PSA,9.0,457
1993 Score Pinnacle #457 Derek Jeter RC Rookie,$5.50,$5.99,"Sold Mar 4, 2026",sportcardauctionscom,New,https://www.ebay.com/itm/206091480936,https://i.ebayimg.com/images/g/ZdcAAeSwBoFpnc1b/s-l500.webp,N,,,Y,N,5.5,5.99,11.49,2026-03-04,auction,False,False,,,457
113799290 Derek Jeter 1993 Pinnacle #457 Rookie RC PSA 9,$48.88,$5.50,"Sold Mar 4, 2026",pc_sportscards,New,https://www.ebay.com/itm/157708663351,https://i.ebayimg.com/images/g/n90AAeSweSRpn1hz/s-l500.webp,Y,PSA,9,Y,N,48.88,5.5,54.38,2026-03-04,auction,False,True,PSA,9.0,457
1993 Pinnacle #457 Derek Jeter New YOrk Yankees RC Rookie HOF BGS 8 NM-MT,$21.00,$5.50,"Sold Mar 4, 2026",probstein123,New,https://www.ebay.com/itm/376992268052,https://i.ebayimg.com/images/g/wB8AAeSwcttpn5kb/s-l500.webp,Y,BGS,8,Y,N,21.0,5.5,26.5,2026-03-04,auction,False,True,BGS,8.0,457
Derek Jeter 1993 Pinnacle #457 Rookie RC,$6.50,$5.50,"Sold Mar 4, 2026",pc_sportscards,New,https://www.ebay.com/itm/157708663537,https://i.ebayimg.com/images/g/O~sAAeSwJEJpn1Ml/s-l500.webp,N,,,Y,N,6.5,5.5,12.0,2026-03-04,auction,False,False,,,457
1993 Pinnacle - 1st Round Draft Pick Derek Jeter #457 (RC),$12.00,$1.32,"Sold Mar 4, 2026",kuuboom,New,https://www.ebay.com/itm/236657881865,https://i.ebayimg.com/images/g/dkUAAeSwayhpoSLV/s-l500.webp,N,,,N,N,12.0,1.32,13.32,2026-03-04,bin,False,False,,,457
"Derek Jeter 1993 Pinnacle #457 New York Yankees PSA Graded Near Mint-Mint+ ""8.5""",$34.99,$4.99,"Sold Mar 4, 2026",allstarrules,New,https://www.ebay.com/itm/224758983951,https://i.ebayimg.com/images/g/-S8AAeSw61JpVvvE/s-l500.webp,Y,PSA,8.5,N,N,34.99,4.99,39.98,2026-03-04,bin,False,True,PSA,8.5,457
1993 Score: #457 Derek Jeter 1st Round DP RC NM-MT OR BETTER,$9.25,$4.95,"Sold Mar 3, 2026",gregmorrismodern,New,https://www.ebay.com/itm/366218459919,https://i.ebayimg.com/images/g/1lwAAeSwEjFpmg5I/s-l500.webp,N,,,Y,N,9.25,4.95,14.2,2026-03-03,auction,False,False,,,457
1993 Pinnacle Baseball 1st Round Draft Pick Derek Jeter #457 (RC) Yankees Rookie,$13.50,$1.25,"Sold Mar 2, 2026",hocrew89,New,https://www.ebay.com/itm/177559572368,https://i.ebayimg.com/images/g/mgEAAeSwUTtpD~Js/s-l500.webp,N,,,N,N,13.5,1.25,14.75,2026-03-02,bin,False,False,,,457
Derek Jeter Rookie Card 1993 Pinnacle #457 PSA 9 MINT,$50.00,$0.00,"Sold Mar 2, 2026",adam_107,New,https://www.ebay.com/itm/275625361248,https://i.ebayimg.com/images/g/mswAAOSwgSZjxFmT/s-l500.webp,Y,PSA,9,N,Y,50.0,0.0,50.0,2026-03-02,bin,True,True,PSA,9.0,457
1993 Pinnacle - 1st Round Draft Pick Derek Jeter #457 (RC) PSA 9 Mint,$49.00,$5.99,"Sold Mar 2, 2026",pappas8622,New,https://www.ebay.com/itm/188088855728,https://i.ebayimg.com/images/g/KRcAAeSwb-FpnLx-/s-l500.webp,Y,PSA,9,Y,N,49.0,5.99,54.99,2026-03-02,auction,False,True,PSA,9.0,457
1993 Pinnacle Derek Jeter RC PSA 7,$15.00,$5.00,"Sold Mar 2, 2026",sepa449,New,https://www.ebay.com/itm/298060357368,https://i.ebayimg.com/images/g/l4YAAeSw6~hpnNpb/s-l500.webp,Y,PSA,7,Y,N,15.0,5.0,20.0,2026-03-02,auction,False,True,PSA,7.0,
1993 Pinnacle - 1st Round Draft Pick Derek Jeter #457 (RC),$10.50,$1.32,"Sold Mar 1, 2026",kotarac,New,https://www.ebay.com/itm/127699770939,https://i.ebayimg.com/images/g/ZUcAAeSwws5pm7BP/s-l500.webp,N,,,Y,N,10.5,1.32,11.82,2026-03-01,auction,False,False,,,457
1993 Pinnacle #457 1st Round Draft Pick Derek Jeter Rookie Card SGC-9 Mint,$30.74,$5.00,"Sold Mar 1, 2026",abcollectibles1775,New,https://www.ebay.com/itm/317911049482,https://i.ebayimg.com/images/g/2VMAAeSwV0hpmvKC/s-l500.webp,Y,SGC,9,Y,N,30.74,5.0,35.74,2026-03-01,auction,False,True,SGC,9.0,457
1993 Pinnacle - 1st Round Draft Pick Derek Jeter #457 (RC),$9.50,$1.00,"Sold Mar 1, 2026",michaebradle_54,New,https://www.ebay.com/itm/298057237461,https://i.ebayimg.com/images/g/kE8AAeSwKBBpm4b6/s-l500.webp,N,,,Y,N,9.5,1.0,10.5,2026-03-01,auction,False,False,,,457
1993 Pinnacle - 1st Round Draft Pick Derek Jeter #457 (RC),$11.90,$1.32,"Sold Mar 1, 2026",grandadsplace,New,https://www.ebay.com/itm/397655092324,https://i.ebayimg.com/images/g/GQgAAeSwZ15poOkj/s-l500.webp,N,,,N,N,11.9,1.32,13.22,2026-03-01,bin,False,False,,,457
1993 Pinnacle #457 Derek Jeter RC,$21.86,$1.46,"Sold Dec 27, 2025",sportzcards2025,New,https://www.ebay.com/itm/167735168418,https://i.ebayimg.com/images/g/NNkAAeSwvL9oqJcT/s-l500.webp,N,,,N,Y,21.86,1.46,23.32,2025-12-27,bin,True,False,,,457
1993 Pinnacle #457 Derek Jeter RC Rookie NM New York Yankees HOF *218,$8.00,$1.32,"Sold Mar 1, 2026",,New,https://www.ebay.com/itm/227226648189,https://i.ebayimg.com/images/g/eIYAAeSwVptpmhGc/s-l500.webp,N,,,N,Y,8.0,1.32,9.32,2026-03-01,bin,True,False,,,457
DEREK JETER Rookie RC - 1993 Pinnacle #457 - 1st Round Draft Pick - Yankees,$9.99,$1.32,"Sold Mar 1, 2026",wendcollec0,New,https://www.ebay.com/itm/188042938060,https://i.ebayimg.com/images/g/WrAAAeSwy5JpikNE/s-l500.webp,N,,,N,N,9.99,1.32,11.31,2026-03-01,bin,False,False,,,457
1993 Pinnacle - 1st Round Draft Pick Derek Jeter #457 (RC),$9.50,$0.00,"Sold Mar 1, 2026",aquakupo,New,https://www.ebay.com/itm/267590238873,https://i.ebayimg.com/images/g/CHwAAeSw9cNpo8kp/s-l500.webp,N,,,N,N,9.5,0.0,9.5,2026-03-01,bin,False,False,,,457
2 Card Lot 1993 Pinnacle Derek Jeter #457 RC Yankees Rookie Card NM-MT,$15.50,$3.99,"Sold Feb 28, 2026",newyorksports33,New,https://www.ebay.com/itm/147165482956,https://i.ebayimg.com/images/g/Zk4AAeSwHB9pmf2w/s-l500.webp,N,,,Y,N,15.5,3.99,19.49,2026-02-28,auction,False,False,,2.0,457
1993 Pinnacle Derek Jeter Rookie RC #457 Yankees,$7.52,$4.99,"Sold Feb 28, 2026",dcsports87,New,https://www.ebay.com/itm/127701165494,https://i.ebayimg.com/images/g/ATgAAeSwKpxpnLvr/s-l500.webp,N,,,Y,N,7.52,4.99,12.51,2026-02-28,auction,False,False,,,457
1993 Pinnacle # 457 Derek Jeter NM-MT or Better,$16.61,$0.00,"Sold Feb 28, 2026",jgwilliamson8,New,https://www.ebay.com/itm/327012619831,https://i.ebayimg.com/images/g/MYkAAeSwAiNpmiZe/s-l500.webp,N,,,Y,N,16.61,0.0,16.61,2026-02-28,auction,False,False,,,457
1993 Pinnacle Baseball Draft Pick Rookie #457 Derek Jeter RC SGC 92 NM/MT+ 8.5,$16.51,$5.00,"Sold Feb 26, 2026",tntnorthnj,New,https://www.ebay.com/itm/366211571586,https://i.ebayimg.com/images/g/r5wAAeSw3pVpli9R/s-l500.webp,Y,SGC,8.5,Y,N,16.51,5.0,21.51,2026-02-26,auction,False,True,SGC,8.5,457
1993 Pinnacle #457 Derek Jeter Rookie E1,$10.99,$0.00,"Sold Feb 26, 2026",jawasjunkyard,New,https://www.ebay.com/itm/227196107062,https://i.ebayimg.com/images/g/G7YAAeSw3zdpfXCn/s-l500.webp,N,,,N,Y,10.99,0.0,10.99,2026-02-26,bin,True,False,,,457
1993 Pinnacle #457 Derek Jeter RC Rookie PSA 8 NM-MT 03547561,$20.00,$0.00,"Sold Feb 26, 2026",sports-cards-forever,New,https://www.ebay.com/itm/267582886823,https://i.ebayimg.com/images/g/3KYAAeSwJFVpmlXY/s-l500.webp,Y,PSA,8,Y,N,20.0,0.0,20.0,2026-02-26,auction,False,True,PSA,8.0,457
Derek Jeter 1993 Pinnacle #457 New York Yankees PSA Graded Near Mint-Mint 8 HOF,$29.99,$4.99,"Sold Feb 26, 2026",allstarrules,New,https://www.ebay.com/itm/224758981243,https://i.ebayimg.com/images/g/w4MAAeSwFQxpkOg9/s-l500.webp,Y,PSA,8,N,N,29.99,4.99,34.98,2026-02-26,bin,False,True,PSA,8.0,457
1993 Pinnacle #457 Derek Jeter Rookie,$9.99,$1.32,"Sold Feb 26, 2026",fullhousesportscards,New,https://www.ebay.com/itm/257356296309,https://i.ebayimg.com/images/g/MKAAAeSwgiJpjS-o/s-l500.webp,N,,,N,N,9.99,1.32,11.31,2026-02-26,bin,False,False,,,457
1993 Pinnacle #457 Derek Jeter RC,$9.00,$1.50,"Sold Feb 25, 2026",coschl46,New,https://www.ebay.com/itm/406680222875,https://i.ebayimg.com/images/g/YUYAAeSwzFhph~4u/s-l500.webp,N,,,N,Y,9.0,1.5,10.5,2026-02-25,bin,True,False,,,457
1993 Score- Pinnacle: 1st Round Draft Pick Derek Jeter Card #457,$8.50,$1.32,"Sold Feb 25, 2026",natescards88,New,https://www.ebay.com/itm/287159949299,https://i.ebayimg.com/images/g/W3cAAeSwm4BplSXS/s-l500.webp,N,,,N,Y,8.5,1.32,9.82,2026-02-25,bin,True,False,,,457
1993 Pinnacle - 1st Round Draft Pick Derek Jeter #457 (RC),$9.90,$1.32,"Sold Feb 25, 2026",grandadsplace,New,https://www.ebay.com/itm/397650137709,https://i.ebayimg.com/images/g/jnkAAeSwsh9pn5Cb/s-l500.webp,N,,,N,N,9.9,1.32,11.22,2026-02-25,bin,False,False,,,457
1993 Pinnacle - 1st Round Draft Pick Derek Jeter #457 (RC) NY Yankees,$5.95,$5.77,"Sold Feb 25, 2026",richzmn8,New,https://www.ebay.com/itm/336436207275,https://i.ebayimg.com/images/g/LSIAAeSwN6dpkXUq/s-l500.webp,N,,,N,N,5.95,5.77,11.72,2026-02-25,bin,False,False,,,457
1993 Pinnacle - 1st Round Draft Pick Derek Jeter #457 Rookie NM Ungraded HOF MLB,$10.99,$1.75,"Sold Feb 25, 2026",the_cardbutler,New,https://www.ebay.com/itm/227195929061,https://i.ebayimg.com/images/g/ypoAAeSwAUhpfUcw/s-l500.webp,N,,,N,N,10.99,1.75,12.74,2026-02-25,bin,False,False,,,457
1993 Pinnacle #457 Derek Jeter New York Yankees RC HOF MINT NO RESERVE!,$13.50,$1.50,"Sold Feb 25, 2026",cw-valuecards,New,https://www.ebay.com/itm/188072564567,https://i.ebayimg.com/images/g/b94AAeSwpCVpllEh/s-l500.webp,N,,,Y,N,13.5,1.5,15.0,2026-02-25,auction,False,False,,,457
DEREK JETER 1993 PINNACLE 1st ROUND DRAFT PICK ROOKIE CARD #457 N.Y. YANKEES,$9.99,$1.00,"Sold Feb 25, 2026",ronkar88,New,https://www.ebay.com/itm/188075865263,https://i.ebayimg.com/images/g/gSYAAeSw8nxpl6uS/s-l500.webp,N,,,N,N,9.99,1.0,10.99,2026-02-25,bin,False,False,,,457
1993 PINNACLE #457 DEREK JETER PSA 10 81359726,$699.99,$0.00,"Sold Feb 25, 2026",amerlegends,New,https://www.ebay.com/itm/147137031810,https://i.ebayimg.com/images/g/bpkAAeSwpf9pg7CE/s-l500.webp,Y,PSA,10,N,N,699.99,0.0,699.99,2026-02-25,bin,False,True,PSA,10.0,457
1993 PINNACLE DEREK JETER ROOKIE (RC) #457 PSA 9! (NEW PSA LABEL!),$57.99,$4.77,"Sold Feb 24, 2026",ingselect,New,https://www.ebay.com/itm/157693797997,https://i.ebayimg.com/images/g/9-wAAeSwJPdpl5Yg/s-l500.webp,Y,PSA,9,N,N,57.99,4.77,62.76,2026-02-24,bin,False,True,PSA,9.0,457
1993 Pinnacle #457 Derek Jeter New York Yankees RC Rookie HOF,$9.99,$0.00,"Sold Feb 24, 2026",jel_sports_cards,New,https://www.ebay.com/itm/147168889089,https://i.ebayimg.com/images/g/6QEAAeSw2bppmHVM/s-l500.webp,N,,,N,Y,9.99,0.0,9.99,2026-02-24,bin,True,False,,,457
1993 Pinnacle - 1st Round Draft Pick Derek Jeter #457 (RC),$1.00,$4.88,"Sold Feb 23, 2026",gpfirstcoastcards,New,https://www.ebay.com/itm/206074485334,https://i.ebayimg.com/images/g/6BoAAeSwP9hpk0w6/s-l500.webp,N,,,Y,N,1.0,4.88,5.88,2026-02-23,auction,False,False,,,457
1993 Pinnacle 1st Round Draft Pick Derek Jeter #457 Rookie RC HOF,$11.04,$4.99,"Sold Feb 23, 2026",comc_consignment,New,https://www.ebay.com/itm/336448687029,https://i.ebayimg.com/images/g/pIcAAeSwm2ZpnHdN/s-l500.webp,N,,,Y,N,11.04,4.99,16.03,2026-02-23,auction,False,False,,,457
1993 Pinnacle - 1st Round Draft Pick Derek Jeter #457 (RC),$5.99,$1.32,"Sold Feb 23, 2026",collectors-pitstop,New,https://www.ebay.com/itm/157701168354,https://i.ebayimg.com/images/g/EkAAAeSwsaBphBFo/s-l500.webp,N,,,N,N,5.99,1.32,7.31,2026-02-23,bin,False,False,,,457
1993 Pinnacle #457 Derek Jeter New York Yankees RC Rookie HOF,$9.99,$0.00,"Sold Feb 23, 2026",jel_sports_cards,New,https://www.ebay.com/itm/137054993791,https://i.ebayimg.com/images/g/6QEAAeSw2bppmHVM/s-l500.webp,N,,,N,Y,9.99,0.0,9.99,2026-02-23,bin,True,False,,,457
1993 Pinnacle - 1st Round Draft Pick Derek Jeter #457 (RC),$9.45,$1.32,"Sold Feb 22, 2026",tc_classic_cardboard,New,https://www.ebay.com/itm/366185939187,https://i.ebayimg.com/images/g/bxEAAeSwzotpiMyq/s-l500.webp,N,,,N,N,9.45,1.32,10.77,2026-02-22,bin,False,False,,,457
1993 Pinnacle Rookie 1st Round Draft Pick Derek Jeter #457 New York Yankees MLB,$6.75,$1.32,"Sold Feb 22, 2026",jacobephillips,New,https://www.ebay.com/itm/358248269793,https://i.ebayimg.com/images/g/dwQAAeSwtchpm5-U/s-l500.webp,N,,,N,Y,6.75,1.32,8.07,2026-02-22,bin,True,False,,,457
1993 Pinnacle Derek Jeter #457 BGS 8.5 RC Rookie HOF YANKEES,$19.99,$5.99,"Sold Feb 22, 2026",koollector4,New,https://www.ebay.com/itm/267577425973,https://i.ebayimg.com/images/g/E10AAeSw-PppheMn/s-l500.webp,Y,BGS,8.5,Y,N,19.99,5.99,25.98,2026-02-22,auction,False,True,BGS,8.5,457
1993 Pinnacle - 1st Round Draft Pick #457 Derek Jeter Yankees,$9.00,$1.00,"Sold Feb 22, 2026",germanb95,New,https://www.ebay.com/itm/188079179850,https://i.ebayimg.com/images/g/kp0AAeSw88xpmOlH/s-l500.webp,N,,,N,N,9.0,1.0,10.0,2026-02-22,bin,False,False,,,457
1993 Pinnacle - 1st Round Draft Pick #457 Derek Jeter (RC) graded PSA 9 mint,$62.00,$4.44,"Sold Feb 22, 2026",wayne1917robert,New,https://www.ebay.com/itm/135243587840,https://i.ebayimg.com/images/g/hx4AAOSwz3lm4mVG/s-l500.webp,Y,PSA,9,N,Y,62.0,4.44,66.44,2026-02-22,bin,True,True,PSA,9.0,457
1993 Pinnacle 1st Round Derek Jeter #457,$20.01,$5.07,"Sold Feb 22, 2026",la-601475,New,https://www.ebay.com/itm/397629372247,https://i.ebayimg.com/images/g/7CoAAeSwkI1pl4Pl/s-l500.webp,N,,,Y,N,20.01,5.07,25.08,2026-02-22,auction,False,False,,,457
1993 Pinnacle - 1st Round Draft Pick Derek Jeter #457 (RC),$11.00,$1.32,"Sold Feb 22, 2026",nutbag2211,New,https://www.ebay.com/itm/358221843332,https://i.ebayimg.com/images/g/ekAAAeSw1bxpkj4m/s-l500.webp,N,,,Y,N,11.0,1.32,12.32,2026-02-22,auction,False,False,,,457
1993 Pinnacle - 1st Round Draft Pick Derek Jeter #457 (RC) FREE SHIPPING,$5.99,$0.00,"Sold Feb 22, 2026",kramersbox,New,https://www.ebay.com/itm/188009773217,https://i.ebayimg.com/images/g/ULIAAeSwz0NpfRLn/s-l500.webp,N,,,N,Y,5.99,0.0,5.99,2026-02-22,bin,True,False,,,457
1993 Pinnacle - 1st Round Draft Pick Derek Jeter #457 (RC) FREE SHIPPING,$9.50,$0.00,"Sold Feb 22, 2026",melissasantos2207,New,https://www.ebay.com/itm/177866187730,https://i.ebayimg.com/images/g/XecAAeSwPNNpkjrz/s-l500.webp,N,,,Y,N,9.5,0.0,9.5,2026-02-22,auction,False,False,,,457
1993 Pinnacle Derek Jeter Rookie RC #457 Yankees Graded Arena Club 8,$12.45,$5.85,"Sold Feb 21, 2026",ray910,New,https://www.ebay.com/itm/137038466939,https://i.ebayimg.com/images/g/DuYAAeSwxvxpjm0Q/s-l500.webp,N,,,Y,N,12.45,5.85,18.3,2026-02-21,auction,False,False,,8.0,457
1993 Pinnacle #457 Derek Jeter,$9.50,$1.50,"Sold Feb 21, 2026",tofer26,New,https://www.ebay.com/itm/137019489766,https://i.ebayimg.com/images/g/TeYAAeSwPu1phoXO/s-l500.webp,N,,,N,N,9.5,1.5,11.0,2026-02-21,bin,False,False,,,457
1993 Pinnacle - 1st Round Draft Pick #457 Derek Jeter Yankees,$9.00,$1.00,"Sold Feb 20, 2026",germanb95,New,https://www.ebay.com/itm/188068480325,https://i.ebayimg.com/images/g/S~cAAeSwxGNplKRA/s-l500.webp,N,,,N,N,9.0,1.0,10.0,2026-02-20,bin,False,False,,,457
1993 Pinnacle #457 Derek Jeter New York Yankees RC Rookie HOF,$9.99,$0.00,"Sold Feb 19, 2026",jel_sports_cards,New,https://www.ebay.com/itm/137042220419,https://i.ebayimg.com/images/g/rfQAAeSwEYJpkyrH/s-l500.webp,N,,,N,Y,9.99,0.0,9.99,2026-02-19,bin,True,False,,,457
1993 Pinnacle Derek Jeter Rookie RC #457 Yankees,$8.50,$4.99,"Sold Feb 19, 2026",dcsports87,New,https://www.ebay.com/itm/376964736225,https://i.ebayimg.com/images/g/Lf4AAeSwr75pkNNi/s-l500.webp,N,,,Y,N,8.5,4.99,13.49,2026-02-19,auction,False,False,,,457
1993 Pinnacle Derek Jeter #457 PSA 9 Rookie 1st Round Draft Pick Yankees,$55.00,$3.00,"Sold Feb 19, 2026",tballhead,New,https://www.ebay.com/itm/188072394510,https://i.ebayimg.com/images/g/SzQAAeSwx-1pljwk/s-l500.webp,Y,PSA,9,N,N,55.0,3.0,58.0,2026-02-19,bin,False,True,PSA,9.0,457
Derek Jeter 1993 Pinnacle #457 Rookie New York Yankees,$14.99,$1.32,"Sold Feb 18, 2026",edge-6323,New,https://www.ebay.com/itm/358183162843,https://i.ebayimg.com/images/g/Dq8AAeSwUy9pgVHO/s-l500.webp,N,,,N,Y,14.99,1.32,16.31,2026-02-18,bin,True,False,,,457
1993 Pinnacle - 1st Round Draft Pick Derek Jeter #457 (RC),$9.45,$1.32,"Sold Feb 17, 2026",tc_classic_cardboard,New,https://www.ebay.com/itm/366185929066,https://i.ebayimg.com/images/g/-j0AAeSwJilpiMuE/s-l500.webp,N,,,N,Y,9.45,1.32,10.77,2026-02-17,bin,True,False,,,457
1993 Pinnacle #457 Derek Jeter Rookie (RC) Draft Pick SGC 9 Mint!!,$31.00,$5.99,"Sold Feb 17, 2026",gotbaseballcards,New,https://www.ebay.com/itm/397589642491,https://i.ebayimg.com/images/g/IDAAAeSwV2dpijn0/s-l500.webp,Y,SGC,9,Y,N,31.0,5.99,36.99,2026-02-17,auction,False,True,SGC,9.0,457
1993 Derek Jeter Pinnacle Rookie Card #457 - Very Nice!,$19.99,$5.07,"Sold Feb 17, 2026",ripdingers,New,https://www.ebay.com/itm/225516452479,https://i.ebayimg.com/images/g/3koAAOSwvmFggauL/s-l500.webp,N,,,N,N,19.99,5.07,25.06,2026-02-17,bin,False,False,,,457
1993 Pinnacle - 1st Round Draft Pick #457 Derek Jeter Yankees,$9.00,$1.00,"Sold Feb 16, 2026",germanb95,New,https://www.ebay.com/itm/188066205802,https://i.ebayimg.com/images/g/aEkAAeSwSdFpk7R7/s-l500.webp,N,,,N,N,9.0,1.0,10.0,2026-02-16,bin,False,False,,,457
1993 Pinnacle - 1st Round Draft Pick Derek Jeter #457 (RC),$3.99,$1.32,"Sold Feb 16, 2026",jendyl55,New,https://www.ebay.com/itm/147145815967,https://i.ebayimg.com/images/g/GM8AAeSwjZxpikcr/s-l500.webp,N,,,Y,N,3.99,1.32,5.31,2026-02-16,auction,False,False,,,457
1993 Pinnacle 1st Round Draft Pick Derek Jeter #457 Rookie RC HOF,$14.99,$0.00,"Sold Feb 16, 2026",busterpullzcardz,New,https://www.ebay.com/itm/168107455095,https://i.ebayimg.com/images/g/l6YAAeSwiZtpdM-3/s-l500.webp,N,,,N,N,14.99,0.0,14.99,2026-02-16,bin,False,False,,,457
1993 Pinnacle - 1st Round Draft Pick Derek Jeter #457 (RC),$0.99,$5.20,"Sold Feb 16, 2026",camosfinds,New,https://www.ebay.com/itm/177854371157,https://i.ebayimg.com/images/g/YOgAAeSwZJxpjNRl/s-l500.webp,N,,,Y,N,0.99,5.2,6.19,2026-02-16,auction,False,False,,,457
1993 Pinnacle Derek Jeter Rookie RC #457 PSA 9 Mint HOF New York Yankees,$69.99,$5.50,"Sold Feb 16, 2026",gl_sportscards21,New,https://www.ebay.com/itm/326912795434,https://i.ebayimg.com/images/g/T1UAAeSwih9pPuRg/s-l500.webp,Y,PSA,9,N,N,69.99,5.5,75.49,2026-02-16,bin,False,True,PSA,9.0,457
1993 Pinnacle #457 Derek Jeter,$8.00,$1.12,"Sold Feb 16, 2026",scooter_18cards,New,https://www.ebay.com/itm/157680612651,https://i.ebayimg.com/images/g/i6gAAeSwT6hpj6DA/s-l500.webp,N,,,N,Y,8.0,1.12,9.12,2026-02-16,bin,True,False,,,457
1993 Pinnacle #457 - Derek Jeter,$3.99,$1.99,"Sold Feb 15, 2026",rookie-cardboard,New,https://www.ebay.com/itm/389564343830,https://i.ebayimg.com/images/g/YvwAAeSw-3lpeeIR/s-l500.webp,N,,,N,N,3.99,1.99,5.98,2026-02-15,bin,False,False,,,457
1993 Pinnacle: #457 Derek Jeter DP RC NR-MINT,$8.50,$4.95,"Sold Feb 15, 2026",gregmorrismodern,New,https://www.ebay.com/itm/366178928504,https://i.ebayimg.com/images/g/C5UAAeSwy5JphROX/s-l500.webp,N,,,Y,N,8.5,4.95,13.45,2026-02-15,auction,False,False,,,457
1993 Pinnacle Derek Jeter Rookie RC #457 - New York Yankees,$9.95,$1.00,"Sold Feb 15, 2026",fairway_sports_cards,New,https://www.ebay.com/itm/117035554822,https://i.ebayimg.com/images/g/7lAAAeSwSBNpjzjZ/s-l500.webp,N,,,N,Y,9.95,1.0,10.95,2026-02-15,bin,True,False,,,457
1993 Topps Derek Jeter Pinnacle #457 Rookie RC PSA 8 New York Yankees,$26.99,$5.99,"Sold Feb 14, 2026",battleborn78,New,https://www.ebay.com/itm/257360654482,https://i.ebayimg.com/images/g/CtgAAeSwIUVpkMP1/s-l500.webp,Y,PSA,8,N,N,26.99,5.99,32.98,2026-02-14,bin,False,True,PSA,8.0,457
1993 Pinnacle #457 Derek Jeter RC Rookie PSA 9 Mint 03547560,$58.56,$0.00,"Sold Feb 14, 2026",sports-cards-forever,New,https://www.ebay.com/itm/267572042169,https://i.ebayimg.com/images/g/V-QAAeSwkYtpioUZ/s-l500.webp,Y,PSA,9,Y,N,58.56,0.0,58.56,2026-02-14,auction,False,True,PSA,9.0,457
"1993 Pinnacle #457 Derek Jeter Rookie Card RC, New York Yankees BGS 9 Great Subs",$49.99,$4.99,"Sold Feb 14, 2026",battleborn78,New,https://www.ebay.com/itm/257346578013,https://i.ebayimg.com/images/g/7EAAAeSwIkZphNkt/s-l500.webp,Y,BGS,9,N,N,49.99,4.99,54.98,2026-02-14,bin,False,True,BGS,9.0,457
DEREK JETER 1993 PINNACLE #457 ROOKIE RC BGS 8.5 MINT ✨,$38.00,$5.52,"Sold Feb 14, 2026",4cats_wildcards,New,https://www.ebay.com/itm/389450816896,https://i.ebayimg.com/images/g/9-IAAeSwPuhpWaXu/s-l500.webp,Y,BGS,8.5,N,N,38.0,5.52,43.52,2026-02-14,bin,False,True,BGS,8.5,457
Pinnacle 1993 Derek Jeter #457 PSA 8 New York Yankees Rookie Card,$24.24,$8.10,"Sold Feb 13, 2026",polle_da,New,https://www.ebay.com/itm/287140277288,https://i.ebayimg.com/images/g/xnsAAeSwv~Rpj1p6/s-l500.webp,Y,PSA,8,N,N,24.24,8.1,32.34,2026-02-13,bin,False,True,PSA,8.0,457
1993 Pinnacle #457 DEREK JETER Rookie RC PSA 9 MINT New York Yankees,$59.95,$5.50,"Sold Feb 13, 2026",sporhero,New,https://www.ebay.com/itm/366031867343,https://i.ebayimg.com/images/g/qywAAeSw3PFpLgSQ/s-l500.webp,Y,PSA,9,N,N,59.95,5.5,65.45,2026-02-13,bin,False,True,PSA,9.0,457
DEREK JETER 1993 PINNACLE 1ST ROUND DRAFT PICK ROOKIE CARD #457 N.Y. YANKEES,$4.99,$1.25,"Sold Feb 13, 2026",ronkar88,New,https://www.ebay.com/itm/177846807078,https://i.ebayimg.com/images/g/dsEAAeSwLnxpgUiO/s-l500.webp,N,,,Y,N,4.99,1.25,6.24,2026-02-13,auction,False,False,,,457
1993 Pinnacle Derek Jeter Rookie #457 PSA 8 1st Round Draft Pick Yankees,$19.99,$5.45,"Sold Feb 13, 2026",kf_cards97,New,https://www.ebay.com/itm/389585957421,https://i.ebayimg.com/images/g/VEUAAeSwwwtpc4C2/s-l500.webp,Y,PSA,8,Y,N,19.99,5.45,25.44,2026-02-13,auction,False,True,PSA,8.0,457
1993 Pinnacle Derek Jeter Rookie RC #457 Yankees,$10.49,$4.99,"Sold Feb 12, 2026",dcsports87,New,https://www.ebay.com/itm/127671473698,https://i.ebayimg.com/images/g/jS4AAeSw0m9ph2ts/s-l500.webp,N,,,Y,N,10.49,4.99,15.48,2026-02-12,auction,False,False,,,457
1993 Pinnacle Derek Jeter Rookie RC #457 Yankees,$10.50,$4.99,"Sold Feb 11, 2026",dcsports87,New,https://www.ebay.com/itm/376937132237,https://i.ebayimg.com/images/g/-jEAAeSwdQVphYK3/s-l500.webp,N,,,Y,N,10.5,4.99,15.49,2026-02-11,auction,False,False,,,457
Derek Jeter 1993 Pinnacle #457 New York Yankees PSA Graded Near Mint-Mint 8 HOF,$24.49,$7.95,"Sold Feb 11, 2026",marcdalton1986,New,https://www.ebay.com/itm/277717163231,https://i.ebayimg.com/images/g/xIwAAeSwIaRpi8lR/s-l500.webp,Y,PSA,8,N,N,24.49,7.95,32.44,2026-02-11,bin,False,True,PSA,8.0,457
EL.208 Derek Jeter 1993 Pinnacle #457 Rookie RC BGS 8.5,$22.00,$5.50,"Sold Feb 11, 2026",pc_sportscards,New,https://www.ebay.com/itm/157662167660,https://i.ebayimg.com/images/g/608AAeSwQAVphQHv/s-l500.webp,Y,BGS,8.5,Y,N,22.0,5.5,27.5,2026-02-11,auction,False,True,BGS,8.5,457
1993 Pinnacle #457 Derek Jeter New York Yankees RC Rookie HOF SGC 98 GEM 10,$306.51,$5.50,"Sold Feb 10, 2026",probstein123,New,https://www.ebay.com/itm/376929333055,https://i.ebayimg.com/images/g/6-MAAeSw9GFpgnxL/s-l500.webp,Y,SGC,10,Y,N,306.51,5.5,312.01,2026-02-10,auction,False,True,SGC,10.0,457
DEREK JETERS 1993 PINNACLE #457 SGC 8 NMMT RC CENTERED SCRATCH FREE GRADING CASE,$0.99,$0.00,"Sold Feb 10, 2026",7msports,New,https://www.ebay.com/itm/267572753928,https://i.ebayimg.com/images/g/WlgAAeSwgiJpi49j/s-l500.webp,Y,SGC,8,N,Y,0.99,0.0,0.99,2026-02-10,bin,True,True,SGC,8.0,457
1993 Pinnacle 1st Round Draft Pick Derek Jeter #457 SGC 6 Rookie RC HOF,$14.00,$4.99,"Sold Feb 9, 2026",comc_consignment,New,https://www.ebay.com/itm/236626489403,https://i.ebayimg.com/images/g/IDsAAeSwo59pigDY/s-l500.webp,Y,SGC,6,Y,N,14.0,4.99,18.99,2026-02-09,auction,False,True,SGC,6.0,457
1993 PINNACLE #457 DEREK JETER ROOKIE RC PSA 7,$20.00,$5.99,"Sold Feb 9, 2026",psa,New,https://www.ebay.com/itm/117024047928,https://i.ebayimg.com/images/g/nrcAAeSwkYtphyxP/s-l500.webp,Y,PSA,7,N,Y,20.0,5.99,25.99,2026-02-09,bin,True,True,PSA,7.0,457
1993 Pinnacle Derek Jeter Rookie Card #457 1st Round Draft Pick Yankees,$8.42,$1.32,"Sold Feb 9, 2026",bigv2484,New,https://www.ebay.com/itm/267565526591,https://i.ebayimg.com/images/g/poAAAeSwyqhpgVVo/s-l500.webp,N,,,N,Y,8.42,1.32,9.74,2026-02-09,bin,True,False,,,457
1993 Pinnacle 1st Round Draft Pick #457 Derek Jeter Rookie RC Yankees BGS 8,$14.99,$5.00,"Sold Feb 9, 2026",brownsbuckeyefan25,New,https://www.ebay.com/itm/177810816204,https://i.ebayimg.com/images/g/RHsAAeSwLrZpd-kX/s-l500.webp,Y,BGS,8,N,N,14.99,5.0,19.99,2026-02-09,bin,False,True,BGS,8.0,457
1993 Pinnacle #457 - Derek Jeter,$4.99,$1.32,"Sold Feb 8, 2026",lilliepadshobbies,New,https://www.ebay.com/itm/198076951120,https://i.ebayimg.com/images/g/FggAAeSweR9pgnFF/s-l500.webp,N,,,N,Y,4.99,1.32,6.31,2026-02-08,bin,True,False,,,457
Beautiful 1993 Pinnacle Derek Jeter RC 1st Round Draft Picks Yankees #457,$4.25,$4.95,"Sold Feb 8, 2026",krykod_0,New,https://www.ebay.com/itm/358186319896,https://i.ebayimg.com/images/g/qA0AAeSwaNVpfAbf/s-l500.webp,N,,,Y,N,4.25,4.95,9.2,2026-02-08,auction,False,False,,,457
1993 Pinnacle 1st Round Draft Pick Derek Jeter #457 (RC),$25.00,$0.00,"Sold Feb 8, 2026",newportlights,New,https://www.ebay.com/itm/366184719772,https://i.ebayimg.com/images/g/kwkAAeSwWQFpiBnW/s-l500.webp,N,,,N,N,25.0,0.0,25.0,2026-02-08,bin,False,False,,,457
1993 Pinnacle #457 Derek Jeter RC Rookie YANKEES,$3.25,$3.99,"Sold Feb 7, 2026",newyorksports33,New,https://www.ebay.com/itm/147128703456,https://i.ebayimg.com/images/g/1osAAeSwjs1pfnUR/s-l500.webp,N,,,Y,N,3.25,3.99,7.24,2026-02-07,auction,False,False,,,457
Pinnacle 1993 1st Round Draft Pick Derek Jeter #457 Yankees Rookie Baseball Card,$9.96,$1.32,"Sold Feb 7, 2026",drixsportscards,New,https://www.ebay.com/itm/389584268141,https://i.ebayimg.com/images/g/aMwAAeSwiLRphX7f/s-l500.webp,N,,,N,N,9.96,1.32,11.28,2026-02-07,bin,False,False,,,457
1993 Pinnacle: #457 Derek Jeter DP RC NM-MT OR BETTER,$11.51,$4.95,"Sold Feb 6, 2026",gregmorrismodern,New,https://www.ebay.com/itm/366155081235,https://i.ebayimg.com/images/g/iYcAAeSwLnxpeRDo/s-l500.webp,N,,,Y,N,11.51,4.95,16.46,2026-02-06,auction,False,False,,,457
Derek Jeter Lot of 4 Pinnacle Rookie Cards #457,$31.00,$5.07,"Sold Feb 6, 2026",austin8,New,https://www.ebay.com/itm/137004436463,https://i.ebayimg.com/images/g/qsYAAeSwu2Rpf2EV/s-l500.webp,N,,,Y,N,31.0,5.07,36.07,2026-02-06,auction,False,False,,4.0,457
1993 Pinnacle #457 Derek Jeter RC ........SGC....9 MINT,$29.00,$0.00,"Sold Feb 6, 2026",10plus10,New,https://www.ebay.com/itm/277663160620,https://i.ebayimg.com/images/g/mssAAeSwW9VpfAVD/s-l500.webp,Y,SGC,9,Y,N,29.0,0.0,29.0,2026-02-06,auction,False,True,SGC,9.0,457
1993 Derek Jeter Pinnacle 457 Rookie Card,$34.99,$7.95,"Sold Feb 5, 2026",jimmybscards,New,https://www.ebay.com/itm/336373722407,https://i.ebayimg.com/images/g/FS4AAeSwYHZpWaCy/s-l500.webp,N,,,N,Y,34.99,7.95,42.94,2026-02-05,bin,True,False,,,457
1993 PINNACLE #457 DEREK JETER ROOKIE RC CLEAN Card,$29.99,$5.89,"Sold Feb 5, 2026",nanasdugout,New,https://www.ebay.com/itm/406663645959,https://i.ebayimg.com/images/g/uokAAeSwm71pTwHt/s-l500.webp,N,,,N,Y,29.99,5.89,35.88,2026-02-05,bin,True,False,,,457
1993 Pinnacle #457 Derek Jeter RC PSA 9,$69.00,$5.30,"Sold Feb 5, 2026",rustingbolts,New,https://www.ebay.com/itm/314838054042,https://i.ebayimg.com/images/g/jEEAAOSw4~JlEvfa/s-l500.webp,Y,PSA,9,N,N,69.0,5.3,74.3,2026-02-05,bin,False,True,PSA,9.0,457
1993 Pinnacle #457 - Derek Jeter RC Yankees,$5.00,$1.32,"Sold Feb 5, 2026",houmo-150,New,https://www.ebay.com/itm/397572638661,https://i.ebayimg.com/images/g/fGcAAeSwdcZphCmV/s-l500.webp,N,,,N,N,5.0,1.32,6.32,2026-02-05,bin,False,False,,,457
1993 Pinnacle #457 Derek Jeter RC Rookie YANKEES,$9.50,$5.75,"Sold Feb 4, 2026",hoodyscollectibles,New,https://www.ebay.com/itm/136994046054,https://i.ebayimg.com/images/g/D0IAAeSwKJlpesIZ/s-l500.webp,N,,,Y,N,9.5,5.75,15.25,2026-02-04,auction,False,False,,,457
1993 Pinnacle Derek Jeter 457 PSA 9,$67.49,$0.00,"Sold Feb 4, 2026",duffy0319845,New,https://www.ebay.com/itm/336359442243,https://i.ebayimg.com/images/g/wroAAeSwx~1pTHdu/s-l500.webp,Y,PSA,9,N,N,67.49,0.0,67.49,2026-02-04,bin,False,True,PSA,9.0,457
1993 PINNACLE DEREK JETER #457 NY YANKEES NM-MT RC ROOKIE,$17.50,$1.35,"Sold Feb 4, 2026",ct_trading_card_connection_2005,New,https://www.ebay.com/itm/325934909907,https://i.ebayimg.com/images/g/5I4AAOSwC7FlgaN8/s-l500.webp,N,,,N,N,17.5,1.35,18.85,2026-02-04,bin,False,False,,,457
1993 Pinnacle - 1st Round Draft Pick Derek Jeter #457 (RC) PSA 9 Mint,$52.55,$5.99,"Sold Feb 4, 2026",pappas8622,New,https://www.ebay.com/itm/188002488343,https://i.ebayimg.com/images/g/LdUAAeSwU~Bpelmm/s-l500.webp,Y,PSA,9,Y,N,52.55,5.99,58.54,2026-02-04,auction,False,True,PSA,9.0,457
1993 Pinnacle Derek Jeter 457 PSA 9,$67.49,$0.00,"Sold Feb 4, 2026",duffy0319845,New,https://www.ebay.com/itm/336359435798,https://i.ebayimg.com/images/g/pHEAAeSw4cVpTHYO/s-l500.webp,Y,PSA,9,N,N,67.49,0.0,67.49,2026-02-04,bin,False,True,PSA,9.0,457
1993 Pinnacle - 1st Round Draft Pick Derek Jeter #457 (RC),$610.00,$5.29,"Sold Feb 4, 2026",de-61490266,New,https://www.ebay.com/itm/406647304277,https://i.ebayimg.com/images/g/x4wAAeSwjrhpehsI/s-l500.webp,N,,,Y,N,610.0,5.29,615.29,2026-02-04,auction,False,False,,,457
1993 PINNACLE #457 Derek Jeter Rookie Card PSA 9 MINT New York Yankees HOF,$59.99,$5.99,"Sold Feb 3, 2026",taga6253,New,https://www.ebay.com/itm/227186475849,https://i.ebayimg.com/images/g/DgwAAeSw9aBpdAnT/s-l500.webp,Y,PSA,9,N,N,59.99,5.99,65.98,2026-02-03,bin,False,True,PSA,9.0,457
1993 Pinnacle #457 Derek Jeter BASEBALL New York Yankees CSG 8.5,$20.00,$4.99,"Sold Feb 3, 2026",dreamzsportscards,New,https://www.ebay.com/itm/376768931933,https://i.ebayimg.com/images/g/yXUAAeSw6whpNxts/s-l500.webp,Y,CSG,8.5,N,N,20.0,4.99,24.99,2026-02-03,bin,False,True,CSG,8.5,457
1993 Pinnacle - 1st Round Draft Pick Derek Jeter #457 (RC),$4.25,$1.32,"Sold Feb 3, 2026",gotemdealz,New,https://www.ebay.com/itm/287104106236,https://i.ebayimg.com/images/g/QNgAAeSwcsxpeOyZ/s-l500.webp,N,,,Y,N,4.25,1.32,5.57,2026-02-03,auction,False,False,,,457
1993 Pinnacle #457 Derek Jeter New York Yankees RC Rookie HOF PSA 9 MINT,$54.00,$5.50,"Sold Feb 2, 2026",probstein123,New,https://www.ebay.com/itm/389542084075,https://i.ebayimg.com/images/g/WCoAAeSwhd9pd61~/s-l500.webp,Y,PSA,9,Y,N,54.0,5.5,59.5,2026-02-02,auction,False,True,PSA,9.0,457
1993 Pinnacle - 1st Round Draft Pick Derek Jeter #457 (RC),$9.00,$1.32,"Sold Feb 1, 2026",rytes1545,New,https://www.ebay.com/itm/317830410135,https://i.ebayimg.com/images/g/dRYAAeSwashpf~sH/s-l500.webp,N,,,N,Y,9.0,1.32,10.32,2026-02-01,bin,True,False,,,457
1993 Pinnacle - 1st Round Draft Pick Derek Jeter #457 (RC),$4.99,$1.32,"Sold Feb 1, 2026",goatcards334,New,https://www.ebay.com/itm/376921443143,https://i.ebayimg.com/images/g/RZIAAeSwzXFpf0dY/s-l500.webp,N,,,N,N,4.99,1.32,6.31,2026-02-01,bin,False,False,,,457
1993 Pinnacle Baseball #457 Derek Jeter Rookie RC,$6.99,$1.32,"Sold Feb 1, 2026",jennhandric_0,New,https://www.ebay.com/itm/389562191787,https://i.ebayimg.com/images/g/WrcAAeSwIkZpflpM/s-l500.webp,N,,,N,N,6.99,1.32,8.31,2026-02-01,bin,False,False,,,457
1993 Pinnacle #457 Derek Jeter RC,$19.99,$2.95,"Sold Jan 31, 2026",wiser,New,https://www.ebay.com/itm/126784610214,https://i.ebayimg.com/images/g/hrkAAOSwOgRnOl7j/s-l500.webp,N,,,N,N,19.99,2.95,22.94,2026-01-31,bin,False,False,,,457
1993 Pinnacle Derek Jeter Rookie #457 BGS 9.5 GEM MINT 💎 10 Centering,$425.00,$0.00,"Sold Jan 31, 2026",sticks_and_slabs,New,https://www.ebay.com/itm/286868570408,https://i.ebayimg.com/images/g/hHkAAeSw~ado6GPH/s-l500.webp,Y,BGS,9.5,N,Y,425.0,0.0,425.0,2026-01-31,bin,True,True,BGS,9.5,457
DEREK JETER 1993 Pinnacle #457 Rookie RC,$25.49,$0.00,"Sold Jan 31, 2026",raynorshine34,New,https://www.ebay.com/itm/267125344864,https://i.ebayimg.com/images/g/UDwAAOSwQPtnhwrU/s-l500.webp,N,,,N,N,25.49,0.0,25.49,2026-01-31,bin,False,False,,,457
1993 Pinnacle #457 Derek Jeter New York Yankees Rookie Rc 1st Round Draft Pick,$14.84,$0.74,"Sold Jan 31, 2026",continuumplay,New,https://www.ebay.com/itm/406606089242,https://i.ebayimg.com/images/g/Q0IAAeSwFHhpap-Y/s-l500.webp,N,,,N,N,14.84,0.74,15.58,2026-01-31,bin,False,False,,,457
1993 Derek Jeter Pinnacle #457 1st Round Draft Pick,$12.99,$5.00,"Sold Jan 31, 2026",hit620fire732,New,https://www.ebay.com/itm/146696735758,https://i.ebayimg.com/images/g/i9kAAeSw-W5obT8H/s-l500.webp,N,,,N,N,12.99,5.0,17.99,2026-01-31,bin,False,False,,,457
Derek Jeter 1993 Pinnacle #457 Rookie New York Yankees,$14.99,$1.32,"Sold Jan 31, 2026",edge-6323,New,https://www.ebay.com/itm/358163440256,https://i.ebayimg.com/images/g/LjcAAeSw8A5peXS8/s-l500.webp,N,,,N,Y,14.99,1.32,16.31,2026-01-31,bin,True,False,,,457
1993 Pinnacle Derek Jeter First Round Draft Pick #457,$4.01,$12.13,"Sold Jan 31, 2026",shut-andre,New,https://www.ebay.com/itm/267556017605,https://i.ebayimg.com/images/g/SOIAAeSwVvNpdQLv/s-l500.webp,N,,,Y,N,4.01,12.13,16.14,2026-01-31,auction,False,False,,,457
1993 Pinnacle #457 Derek Jeter New York Yankees RC Rookie HOF BGS 9.5,$274.99,$0.00,"Sold Jan 30, 2026",ozarkmountaincollectibles,New,https://www.ebay.com/itm/277561144840,https://i.ebayimg.com/images/g/b-oAAeSwHb5pNPu1/s-l500.webp,Y,BGS,9.5,N,Y,274.99,0.0,274.99,2026-01-30,bin,True,True,BGS,9.5,457
1993 Pinnacle #457 Derek Jeter ROOKIE Yankees,$9.99,$1.50,"Sold Jan 30, 2026",dugan1,New,https://www.ebay.com/itm/297960310140,https://i.ebayimg.com/images/g/iHsAAeSwWyNo8xZQ/s-l500.webp,N,,,N,N,9.99,1.5,11.49,2026-01-30,bin,False,False,,,457
Derek Jeter 1993 Pinnacle #457 lot of 2 | 07 | BB,$14.00,$1.00,"Sold Jan 30, 2026",ukwed92,New,https://www.ebay.com/itm/236559431260,https://i.ebayimg.com/images/g/DGwAAeSwUzJpVqS~/s-l500.webp,N,,,N,N,14.0,1.0,15.0,2026-01-30,bin,False,False,,2.0,457
1993 Pinnacle - 1st Round Draft Pick Derek Jeter #457 (RC),$24.74,$0.00,"Sold Jan 29, 2026",blueridgecardshop,New,https://www.ebay.com/itm/257335835662,https://i.ebayimg.com/images/g/LU4AAeSwT7ppe-be/s-l500.webp,N,,,N,Y,24.74,0.0,24.74,2026-01-29,bin,True,False,,,457
1993 Pinnacle Baseball #457 Derek Jeter Rookie RC,$8.94,$5.00,"Sold Jan 29, 2026",tntnorthnj,New,https://www.ebay.com/itm/366142011854,https://i.ebayimg.com/images/g/abgAAeSw6B9pcb5V/s-l500.webp,N,,,Y,N,8.94,5.0,13.94,2026-01-29,auction,False,False,,,457
1993 Pinnacle - 1st Round Draft Pick Derek Jeter #457 (RC),$8.19,$1.32,"Sold Jan 28, 2026",rytes1545,New,https://www.ebay.com/itm/317807272425,https://i.ebayimg.com/images/g/bIUAAeSwgsVpeCvN/s-l500.webp,N,,,N,N,8.19,1.32,9.51,2026-01-28,bin,False,False,,,457
1993 Pinnacle Derek Jeter Rookie RC #457 Yankees,$14.06,$4.99,"Sold Jan 28, 2026",dcsports87,New,https://www.ebay.com/itm/376884108216,https://i.ebayimg.com/images/g/qU4AAeSwaxNpcRij/s-l500.webp,N,,,Y,N,14.06,4.99,19.05,2026-01-28,auction,False,False,,,457
1993 Pinnacle Derek Jeter 1st Round Draft Pick #457 (RC),$19.99,$1.32,"Sold Jan 28, 2026",yncera8_2012,New,https://www.ebay.com/itm/115931771169,https://i.ebayimg.com/images/g/A3wAAOSwyvFlG8Bm/s-l500.webp,N,,,N,Y,19.99,1.32,21.31,2026-01-28,bin,True,False,,,457
1993 Pinnacle Derek Jeter RC #457 Yankees,$12.99,$0.00,"Sold Jan 27, 2026",diggzys,New,https://www.ebay.com/itm/389547691857,https://i.ebayimg.com/images/g/SZ4AAeSwO0RpeV8u/s-l500.webp,N,,,N,Y,12.99,0.0,12.99,2026-01-27,bin,True,False,,,457
1993 Pinnacle 1st Round Draft Pick Derek Jeter #457 (RC) Corners Not Perfect.,$10.50,$1.95,"Sold Jan 27, 2026",ecwcaps,New,https://www.ebay.com/itm/306726242712,https://i.ebayimg.com/images/g/5DsAAeSw~gBpcuMK/s-l500.webp,N,,,Y,N,10.5,1.95,12.45,2026-01-27,auction,False,False,,,457
1993 Pinnacle - 1st Round Draft Pick Derek Jeter #457 (RC),$9.75,$1.32,"Sold Jan 27, 2026",bobo_baggins_bargains,New,https://www.ebay.com/itm/236602284648,https://i.ebayimg.com/images/g/qvwAAeSwBk1pd4a6/s-l500.webp,N,,,N,N,9.75,1.32,11.07,2026-01-27,bin,False,False,,,457
1993 Pinnacle - 1st Round Draft Pick Derek Jeter #457 (RC),$230.12,$5.29,"Sold Jan 27, 2026",skins20,New,https://www.ebay.com/itm/397509148373,https://i.ebayimg.com/images/g/qKgAAeSwURlpRMQ5/s-l500.webp,N,,,N,N,230.12,5.29,235.41,2026-01-27,bin,False,False,,,457
1993 Pinnacle #457 Derek Jeter RC Rookie YANKEES HOF,$10.38,$5.75,"Sold Jan 26, 2026",hoodyscollectibles,New,https://www.ebay.com/itm/136956206568,https://i.ebayimg.com/images/g/pzIAAeSw28NpawYh/s-l500.webp,N,,,Y,N,10.38,5.75,16.13,2026-01-26,auction,False,False,,,457
1993 PINNACLE DEREK JETER ROOKIE CARD CSG MINT 9 (011),$19.97,$5.99,"Sold Jan 26, 2026",bbcforu,New,https://www.ebay.com/itm/187969113350,https://i.ebayimg.com/images/g/5V4AAeSwWvdpOJ1u/s-l500.webp,Y,CSG,9,Y,N,19.97,5.99,25.96,2026-01-26,auction,False,True,CSG,9.0,011
1993 PINNACLE #457 DEREK JETER ROOKIE RC PSA 10,$609.50,$5.99,"Sold Jan 26, 2026",psa,New,https://www.ebay.com/itm/306718722556,https://i.ebayimg.com/images/g/tREAAeSwySZpbZFX/s-l500.webp,Y,PSA,10,Y,N,609.5,5.99,615.49,2026-01-26,auction,False,True,PSA,10.0,457
1993 PINNACLE Derek Jeter Mint RC #457 PSA 9,$62.95,$0.00,"Sold Jan 26, 2026",bourbonbeltcards,New,https://www.ebay.com/itm/168079376399,https://i.ebayimg.com/images/g/WxMAAeSw0RxpZkPS/s-l500.webp,Y,PSA,9,N,N,62.95,0.0,62.95,2026-01-26,bin,False,True,PSA,9.0,457
1993 Pinnacle - 1st Round Draft Pick Derek Jeter #457 (RC),$11.50,$0.74,"Sold Jan 26, 2026",sportscards2000,New,https://www.ebay.com/itm/168094755600,https://i.ebayimg.com/images/g/I6UAAeSwuWxoyuCB/s-l500.webp,N,,,Y,N,11.5,0.74,12.24,2026-01-26,auction,False,False,,,457
Derek Jeter 1993 Pinnacle Baseball Card #457 ROOKIE RC SHARP Yankees The Captain,$10.27,$1.25,"Sold Jan 25, 2026",cardsandcollectibles03,New,https://www.ebay.com/itm/406621933145,https://i.ebayimg.com/images/g/MGoAAeSwivJpcDIA/s-l500.webp,N,,,Y,N,10.27,1.25,11.52,2026-01-25,auction,False,False,,,457
1993 Score: #457 Derek Jeter RC EX-EXMINT,$7.00,$4.95,"Sold Jan 25, 2026",gregmorrismodern,New,https://www.ebay.com/itm/366127351766,https://i.ebayimg.com/images/g/BA0AAeSwIwVpaS-X/s-l500.webp,N,,,Y,N,7.0,4.95,11.95,2026-01-25,auction,False,False,,,457
1993 Pinnacle - 1st Round Draft Pick Derek Jeter #457 (RC) MINT+,$10.99,$1.75,"Sold Jan 26, 2026",z3tonyrd,New,https://www.ebay.com/itm/146954029993,https://i.ebayimg.com/images/g/ctgAAeSwAehpEiKe/s-l500.webp,N,,,N,Y,10.99,1.75,12.74,2026-01-26,bin,True,False,,,457
1993 Score- Pinnacle: 1st Round Draft Pick Derek Jeter Card #457,$4.00,$1.32,"Sold Jan 25, 2026",kopycinski_cards,New,https://www.ebay.com/itm/168092541885,https://i.ebayimg.com/images/g/ePIAAeSwIRdpbTgm/s-l500.webp,N,,,Y,N,4.0,1.32,5.32,2026-01-25,auction,False,False,,,457
1993 Pinnacle Derek Jeter PSA 9,$60.00,$0.00,"Sold Jan 25, 2026",jimscorktownvintage,New,https://www.ebay.com/itm/177807221440,https://i.ebayimg.com/images/g/U~wAAeSw~gBpdkPQ/s-l500.webp,Y,PSA,9,N,Y,60.0,0.0,60.0,2026-01-25,bin,True,True,PSA,9.0,
Derek Jeter 1993 Score Pinnacle ROOKIE #457 New York Yankees,$10.00,$0.00,"Sold Jan 25, 2026",carpe2394,New,https://www.ebay.com/itm/257317436745,https://i.ebayimg.com/images/g/dOIAAeSwyo1pbmmO/s-l500.webp,N,,,N,N,10.0,0.0,10.0,2026-01-25,bin,False,False,,,457
DEREK JETER 1993 Score Pinnacle 1st ROOKIE Card #457 NY Yankees HOF MINT RC,$9.95,$0.74,"Sold Jan 24, 2026",jpassey,New,https://www.ebay.com/itm/326969294113,https://i.ebayimg.com/images/g/TckAAeSwc91pdT2t/s-l500.webp,N,,,N,N,9.95,0.74,10.69,2026-01-24,bin,False,False,,,457
1993 Score: #457 Derek Jeter RC EX-EXMINT,$3.25,$4.95,"Sold Jan 24, 2026",gregmorrismodern,New,https://www.ebay.com/itm/366124628216,https://i.ebayimg.com/images/g/xLgAAeSwhodpZ94D/s-l500.webp,N,,,Y,N,3.25,4.95,8.2,2026-01-24,auction,False,False,,,457
1993 Pinnacle #457 Derek Jeter ex-exmt,$5.50,$0.74,"Sold Jan 24, 2026",mlcarlan2012,New,https://www.ebay.com/itm/287082559263,https://i.ebayimg.com/images/g/5KgAAeSw8TNpas7E/s-l500.webp,N,,,Y,N,5.5,0.74,6.24,2026-01-24,auction,False,False,,,457
1993 Pinnacle #457 Derek Jeter Yankees RC Rookie HOF PSA 8 NM-MT,$22.50,$5.95,"Sold Jan 23, 2026",coresclassics6t25,New,https://www.ebay.com/itm/317772186802,https://i.ebayimg.com/images/g/0qoAAeSwYIppYUym/s-l500.webp,Y,PSA,8,Y,N,22.5,5.95,28.45,2026-01-23,auction,False,True,PSA,8.0,457
1993 Pinnacle - 1st Round Draft Pick Derek Jeter #457 (RC),$7.00,$1.32,"Sold Jan 23, 2026",collectablecardsxothercoolstuff,New,https://www.ebay.com/itm/366129972147,https://i.ebayimg.com/images/g/FK0AAeSwtA9paqRw/s-l500.webp,N,,,Y,N,7.0,1.32,8.32,2026-01-23,auction,False,False,,,457
1993 Pinnacle 1st Round Draft Pick Derek Jeter #457 (RC),$9.99,$1.32,"Sold Jan 23, 2026",hu923190,New,https://www.ebay.com/itm/306710749554,https://i.ebayimg.com/images/g/G6kAAeSwA11pZ8hX/s-l500.webp,N,,,N,N,9.99,1.32,11.31,2026-01-23,bin,False,False,,,457
1993 Pinnacle Derek Jeter #457 PSA 10 GEM MINT Rookie Card HOF Yankees,$655.99,$6.00,"Sold Jan 22, 2026",toprightcollectibles,New,https://www.ebay.com/itm/205994798514,https://i.ebayimg.com/images/g/Mx0AAeSwR2lpZa8o/s-l500.webp,Y,PSA,10,Y,N,655.99,6.0,661.99,2026-01-22,auction,False,True,PSA,10.0,457
1993 Pinnacle Baseball #457 Derek Jeter Rookie RC,$8.50,$5.00,"Sold Jan 22, 2026",tntnorthnj,New,https://www.ebay.com/itm/376860278613,https://i.ebayimg.com/images/g/yloAAeSwAF9pZdnj/s-l500.webp,N,,,Y,N,8.5,5.0,13.5,2026-01-22,auction,False,False,,,457
1993 Pinnacle 1st Round Draft Pick Derek Jeter #457 HOF 3ud,$9.16,$2.99,"Sold Jan 21, 2026",comc_consignment,New,https://www.ebay.com/itm/336371145609,https://i.ebayimg.com/images/g/mNUAAeSwo~RpV0a8/s-l500.webp,N,,,N,N,9.16,2.99,12.15,2026-01-21,bin,False,False,,,457
1993 Pinnacle Derek Jeter RC 1st Round Draft Picks Yankees #457,$3.25,$5.99,"Sold Jan 21, 2026",5_star_cards,New,https://www.ebay.com/itm/257308908747,https://i.ebayimg.com/images/g/-jMAAeSwOvlpZ-4R/s-l500.webp,N,,,Y,N,3.25,5.99,9.24,2026-01-21,auction,False,False,,,457
1993 Pinnacle Derek Jeter Rookie RC #457 Yankees PSA 8,$28.51,$4.99,"Sold Jan 21, 2026",dcsports87,New,https://www.ebay.com/itm/127627994921,https://i.ebayimg.com/images/g/K14AAeSwrBhpao9-/s-l500.webp,Y,PSA,8,Y,N,28.51,4.99,33.5,2026-01-21,auction,False,True,PSA,8.0,457
1993 Pinnacle Derek Jeter PSA 8 #457,$26.99,$5.89,"Sold Jan 21, 2026",dyku-2708,New,https://www.ebay.com/itm/168049981207,https://i.ebayimg.com/images/g/Ua0AAeSwfOJpMh6e/s-l500.webp,Y,PSA,8,N,N,26.99,5.89,32.88,2026-01-21,bin,False,True,PSA,8.0,457
Derek Jeter PSA Lot - 1993 Topps #98 93 Pinnacle #457 + 2 Rookie Cards Mint,$75.00,$7.95,"Sold Jan 21, 2026",j_lcollectibles,New,https://www.ebay.com/itm/177791576036,https://i.ebayimg.com/images/g/sbUAAeSw0OFocN~M/s-l500.webp,Y,PSA,2,N,N,75.0,7.95,82.95,2026-01-21,bin,False,True,PSA,2.0,98
1993 Pinnacle #457 Derek Jeter BASEBALL New York Yankees,$15.00,$0.00,"Sold Jan 20, 2026",dellcards,New,https://www.ebay.com/itm/197840427229,https://i.ebayimg.com/images/g/TwkAAeSwV9NpDxff/s-l500.webp,N,,,N,N,15.0,0.0,15.0,2026-01-20,bin,False,False,,,457
1993 Pinnacle #457 Derek Jeter *PSA 6 EX-MT* Cert.#48865563 Baseball Card,$10.00,$6.00,"Sold Jan 20, 2026",rwgspan,New,https://www.ebay.com/itm/114763568760,https://i.ebayimg.com/images/g/ffoAAOSwuWVgdHWG/s-l500.webp,Y,PSA,6,N,N,10.0,6.0,16.0,2026-01-20,bin,False,True,PSA,6.0,457
1993 Pinnacle #457 Derek Jeter Rookie Card HOF. PSA 8 NM-MT,$25.00,$4.85,"Sold Jan 20, 2026",firstmag,New,https://www.ebay.com/itm/167484765326,https://i.ebayimg.com/images/g/xxsAAeSwOTBoEXkZ/s-l500.webp,Y,PSA,8,N,N,25.0,4.85,29.85,2026-01-20,bin,False,True,PSA,8.0,457
1993 Pinnacle #457 Derek Jeter New York Yankees 1st Round Draft,$4.01,$8.74,"Sold Jan 20, 2026",ryhune,New,https://www.ebay.com/itm/326954662495,https://i.ebayimg.com/images/g/saQAAeSwkZZpZtl5/s-l500.webp,N,,,Y,N,4.01,8.74,12.75,2026-01-20,auction,False,False,,,457
1993 Pinnacle - 1st Round Draft Pick Derek Jeter #457 (RC) PSA 9 Mint,$50.06,$5.99,"Sold Jan 20, 2026",pappas8622,New,https://www.ebay.com/itm/187949724716,https://i.ebayimg.com/images/g/EesAAeSwM7RpZuD1/s-l500.webp,Y,PSA,9,Y,N,50.06,5.99,56.05,2026-01-20,auction,False,True,PSA,9.0,457
DEREK JETER 1993 PINNACLE CARD #457,$6.50,$2.00,"Sold Jan 20, 2026",jiggster15,New,https://www.ebay.com/itm/187948427335,https://i.ebayimg.com/images/g/Ag0AAeSwknRpZma0/s-l500.webp,N,,,Y,N,6.5,2.0,8.5,2026-01-20,auction,False,False,,,457
Derek Jeter 1993 Score ROOKIE #457 New York Yankees,$8.00,$1.50,"Sold Jan 20, 2026",kardman11,New,https://www.ebay.com/itm/127612414074,https://i.ebayimg.com/images/g/23EAAeSwl29pYDSE/s-l500.webp,N,,,N,Y,8.0,1.5,9.5,2026-01-20,bin,True,False,,,457
1993 Pinnacle 1st Round Draft Pick Derek Jeter #457 Rookie RC HOF,$11.99,$1.32,"Sold Jan 19, 2026",luckettslion,New,https://www.ebay.com/itm/197824117295,https://i.ebayimg.com/images/g/L3wAAeSwMYBpB3R5/s-l500.webp,N,,,N,N,11.99,1.32,13.31,2026-01-19,bin,False,False,,,457
1993 Pinnacle Derek Jeter Rookie Draft Pick! PSA 9! New York Yankees! #457,$50.00,$7.95,"Sold Jan 19, 2026",thewolfof-32,New,https://www.ebay.com/itm/136960183514,https://i.ebayimg.com/images/g/80cAAeSwm6VpbTop/s-l500.webp,Y,PSA,9,N,N,50.0,7.95,57.95,2026-01-19,bin,False,True,PSA,9.0,457
DEREK JETER Oddball Insert & Regular issue YANKEES Baseball YOU CHOOSE,$1.00,$1.25,"Sold Jan 19, 2026",thogalas-0,New,https://www.ebay.com/itm/353713709816,https://i.ebayimg.com/images/g/7HcAAOSwXPJhYEpy/s-l500.webp,N,,,N,N,1.0,1.25,2.25,2026-01-19,bin,False,False,,,
1993 Pinnacle - 1st Round Draft Pick Derek Jeter #457 (RC),$8.99,$0.00,"Sold Jan 18, 2026",jbeasley4205,New,https://www.ebay.com/itm/277657921628,https://i.ebayimg.com/images/g/wCkAAeSwy8VpbVj4/s-l500.webp,N,,,N,N,8.99,0.0,8.99,2026-01-18,bin,False,False,,,457
1993 Pinnacle - 1st Round Draft Pick Derek Jeter #457 (RC),$9.97,$1.32,"Sold Jan 18, 2026",grasscat_37,New,https://www.ebay.com/itm/366133672953,https://i.ebayimg.com/images/g/yBUAAeSwJaZpbQ0K/s-l500.webp,N,,,N,Y,9.97,1.32,11.29,2026-01-18,bin,True,False,,,457
1993 Pinnacle 1st Round Draft Pick Derek Jeter #457 Baseball Card,$12.88,$0.00,"Sold Jan 18, 2026",gargal68,New,https://www.ebay.com/itm/366031453670,https://i.ebayimg.com/images/g/MqAAAeSwtGxpLcSf/s-l500.webp,N,,,N,Y,12.88,0.0,12.88,2026-01-18,bin,True,False,,,457
1993 Pinnacle - 1st Round Draft Pick Derek Jeter #457 (RC),$10.50,$1.32,"Sold Jan 18, 2026",smittyc-26,New,https://www.ebay.com/itm/397491697455,https://i.ebayimg.com/images/g/jkIAAeSwZbFpZngg/s-l500.webp,N,,,Y,N,10.5,1.32,11.82,2026-01-18,auction,False,False,,,457
1993 PINNACLE #457 DEREK JETER ROOKIE RC PSA 7,$15.11,$5.99,"Sold Jan 17, 2026",psa,New,https://www.ebay.com/itm/116973928874,https://i.ebayimg.com/images/g/CjgAAeSwBU9pYQ-b/s-l500.webp,Y,PSA,7,Y,N,15.11,5.99,21.1,2026-01-17,auction,False,True,PSA,7.0,457
1993 Pinnacle - 1st Round Draft Pick Derek Jeter #457 (RC),$4.99,$0.00,"Sold Jan 17, 2026",jbeasley4205,New,https://www.ebay.com/itm/287081127123,https://i.ebayimg.com/images/g/1AoAAeSwJaZpa0SA/s-l500.webp,N,,,N,N,4.99,0.0,4.99,2026-01-17,bin,False,False,,,457
1993 Pinnacle Derek Jeter PSA 6 #457,$12.50,$4.85,"Sold Jan 17, 2026",firstmag,New,https://www.ebay.com/itm/167484730983,https://i.ebayimg.com/images/g/sZEAAeSwHztoEXLl/s-l500.webp,Y,PSA,6,N,N,12.5,4.85,17.35,2026-01-17,bin,False,True,PSA,6.0,457
1993 Pinnacle #457 Derek Jeter Rookie RC New York Yankees (HOF) PSA 9 MINT,$59.99,$4.50,"Sold Jan 17, 2026",metrowax,New,https://www.ebay.com/itm/236538101637,https://i.ebayimg.com/images/g/dcoAAeSwuEVpR0Ha/s-l500.webp,Y,PSA,9,N,N,59.99,4.5,64.49,2026-01-17,bin,False,True,PSA,9.0,457
1993 Pinnacle 1st Round Draft Pick Rookie Derek Jeter - New York Yankees #457,$10.00,$1.32,"Sold Jan 17, 2026",izapot0,New,https://www.ebay.com/itm/147097427175,https://i.ebayimg.com/images/g/I1AAAeSwiE5parmP/s-l500.webp,N,,,N,N,10.0,1.32,11.32,2026-01-17,bin,False,False,,,457
1993 Pinnacle 1st Round Draft Pick Rookie Derek Jeter - New York Yankees #457,$10.00,$1.32,"Sold Jan 16, 2026",trev_cards,New,https://www.ebay.com/itm/406571669770,https://i.ebayimg.com/images/g/NB8AAeSwYO1pYCQk/s-l500.webp,N,,,N,Y,10.0,1.32,11.32,2026-01-16,bin,True,False,,,457
1993 Pinnacle 1st Round Draft Pick Rookie Derek Jeter #457 (RC) BGS 9 MINT,$68.95,$5.45,"Sold Jan 16, 2026",burkholdercandc,New,https://www.ebay.com/itm/256978378095,https://i.ebayimg.com/images/g/UR4AAOSwOp1oUCMC/s-l500.webp,Y,BGS,9,N,N,68.95,5.45,74.4,2026-01-16,bin,False,True,BGS,9.0,457
1993 Pinnacle - 1st Round Draft Pick Derek Jeter #457 (RC),$14.00,$1.32,"Sold Jan 15, 2026",collectablecardsxothercoolstuff,New,https://www.ebay.com/itm/366110976362,https://i.ebayimg.com/images/g/lpAAAeSwRaxpYChr/s-l500.webp,N,,,Y,N,14.0,1.32,15.32,2026-01-15,auction,False,False,,,457
1993 Pinnacle #457 Derek Jeter,$10.99,$1.32,"Sold Jan 15, 2026",waters_edge98,New,https://www.ebay.com/itm/336348618236,https://i.ebayimg.com/images/g/o3UAAeSw1bBpQyO5/s-l500.webp,N,,,N,N,10.99,1.32,12.31,2026-01-15,bin,False,False,,,457
Derek Jeter 1993 Pinnacle 1st Round RC Rookie #457 PSA 8 Yankees,$27.00,$5.52,"Sold Jan 14, 2026",ntxcardbros,New,https://www.ebay.com/itm/326853756074,https://i.ebayimg.com/images/g/ROUAAeSwKTVpDlFy/s-l500.webp,Y,PSA,8,N,N,27.0,5.52,32.52,2026-01-14,bin,False,True,PSA,8.0,457
1993 PINNACLE #457 DEREK JETER - Rookie Card - PSA 8 NM-MINT - HOF- NY Yankees,$25.00,$6.80,"Sold Jan 14, 2026",cubsfanforever,New,https://www.ebay.com/itm/317625697378,https://i.ebayimg.com/images/g/XSMAAeSwCyppMkiA/s-l500.webp,Y,PSA,8,N,N,25.0,6.8,31.8,2026-01-14,bin,False,True,PSA,8.0,457
1993 PINNACLE #457 DEREK JETER ROOKIE RC PSA 8,$24.99,$5.99,"Sold Jan 14, 2026",psa,New,https://www.ebay.com/itm/306664087913,https://i.ebayimg.com/images/g/GdQAAeSwb-lpQ~It/s-l500.webp,Y,PSA,8,N,Y,24.99,5.99,30.98,2026-01-14,bin,True,True,PSA,8.0,457
1993 Pinnacle Derek Jeter Rookie RC #457 Yankees SGC 9.5,$122.00,$4.99,"Sold Jan 14, 2026",dcsports87,New,https://www.ebay.com/itm/127614125916,https://i.ebayimg.com/images/g/XdYAAeSwAKRpYWC3/s-l500.webp,Y,SGC,9.5,Y,N,122.0,4.99,126.99,2026-01-14,auction,False,True,SGC,9.5,457
1993 Pinnacle #457 Derek Jeter New York Yankees HOF NO RESERVE! MINT,$13.50,$1.50,"Sold Jan 14, 2026",cw-valuecards,New,https://www.ebay.com/itm/187926912839,https://i.ebayimg.com/images/g/bfYAAeSwUdppXwV2/s-l500.webp,N,,,Y,N,13.5,1.5,15.0,2026-01-14,auction,False,False,,,457
1993 Pinnacle - 1st Round Draft Pick Derek Jeter #457 (RC) PSA 9 Mint,$48.55,$5.99,"Sold Jan 14, 2026",pappas8622,New,https://www.ebay.com/itm/187926753208,https://i.ebayimg.com/images/g/xk0AAeSw7slpXvdF/s-l500.webp,Y,PSA,9,Y,N,48.55,5.99,54.54,2026-01-14,auction,False,True,PSA,9.0,457
1996 Pinnacle #171 Derek Jeter RC,$2.00,$0.69,"Sold Jan 13, 2026",f3collectables,New,https://www.ebay.com/itm/389492513278,https://i.ebayimg.com/images/g/15gAAeSwQ19pZwsA/s-l500.webp,N,,,N,N,2.0,0.69,2.69,2026-01-13,bin,False,False,,,171
DEREK JETER Rookie RC - 1993 Pinnacle #457 - 1st Round Draft Pick - Yankees,$9.99,$1.32,"Sold Jan 13, 2026",wendcollec0,New,https://www.ebay.com/itm/187943069679,https://i.ebayimg.com/images/g/OJ0AAeSwhWNpZHux/s-l500.webp,N,,,N,N,9.99,1.32,11.31,2026-01-13,bin,False,False,,,457
1993 Pinnacle Derek Jeter Rookie #457,$13.00,$0.00,"Sold Jan 13, 2026",kcfutures9,New,https://www.ebay.com/itm/167878047524,https://i.ebayimg.com/images/g/z~AAAeSwt51o-VaI/s-l500.webp,N,,,N,N,13.0,0.0,13.0,2026-01-13,bin,False,False,,,457
DEREK JETER 1993 PINNACLE #457 ROOKIE RC PSA 9 MINT ✨,$59.99,$0.00,"Sold Jan 12, 2026",ricgiro0,New,https://www.ebay.com/itm/326910212974,https://i.ebayimg.com/images/g/SVYAAeSw5f9pO8UA/s-l500.webp,Y,PSA,9,N,N,59.99,0.0,59.99,2026-01-12,bin,False,True,PSA,9.0,457
1993 Pinnacle Derek Jeter Rookie RC #457 PSA 8 NM-MT HOF New York Yankees,$29.99,$5.50,"Sold Jan 12, 2026",gl_sportscards21,New,https://www.ebay.com/itm/326904182727,https://i.ebayimg.com/images/g/EcEAAeSwKkFpNkW2/s-l500.webp,Y,PSA,8,N,N,29.99,5.5,35.49,2026-01-12,bin,False,True,PSA,8.0,457
1993 Pinnacle #457 Derek Jeter BASEBALL New York Yankees,$10.00,$2.00,"Sold Jan 11, 2026",andyaap,New,https://www.ebay.com/itm/326940413696,https://i.ebayimg.com/images/g/7l8AAeSwid5pSIgl/s-l500.webp,N,,,N,N,10.0,2.0,12.0,2026-01-11,bin,False,False,,,457
1993 PINNACLE #457 DEREK JETER ROOKIE RC PSA 10,$685.00,$5.52,"Sold Jan 11, 2026",yankeesfan77john,New,https://www.ebay.com/itm/326941826972,https://i.ebayimg.com/images/g/6EwAAeSwiK9pWtp0/s-l500.webp,Y,PSA,10,Y,N,685.0,5.52,690.52,2026-01-11,auction,False,True,PSA,10.0,457
1993 Pinnacle - 1st Round Draft Pick Derek Jeter #457 (RC) SGC 9 MT,$34.99,$5.00,"Sold Jan 11, 2026",whales1,New,https://www.ebay.com/itm/116965470473,https://i.ebayimg.com/images/g/fFIAAeSw~gFpWsqM/s-l500.webp,Y,SGC,9,Y,N,34.99,5.0,39.99,2026-01-11,auction,False,True,SGC,9.0,457
1993 Pinnacle #457 Derek Jeter Yankees RC Rookie,$13.00,$1.32,"Sold Jan 10, 2026",sdecello1992,New,https://www.ebay.com/itm/157409000730,https://i.ebayimg.com/images/g/IVMAAeSwSVRo-Fjj/s-l500.webp,N,,,N,N,13.0,1.32,14.32,2026-01-10,bin,False,False,,,457
1993 Pinnacle - 1st Round Draft Pick Derek Jeter #457 (RC),$50.00,$7.95,"Sold Jan 10, 2026",macbeth62208,New,https://www.ebay.com/itm/336369459252,https://i.ebayimg.com/images/g/vgIAAeSwJMBpVZBK/s-l500.webp,N,,,N,Y,50.0,7.95,57.95,2026-01-10,bin,True,False,,,457
1993 Pinnacle Derek Jeter RC New York Yankees #457,$12.99,$0.99,"Sold Jan 10, 2026",barnes_cards,New,https://www.ebay.com/itm/267532144657,https://i.ebayimg.com/images/g/FfkAAeSwKuppWJdU/s-l500.webp,N,,,N,N,12.99,0.99,13.98,2026-01-10,bin,False,False,,,457
1993 Pinnacle Derek Jeter Rookie RC #457 Yankees BGS 9.5,$162.50,$4.99,"Sold Jan 10, 2026",dcsports87,New,https://www.ebay.com/itm/127606207673,https://i.ebayimg.com/images/g/9Y4AAeSwwTBpXDW3/s-l500.webp,Y,BGS,9.5,Y,N,162.5,4.99,167.49,2026-01-10,auction,False,True,BGS,9.5,457
1993 Pinnacle - 1st Round Draft Pick Derek Jeter #457 (RC),$12.74,$1.32,"Sold Jan 10, 2026",kerog92,New,https://www.ebay.com/itm/336253773983,https://i.ebayimg.com/images/g/30AAAeSwS~5o~lE8/s-l500.webp,N,,,N,N,12.74,1.32,14.06,2026-01-10,bin,False,False,,,457
Derek Jeter 1993 Pinnacle #457 PGS 9 MINT RC Rookie HOF NY Yankees Legend,$45.00,$5.00,"Sold Jan 10, 2026",foundabundance,New,https://www.ebay.com/itm/317742355223,https://i.ebayimg.com/images/g/9l4AAeSw40tpXs9A/s-l500.webp,N,,,N,Y,45.0,5.0,50.0,2026-01-10,bin,True,False,,9.0,457
1993 Pinnacle Derek Jeter #457 Yankees BGS 8 1st Round Draft Pick Rookie,$17.50,$5.52,"Sold Jan 10, 2026",tasmanian,New,https://www.ebay.com/itm/257291355482,https://i.ebayimg.com/images/g/qMAAAeSwdB9pWVmE/s-l500.webp,Y,BGS,8,Y,N,17.5,5.52,23.02,2026-01-10,auction,False,True,BGS,8.0,457
1993 Pinnacle - 1st Round Draft Pick Derek Jeter #457 (RC),$29.00,$5.52,"Sold Jan 10, 2026",yardsale-sportscards,New,https://www.ebay.com/itm/406085996369,https://i.ebayimg.com/images/g/LMUAAeSwRYdoiBtV/s-l500.webp,N,,,N,Y,29.0,5.52,34.52,2026-01-10,bin,True,False,,,457
1993 Pinnacle - 1st Round Draft Pick Derek Jeter #457 (RC),$12.00,$1.32,"Sold Jan 10, 2026",minnsportscards,New,https://www.ebay.com/itm/168058227766,https://i.ebayimg.com/images/g/T1wAAeSw1oBpWy3v/s-l500.webp,N,,,N,N,12.0,1.32,13.32,2026-01-10,bin,False,False,,,457
Derek Jeter 1993 Pinnacle 1st Round Draft Pick #457,$8.99,$0.00,"Sold Jan 9, 2026",hit4cyclecards,New,https://www.ebay.com/itm/376680915926,https://i.ebayimg.com/images/g/bPUAAeSwQeZpDnpU/s-l500.webp,N,,,N,N,8.99,0.0,8.99,2026-01-09,bin,False,False,,,457
1993 PINNACLE #457 DEREK JETER ROOKIE RC PSA 10,$785.00,$5.99,"Sold Jan 9, 2026",psa,New,https://www.ebay.com/itm/116746449446,https://i.ebayimg.com/images/g/cXYAAeSw4oVooNJf/s-l500.webp,Y,PSA,10,N,N,785.0,5.99,790.99,2026-01-09,bin,False,True,PSA,10.0,457
1993 Pinnacle #457 Derek Jeter,$8.99,$0.74,"Sold Jan 9, 2026",tugssportscards,New,https://www.ebay.com/itm/389464746868,https://i.ebayimg.com/images/g/sawAAeSwR59pXiFx/s-l500.webp,N,,,N,Y,8.99,0.74,9.73,2026-01-09,bin,True,False,,,457
DEREK JETER PSA 10 1993 PINNACLE #457 ROOKIE RC YANKEES GEM 660,$569.00,$5.50,"Sold Jan 8, 2026",mc_sportscards,New,https://www.ebay.com/itm/187900957064,https://i.ebayimg.com/images/g/YiQAAeSwPXZpVZXA/s-l500.webp,Y,PSA,10,Y,N,569.0,5.5,574.5,2026-01-08,auction,False,True,PSA,10.0,457
1993 Pinnacle #457 Derek Jeter New York Yankees RC HOF NO RESERVE!,$8.50,$1.50,"Sold Jan 7, 2026",cw-valuecards,New,https://www.ebay.com/itm/187901166882,https://i.ebayimg.com/images/g/-5EAAeSwCDlpVayX/s-l500.webp,N,,,Y,N,8.5,1.5,10.0,2026-01-07,auction,False,False,,,457
1993 Pinnacle #457 Derek Jeter Yankees RC Rookie HOF BGS 8.5 Looks Nicer,$34.00,$5.25,"Sold Jan 5, 2026",probstein123,New,https://www.ebay.com/itm/376807507523,https://i.ebayimg.com/images/g/6NIAAeSwT7dpTpxB/s-l500.webp,Y,BGS,8.5,Y,N,34.0,5.25,39.25,2026-01-05,auction,False,True,BGS,8.5,457
Pinnacle 1993 Derek Jeter #457 1st Round Draft Pick Yankees MLB Baseball Card,$8.99,$1.32,"Sold Jan 5, 2026",academyba0,New,https://www.ebay.com/itm/397443389341,https://i.ebayimg.com/images/g/WUIAAeSwp3ZpUyEl/s-l500.webp,N,,,N,Y,8.99,1.32,10.31,2026-01-05,bin,True,False,,,457
1993 Pinnacle - 1st Round Draft Pick Derek Jeter #457 (RC),$9.34,$0.74,"Sold Jan 5, 2026",raftany,New,https://www.ebay.com/itm/116901625685,https://i.ebayimg.com/images/g/cLEAAeSwuylpKLSD/s-l500.webp,N,,,N,N,9.34,0.74,10.08,2026-01-05,bin,False,False,,,457
1993 Pinnacle #457 Derek Jeter Rookie New York Yankees,$9.99,$1.13,"Sold Jan 5, 2026",mycardsnstuff,New,https://www.ebay.com/itm/205952402436,https://i.ebayimg.com/images/g/Zg8AAeSwhC9pUUUI/s-l500.webp,N,,,N,N,9.99,1.13,11.12,2026-01-05,bin,False,False,,,457
1993 Pinnacle - 1st Round Draft Pick Derek Jeter #457 (RC) PSA 7,$7.50,$5.07,"Sold Jan 5, 2026",jepit-18,New,https://www.ebay.com/itm/317711745535,https://i.ebayimg.com/images/g/1b8AAeSwK2JpUwHf/s-l500.webp,Y,PSA,7,Y,N,7.5,5.07,12.57,2026-01-05,auction,False,True,PSA,7.0,457
Derek Jeter 1993 Pinnacle #457 Rookie New York Yankees,$9.99,$1.32,"Sold Jan 5, 2026",kamcollects,New,https://www.ebay.com/itm/336374084712,https://i.ebayimg.com/images/g/zDoAAeSwhcJpWfI-/s-l500.webp,N,,,N,N,9.99,1.32,11.31,2026-01-05,bin,False,False,,,457
1993 Pinnacle - 1st Round Draft Pick Derek Jeter #457 (RC),$7.00,$0.74,"Sold Jan 5, 2026",going_once_twice_hammer,New,https://www.ebay.com/itm/136915769288,https://i.ebayimg.com/images/g/PzUAAeSw87ZpWZKM/s-l500.webp,N,,,N,N,7.0,0.74,7.74,2026-01-05,bin,False,False,,,457
1993 Pinnacle #457 Derek Jeter,$5.50,$1.75,"Sold Jan 4, 2026",phelix99,New,https://www.ebay.com/itm/326932539504,https://i.ebayimg.com/images/g/zLQAAeSwGvhpUffA/s-l500.webp,N,,,Y,N,5.5,1.75,7.25,2026-01-04,auction,False,False,,,457
1993 PINNACLE #457 DEREK JETER ROOKIE RC PSA 9,$53.55,$5.99,"Sold Jan 4, 2026",psa,New,https://www.ebay.com/itm/297874595733,https://i.ebayimg.com/images/g/6jQAAeSwN6FpTH0Z/s-l500.webp,Y,PSA,9,Y,N,53.55,5.99,59.54,2026-01-04,auction,False,True,PSA,9.0,457
1993 PINNACLE DEREK JETER ROOKIE CARD PSA MINT 9 (271),$39.97,$5.99,"Sold Jan 4, 2026",bbcforu,New,https://www.ebay.com/itm/187890995614,https://i.ebayimg.com/images/g/8rsAAeSw2FBpOJqN/s-l500.webp,Y,PSA,9,Y,N,39.97,5.99,45.96,2026-01-04,auction,False,True,PSA,9.0,271
1993 Pinnacle - 1st Round Draft Pick Derek Jeter #457 (RC) + SP AUTHENIC,$11.50,$2.99,"Sold Jan 4, 2026",ur_hlsg480,New,https://www.ebay.com/itm/297885819351,https://i.ebayimg.com/images/g/SMcAAeSwRL1pUY1~/s-l500.webp,N,,,Y,N,11.5,2.99,14.49,2026-01-04,auction,False,False,,,457
1993 PINNACLE #457 Derek Jeter Rookie Card PSA 9 MINT New York Yankees HOF,$55.00,$5.45,"Sold Jan 4, 2026",rypes0,New,https://www.ebay.com/itm/306686647048,https://i.ebayimg.com/images/g/aHgAAeSwJV1pVXZQ/s-l500.webp,Y,PSA,9,N,N,55.0,5.45,60.45,2026-01-04,bin,False,True,PSA,9.0,457
1993 Pinnacle #457 Derek Jeter PSA 5 Rookie RC,$8.99,$6.99,"Sold Jan 3, 2026",greenrover13,New,https://www.ebay.com/itm/267533080347,https://i.ebayimg.com/images/g/UYEAAeSwQZZpWcT8/s-l500.webp,Y,PSA,5,N,N,8.99,6.99,15.98,2026-01-03,bin,False,True,PSA,5.0,457
PSA 8 JETER HOF ROOKIE 1993 PINNACLE #457 DEREK NEW SLAB GRADED NM-MINT *TPHLC,$35.98,$0.00,"Sold Jan 3, 2026",toppsaholic,New,https://www.ebay.com/itm/116443199064,https://i.ebayimg.com/images/g/PvsAAOSwqn9mS-8o/s-l500.webp,Y,PSA,8,N,Y,35.98,0.0,35.98,2026-01-03,bin,True,True,PSA,8.0,457
1993 Pinnacle Derek Jeter RC #457 New York Yankees Mint HOF DISCOUNTED,$15.00,$5.07,"Sold Jan 3, 2026",mdlbuilder,New,https://www.ebay.com/itm/167843128278,https://i.ebayimg.com/images/g/FpAAAOSwxp1nuMnv/s-l500.webp,N,,,N,N,15.0,5.07,20.07,2026-01-03,bin,False,False,,,457
1993 PINNACLE DEREK JETER RC PSA 9 MINT,$48.88,$4.50,"Sold Jan 2, 2026",abuser98,New,https://www.ebay.com/itm/227148090111,https://i.ebayimg.com/images/g/xDAAAeSwRXhpTyUt/s-l500.webp,Y,PSA,9,Y,N,48.88,4.5,53.38,2026-01-02,auction,False,True,PSA,9.0,
1993 Pinnacle Derek Jeter Rookie Cards PSA 9 RC #457 MINT,$55.99,$5.20,"Sold Jan 2, 2026",yankees0235,New,https://www.ebay.com/itm/187886225990,https://i.ebayimg.com/images/g/lhMAAeSwKe9pUBBX/s-l500.webp,Y,PSA,9,N,N,55.99,5.2,61.19,2026-01-02,bin,False,True,PSA,9.0,457
1993 PINNACLE #457 DEREK JETER ROOKIE RC PSA 10,$569.00,$5.00,"Sold Jan 1, 2026",harperson24,New,https://www.ebay.com/itm/257275496564,https://i.ebayimg.com/images/g/MjgAAeSwlNNpTDu3/s-l500.webp,Y,PSA,10,Y,N,569.0,5.0,574.0,2026-01-01,auction,False,True,PSA,10.0,457
1993 Pinnacle - 1st Round Draft Pick Derek Jeter #457 (RC) Pinhole VG,$3.00,$1.32,"Sold Dec 31, 2025",maxeffortjunkwax,New,https://www.ebay.com/itm/389389396644,https://i.ebayimg.com/images/g/FbgAAeSwWvdpROzm/s-l500.webp,N,,,N,N,3.0,1.32,4.32,2025-12-31,bin,False,False,,,457
1993 Pinnacle #457 Derek Jeter New York Yankees RC HOF NO RESERVE! MINT!,$7.50,$1.50,"Sold Dec 31, 2025",cw-valuecards,New,https://www.ebay.com/itm/187876690147,https://i.ebayimg.com/images/g/srcAAeSw3QdpTFcP/s-l500.webp,N,,,Y,N,7.5,1.5,9.0,2025-12-31,auction,False,False,,,457
1993 Pinnacle - 1st Round Draft Pick Derek Jeter #457 (RC),$6.99,$1.99,"Sold Dec 30, 2025",linbout_0,New,https://www.ebay.com/itm/168027458903,https://i.ebayimg.com/images/g/UOcAAeSwGGJpJlo2/s-l500.webp,N,,,Y,N,6.99,1.99,8.98,2025-12-30,auction,False,False,,,457
Derek Jeter 1993 Pinnacle #457 BCCG 10,$200.00,$5.20,"Sold Dec 30, 2025",rippingslabz,New,https://www.ebay.com/itm/187648841646,https://i.ebayimg.com/images/g/g-YAAeSwt61o7YFM/s-l500.webp,N,,,N,N,200.0,5.2,205.2,2025-12-30,bin,False,True,,10.0,457
1993 Pinnacle - 1st Round Draft Pick Derek Jeter #457 (RC) Graded PSA 9 SHARP!!,$50.00,$5.07,"Sold Dec 30, 2025",ravensfan1975,New,https://www.ebay.com/itm/358039653225,https://i.ebayimg.com/images/g/KHgAAeSwMEJpSFVh/s-l500.webp,Y,PSA,9,N,Y,50.0,5.07,55.07,2025-12-30,bin,True,True,PSA,9.0,457
1993 SCORE PINNACLE DEREK JETER #457 1ST RD DRAFT PICK YANKEES INVEST GOAT!!,$8.50,$4.99,"Sold Dec 29, 2025",yankeejoe1974-hobbyshop,New,https://www.ebay.com/itm/167307364558,https://i.ebayimg.com/images/g/6A4AAOSwA4hnqpyQ/s-l500.webp,N,,,N,Y,8.5,4.99,13.49,2025-12-29,bin,True,False,,,457
1993 Pinnacle Derek Jeter 457 PSA 10,$574.99,$0.00,"Sold Dec 29, 2025",duffy0319845,New,https://www.ebay.com/itm/336359436995,https://i.ebayimg.com/images/g/l-AAAeSwD1tpTHZL/s-l500.webp,Y,PSA,10,N,N,574.99,0.0,574.99,2025-12-29,bin,False,True,PSA,10.0,457
1993 Pinnacle 1st Round Draft Pick Derek Jeter PSA 9 MINT Rookie RC HOF 1ou4,$55.45,$5.99,"Sold Dec 29, 2025",comc_consignment,New,https://www.ebay.com/itm/336351526919,https://i.ebayimg.com/images/g/BM4AAeSw3qJpRZ1~/s-l500.webp,Y,PSA,9,N,N,55.45,5.99,61.44,2025-12-29,bin,False,True,PSA,9.0,
Derek Jeter 1993 Pinnacle #457 Rookie New York Yankees,$8.99,$0.00,"Sold Dec 29, 2025",petescagnell-0,New,https://www.ebay.com/itm/187882901473,https://i.ebayimg.com/images/g/GRgAAeSwkwVpTswf/s-l500.webp,N,,,N,N,8.99,0.0,8.99,2025-12-29,bin,False,False,,,457
1993 Pinnacle Derek Jeter Rookie Card #457 NR-MINT NY Yankees 1st Round Pick🔥⚾️,$29.99,$4.99,"Sold Dec 28, 2025",percymiller,New,https://www.ebay.com/itm/326545900357,https://i.ebayimg.com/images/g/oL0AAOSwmMpoCC6f/s-l500.webp,N,,,N,N,29.99,4.99,34.98,2025-12-28,bin,False,False,,,457
1993 Pinnacle #457 Derek Jeter Yankees RC Rookie HOF PSA 8 NM-MT,$18.50,$5.25,"Sold Dec 28, 2025",probstein123,New,https://www.ebay.com/itm/366066599054,https://i.ebayimg.com/images/g/LtIAAeSwogdpRHOZ/s-l500.webp,Y,PSA,8,Y,N,18.5,5.25,23.75,2025-12-28,auction,False,True,PSA,8.0,457
"1993 Pinnacle Derek Jeter Baseball *Hall of Fame, Rookie* Card #457 ""Mint""",$7.05,$4.95,"Sold Dec 28, 2025",guerrettes,New,https://www.ebay.com/itm/317676852909,https://i.ebayimg.com/images/g/zAwAAeSw6whpRckF/s-l500.webp,N,,,Y,N,7.05,4.95,12.0,2025-12-28,auction,False,False,,,457
Derek Jeter 1993 Pinnacle #457 Rookie New York Yankees,$8.99,$0.00,"Sold Dec 28, 2025",petescagnell-0,New,https://www.ebay.com/itm/187882901467,https://i.ebayimg.com/images/g/M5UAAeSwP8lpTsvf/s-l500.webp,N,,,N,N,8.99,0.0,8.99,2025-12-28,bin,False,False,,,457
1993 PINNACLE #457 DEREK JETER ROOKIE RC PSA 10,$615.00,$5.99,"Sold Dec 28, 2025",psa,New,https://www.ebay.com/itm/306557379230,https://i.ebayimg.com/images/g/RGcAAeSwwtJo0dz0/s-l500.webp,Y,PSA,10,N,N,615.0,5.99,620.99,2025-12-28,bin,False,True,PSA,10.0,457
1993 Pinnacle Derek Jeter #457 PSA 9 RC upper deck sp topps fleer LOOKS GEM,$90.00,$7.95,"Sold Dec 28, 2025",dwarte,New,https://www.ebay.com/itm/326867946718,https://i.ebayimg.com/images/g/AnkAAeSw9qtpGjdz/s-l500.webp,Y,PSA,9,N,Y,90.0,7.95,97.95,2025-12-28,bin,True,True,PSA,9.0,457
1993 PINNACLE #457 Derek Jeter Rookie Card PSA 9 MINT New York Yankees HOF,$59.99,$5.99,"Sold Dec 28, 2025",taga6253,New,https://www.ebay.com/itm/227133964402,https://i.ebayimg.com/images/g/kOwAAeSwYvlpQPE1/s-l500.webp,Y,PSA,9,N,Y,59.99,5.99,65.98,2025-12-28,bin,True,True,PSA,9.0,457
1993 Pinnacle - 1st Round Draft Pick Derek Jeter #457 (RC),$9.99,$4.88,"Sold Dec 28, 2025",wish1976,New,https://www.ebay.com/itm/257280419980,https://i.ebayimg.com/images/g/1bAAAeSw5n9pUF-4/s-l500.webp,N,,,N,N,9.99,4.88,14.87,2025-12-28,bin,False,False,,,457
1993 Pinnacle #457 Derek Jeter,$12.99,$1.32,"Sold Dec 27, 2025",mandolayco,New,https://www.ebay.com/itm/389420030309,https://i.ebayimg.com/images/g/NiMAAeSwZehpTz8q/s-l500.webp,N,,,N,N,12.99,1.32,14.31,2025-12-27,bin,False,False,,,457
Derek Jeter 1993 Pinnacle - 1st Round Draft Pick RC Baseball Card,$9.99,$0.00,"Sold Dec 27, 2025",sydneyc_51,New,https://www.ebay.com/itm/317705206010,https://i.ebayimg.com/images/g/POQAAeSwCm5pUHz7/s-l500.webp,N,,,N,N,9.99,0.0,9.99,2025-12-27,bin,False,False,,,
Derek Jeter 1993 Pinnacle #457 Rookie New York Yankees,$5.50,$1.32,"Sold Dec 27, 2025",magiicrips,New,https://www.ebay.com/itm/336363693805,https://i.ebayimg.com/images/g/GSIAAeSw92hpUGez/s-l500.webp,N,,,N,N,5.5,1.32,6.82,2025-12-27,bin,False,False,,,457
Derek Jeter 1993 Pinnacle 1st Round Draft Pick #457 Rookie RC HOF EX-NM,$8.00,$1.03,"Sold Dec 27, 2025",huddshobbies,New,https://www.ebay.com/itm/187879527013,https://i.ebayimg.com/images/g/u~MAAeSwAzJpTXmv/s-l500.webp,N,,,N,N,8.0,1.03,9.03,2025-12-27,bin,False,False,,,457
(2) 1993 Pinnacle #457 DEREK JETER Rookie RC PSA 9 MINT New York Yankees,$110.00,$0.00,"Sold Dec 27, 2025",tc_classic_cardboard,New,https://www.ebay.com/itm/366045135340,https://i.ebayimg.com/images/g/zDcAAeSwcEtpNgE0/s-l500.webp,Y,PSA,9,N,N,110.0,0.0,110.0,2025-12-27,bin,False,True,PSA,9.0,457
1993 PINNACLE 1ST ROUND DRAFT PICK DEREK JETER #457 ROOKIE CARD NY YANKEES HOF,$15.95,$1.99,"Sold Dec 26, 2025",royalflush523,New,https://www.ebay.com/itm/326846409216,https://i.ebayimg.com/images/g/DLYAAeSwxyFpB5PA/s-l500.webp,N,,,N,N,15.95,1.99,17.94,2025-12-26,bin,False,False,,,457
1993 Pinnacle Derek Jeter Rookie Card,$13.99,$1.32,"Sold Dec 26, 2025",kunkcity_cards,New,https://www.ebay.com/itm/366064686905,https://i.ebayimg.com/images/g/2fEAAeSwusNpQzLk/s-l500.webp,N,,,N,N,13.99,1.32,15.31,2025-12-26,bin,False,False,,,
1993 Pinnacle - 1st Round Draft Pick Derek Jeter #457 (RC),$9.50,$1.32,"Sold Dec 26, 2025",jr_brown,New,https://www.ebay.com/itm/326920286855,https://i.ebayimg.com/images/g/D30AAeSwRPRpM5JT/s-l500.webp,N,,,Y,N,9.5,1.32,10.82,2025-12-26,auction,False,False,,,457
1993 Pinnacle #457 Derek Jeter PSA 7,$19.99,$5.50,"Sold Dec 26, 2025",cathillsports,New,https://www.ebay.com/itm/277524290594,https://i.ebayimg.com/images/g/izEAAeSwFhRpIRjm/s-l500.webp,Y,PSA,7,N,Y,19.99,5.5,25.49,2025-12-26,bin,True,True,PSA,7.0,457
1993 Pinnacle - 1st Round Draft Pick Derek Jeter #457 ROOKIE CARD,$11.11,$1.25,"Sold Dec 25, 2025",lamasportscards,New,https://www.ebay.com/itm/136567908096,https://i.ebayimg.com/images/g/QWIAAeSw7Uho6GaM/s-l500.webp,N,,,N,Y,11.11,1.25,12.36,2025-12-25,bin,True,False,,,457
1993 Pinnacle - 1st Round Draft Pick Derek Jeter #457 (RC),$10.00,$1.32,"Sold Dec 25, 2025",readytogradecards,New,https://www.ebay.com/itm/197972895773,https://i.ebayimg.com/images/g/PSQAAeSw67lpSzYJ/s-l500.webp,N,,,N,N,10.0,1.32,11.32,2025-12-25,bin,False,False,,,457
1993 PINNACLE #457 DEREK JETER PSA 9 RC YANKEES HOF,$49.99,$4.99,"Sold Dec 25, 2025",dubhubcollectibles,New,https://www.ebay.com/itm/205937421350,https://i.ebayimg.com/images/g/XpgAAeSwTvNpSAUf/s-l500.webp,Y,PSA,9,N,N,49.99,4.99,54.98,2025-12-25,bin,False,True,PSA,9.0,457
1993 Pinnacle Derek Jeter Rookie RC #457 BGS 9 Mint HOF New York Yankees,$49.99,$4.99,"Sold Dec 24, 2025",gl_sportscards21,New,https://www.ebay.com/itm/326912781338,https://i.ebayimg.com/images/g/Y7IAAeSwQhFpPt6q/s-l500.webp,Y,BGS,9,N,N,49.99,4.99,54.98,2025-12-24,bin,False,True,BGS,9.0,457
1993 Pinnacle Derek Jeter Rookie RC #457 Yankees,$12.50,$4.99,"Sold Dec 23, 2025",dcsports87,New,https://www.ebay.com/itm/376787410743,https://i.ebayimg.com/images/g/z6oAAeSwkR5pRG3A/s-l500.webp,N,,,Y,N,12.5,4.99,17.49,2025-12-23,auction,False,False,,,457
1993 Pinnacle Derek Jeter Rookie RC #457 Yankees,$6.50,$4.99,"Sold Dec 23, 2025",dcsports87,New,https://www.ebay.com/itm/127570759948,https://i.ebayimg.com/images/g/OuIAAeSwQr1pRG3U/s-l500.webp,N,,,Y,N,6.5,4.99,11.49,2025-12-23,auction,False,False,,,457
1993 PINNACLE DEREK JETER ROOKIE CARD SGC MINT 9 (573),$39.97,$5.99,"Sold Dec 23, 2025",bbcforu,New,https://www.ebay.com/itm/177680894610,https://i.ebayimg.com/images/g/uBAAAeSwqOJpOJwT/s-l500.webp,Y,SGC,9,Y,N,39.97,5.99,45.96,2025-12-23,auction,False,True,SGC,9.0,573
1993 Pinnacle - 1st Round Draft Pick Derek Jeter #457 (RC),$6.00,$1.50,"Sold Dec 23, 2025",doodle.cards,New,https://www.ebay.com/itm/277591765794,https://i.ebayimg.com/images/g/kpUAAeSwy4ppRv30/s-l500.webp,N,,,N,Y,6.0,1.5,7.5,2025-12-23,bin,True,False,,,457
