title,price,sold_date,graded,grader,grade,auction,best_offer,shipping,seller,condition,item_url,image_url
Shop on eBay,$20.00,,N,,,N,Y,,,Brand New,https://ebay.com/itm/123456,https://ir.ebaystatic.com/rs/v/fxxj3ttftm5ltcqnto1o4baovyl.png
1993 Pinnacle 1st Round Draft Pick Derek Jeter #457 PSA 7 Rookie RC HOF,$11.88,"Sold Mar 22, 2026",Y,PSA,7,Y,N,$4.99,comc_consignment,New,https://www.ebay.com/itm/236682090530,https://i.ebayimg.com/images/g/UvcAAeSwV8lpsja0/s-l500.webp
1993 Pinnacle - 1st Round Draft Pick Derek Jeter #457 (RC),$10.50,"Sold Mar 22, 2026",N,,,Y,N,$5.20,cronin_collectibles,New,https://www.ebay.com/itm/397718862397,https://i.ebayimg.com/images/g/rBIAAeSwHqRpt0Vt/s-l500.webp
1993 Pinnacle - 1st Round Draft Pick Derek Jeter #457 (RC),$68.00,"Sold Mar 22, 2026",N,,,Y,N,$5.07,iluv2badaddy,New,https://www.ebay.com/itm/406770676602,https://i.ebayimg.com/images/g/D-gAAeSwO61ptxzC/s-l500.webp
New York Yankees Derek Jeter #457 Pinnacle Baseball Near Mint or Better Rookie,$9.00,"Sold Mar 22, 2026",N,,,N,N,$0.00,clvsp23,New,https://www.ebay.com/itm/406787618722,https://i.ebayimg.com/images/g/PwQAAeSwM29pvfW8/s-l500.webp
1993 Pinnacle Derek Jeter 1st Round Draft Pick #457 Rookie Card,$11.50,"Sold Mar 22, 2026",N,,,N,Y,$1.99,philippians_cardz,New,https://www.ebay.com/itm/397733221419,https://i.ebayimg.com/images/g/gWQAAeSwlvBpu0tr/s-l500.webp
1993 SCORE PINNACLE BASEBALL 457 DEREK JETER NEW YORK YANKEES ROOKIE RC RAW,$2.91,"Sold Mar 22, 2026",N,,,Y,N,$17.55,allennjamie,New,https://www.ebay.com/itm/287206099316,https://i.ebayimg.com/images/g/ayYAAeSwk1pptrXZ/s-l500.webp
1993 Pinnacle - 1st Round Draft Pick Derek Jeter #457 (RC),$9.99,"Sold Mar 21, 2026",N,,,N,Y,$1.32,poboyle782,New,https://www.ebay.com/itm/206156294435,https://i.ebayimg.com/images/g/BdIAAeSw8otpvstW/s-l500.webp
1993 Pinnacle DEREK JETER #457 HOF Yankees RC ROOKIE (PSA 8) **FRESHLY GRADED**,$26.90,"Sold Mar 20, 2026",Y,PSA,8,N,N,$5.80,bill2001nyc,New,https://www.ebay.com/itm/277814839354,https://i.ebayimg.com/images/g/4F8AAeSwFvdpuunZ/s-l500.webp
1993 Pinnacle: #457 Derek Jeter 1st Round DP RC EX-EXMINT,$8.50,"Sold Mar 20, 2026",N,,,Y,N,$4.95,gregmorrismodern,New,https://www.ebay.com/itm/366261711412,https://i.ebayimg.com/images/g/9doAAeSwMA9psHoF/s-l500.webp
DEREK JETER PSA 9 1993 Pinnacle RC #457,$74.99,"Sold Mar 20, 2026",Y,PSA,9,N,N,$5.99,hobbygems,New,https://www.ebay.com/itm/406544217246,https://i.ebayimg.com/images/g/6BkAAeSwNNRo~O6e/s-l500.webp
1993 Pinnacle #457 Derek Jeter New York Yankees RC Rookie HOF PSA 9 MINT,$56.57,"Sold Mar 19, 2026",Y,PSA,9,Y,N,$5.50,probstein123,New,https://www.ebay.com/itm/389737373231,https://i.ebayimg.com/images/g/gggAAeSwAFRpsyi3/s-l500.webp
Pinnacle 1993 Derek Jeter #457 Rookie New York Yankees MLB PSA 9,$59.99,"Sold Mar 19, 2026",Y,PSA,9,N,N,$5.20,ha-9340,New,https://www.ebay.com/itm/206146682853,https://i.ebayimg.com/images/g/UagAAeSwprZpubLw/s-l500.webp
1993 Pinnacle 1st Round Draft Pick Derek Jeter #457 Rookie RC HOF,$4.93,"Sold Mar 19, 2026",N,,,Y,N,$4.99,comc_consignment,New,https://www.ebay.com/itm/336472796537,https://i.ebayimg.com/images/g/wTkAAeSwW5RpsJuy/s-l500.webp
1993 Pinnacle - 1st Round Draft Pick Derek Jeter #457 (RC) NM/MT SGC 8 HOF,$24.00,"Sold Mar 19, 2026",Y,SGC,8,N,Y,$7.50,vinylrocks68,New,https://www.ebay.com/itm/326992162766,https://i.ebayimg.com/images/g/TugAAeSwajtpiMfG/s-l500.webp
Derek Jeter 1993 Pinnacle #457 New York Yankees PSA Graded Near Mint-Mint 8 HOF,$12.50,"Sold Mar 19, 2026",Y,PSA,8,Y,N,$5.95,coresclassics6t25,New,https://www.ebay.com/itm/267602666571,https://i.ebayimg.com/images/g/3ToAAeSwp2ZphMVp/s-l500.webp
1993 Pinnacle DEREK JETER #457 RC Rookie Yankees SGC 9 MINT,$31.00,"Sold Mar 18, 2026",Y,SGC,9,Y,N,$5.00,nickosportscards,New,https://www.ebay.com/itm/397710498654,https://i.ebayimg.com/images/g/2ggAAeSwlYJptGnO/s-l500.webp
DEREK JETER 1993 Pinnacle Rookie #457 PSA 9 Mint,$50.00,"Sold Mar 18, 2026",Y,PSA,9,Y,N,$6.00,cards2consignment,New,https://www.ebay.com/itm/157742936844,https://i.ebayimg.com/images/g/xgcAAeSwKDdpsbqI/s-l500.webp
2 Card Lot 1993 Pinnacle Derek Jeter #457 RC Yankees Rookie Card NM-MT,$22.99,"Sold Mar 18, 2026",N,,,N,Y,$5.52,bsblislife,Brand New,https://www.ebay.com/itm/389714171917,https://i.ebayimg.com/images/g/0J4AAeSwlVRprPSn/s-l500.webp
Rookie Pinnacle 1993 #457 – Derek Jeter 1st Round Draft Pick – New York Yankees,$10.00,"Sold Mar 18, 2026",N,,,N,N,$5.07,robertrynemusic,New,https://www.ebay.com/itm/397726555413,https://i.ebayimg.com/images/g/cNYAAeSw4h1puXZS/s-l500.webp
1993 Pinnacle - 1st Round Draft Pick Derek Jeter #457 (RC),$7.50,"Sold Mar 18, 2026",N,,,Y,N,$0.74,rkb_sports_cards,New,https://www.ebay.com/itm/198183652128,https://i.ebayimg.com/images/g/GbwAAeSwsV9ptGAJ/s-l500.webp
DEREK JETER 1993 PINNACLE #457 RC ROOKIE *NEW YORK YANKEES*,$14.99,"Sold Feb 8, 2026",N,,,N,Y,$5.00,rookiesonly99,New,https://www.ebay.com/itm/134769866940,https://i.ebayimg.com/images/g/KwEAAOSwqgVlLZ9b/s-l500.webp
DEREK JETER 1993 PINNACLE #457 ROOKIE RC PSA 9 MINT ✨,$55.00,"Sold Mar 16, 2026",Y,PSA,9,N,N,$7.95,theserenityshoppingdepot,New,https://www.ebay.com/itm/167651245333,https://i.ebayimg.com/images/g/mfoAAeSwECxoaIfR/s-l500.webp
1993 Pinnacle Derek Jeter #457 Rookie Card 1st Round Draft Pick Yankees HOF,$9.99,"Sold Mar 16, 2026",N,,,N,Y,$1.50,turn5756,New,https://www.ebay.com/itm/406770289164,https://i.ebayimg.com/images/g/2O8AAeSwk1pptvF1/s-l500.webp
1993 Pinnacle - 1st Round Draft Pick #457 Derek Jeter (RC) MINT,$36.00,"Sold Mar 15, 2026",N,,,N,N,$5.07,kevinknowssportscards,New,https://www.ebay.com/itm/396165959282,https://i.ebayimg.com/images/g/IS0AAOSwNsVnnaEK/s-l500.webp
1993 Pinnacle - Derek Jeter 1st Round Draft Pick #457 HoF RC NM-MT,$11.00,"Sold Mar 15, 2026",N,,,Y,N,$1.32,brett_g_collectibles,New,https://www.ebay.com/itm/397690617383,https://i.ebayimg.com/images/g/OtQAAeSwsGZprfhV/s-l500.webp
New York Yankees 1993 Pinnacle Derek Jeter Rookie Card # 457 PSA 10,$800.00,"Sold Mar 14, 2026",Y,PSA,10,N,Y,$8.30,nlrmhl,New,https://www.ebay.com/itm/155130049753,https://i.ebayimg.com/images/g/BykAAOSwkbNjA8G9/s-l500.webp
DEREK JETER 1993 PINNACLE #457 ROOKIE RC PSA 9 MINT ✨,$55.00,"Sold Mar 14, 2026",Y,PSA,9,N,N,$7.95,theserenityshoppingdepot,New,https://www.ebay.com/itm/167651245349,https://i.ebayimg.com/images/g/Z-0AAeSwJHJocaBj/s-l500.webp
1993 Pinnacle Derek Jeter Rookie RC #457 Yankees BGS 9.5,$430.00,"Sold Mar 14, 2026",Y,BGS,9.5,Y,N,$4.99,dcsports87,New,https://www.ebay.com/itm/127729157553,https://i.ebayimg.com/images/g/~zwAAeSwW5Rprtks/s-l500.webp
1993 Pinnacle Derek Jeter Rookie RC #457 Yankees,$10.50,"Sold Mar 14, 2026",N,,,Y,N,$4.99,dcsports87,New,https://www.ebay.com/itm/127729431306,https://i.ebayimg.com/images/g/cuEAAeSw-olprvSl/s-l500.webp
1993 Pinnacle 1st Round Draft Pick Derek Jeter #457 (RC) & 1996 Gold Leaf Rookie,$9.50,"Sold Mar 14, 2026",N,,,Y,N,$1.32,stlouiecat,New,https://www.ebay.com/itm/227245221668,https://i.ebayimg.com/images/g/xEEAAeSwk1ppqzLJ/s-l500.webp
1993 Pinnacle 1st Round Draft Pick Derek Jeter #457 PSA 8 Rookie RC HOF,$24.50,"Sold Mar 14, 2026",Y,PSA,8,Y,N,$4.99,comc_consignment,New,https://www.ebay.com/itm/336465561070,https://i.ebayimg.com/images/g/wQoAAeSwMQhpqhCw/s-l500.webp
1993 Pinnacle - 1st Round Draft Pick Derek Jeter #457 (RC) Plus Bonus Gift 🎁!,$72.12,"Sold Mar 14, 2026",N,,,N,Y,$0.00,lexajoncardsllc,New,https://www.ebay.com/itm/397706676114,https://i.ebayimg.com/images/g/-2MAAeSwFENpryln/s-l500.webp
Derek Jeter 1993 Pinnacle Rookie 1st Round Draft Pick #457 RC EX NY Yankees HOF,$13.99,"Sold Mar 14, 2026",N,,,N,Y,$0.00,the_slab_lab_chicago,New,https://www.ebay.com/itm/168141299979,https://i.ebayimg.com/images/g/oXcAAeSwGwNphqRs/s-l500.webp
Derek Jeter RC 1993 Pinnacle #457 1st Round Draft Pick NY Yankees HOF,$12.00,"Sold Mar 13, 2026",N,,,N,Y,$1.32,canteau2338,New,https://www.ebay.com/itm/267337330024,https://i.ebayimg.com/images/g/vR4AAeSwOWtofuV7/s-l500.webp
1993 Pinnacle - 1st Round Draft Pick Derek Jeter #457 (RC),$18.00,"Sold Mar 13, 2026",N,,,Y,N,$1.32,leftovercards,New,https://www.ebay.com/itm/227245185940,https://i.ebayimg.com/images/g/T-YAAeSwd0Bpqy53/s-l500.webp
1993 Score- Pinnacle: 1st Round Draft Pick Derek Jeter Card #457,$14.99,"Sold Mar 12, 2026",N,,,N,N,$0.00,ramirezfan99,New,https://www.ebay.com/itm/257157423433,https://i.ebayimg.com/images/g/tKoAAeSwXVho7xBE/s-l500.webp
1993 Pinnacle Derek Jeter #457 New York Yankees Rookie,$9.99,"Sold Mar 12, 2026",N,,,N,N,$1.00,unbreakable.cardz,New,https://www.ebay.com/itm/358310633251,https://i.ebayimg.com/images/g/gMAAAeSwfyppsGjj/s-l500.webp
Pinnacle 1993 Derek Jeter #457 1st Round Draft Pick New York Yankees Card,$10.50,"Sold Mar 11, 2026",N,,,Y,N,$1.32,covar381,New,https://www.ebay.com/itm/298090472153,https://i.ebayimg.com/images/g/fQoAAeSwAvJpqRjz/s-l500.webp
1993 Pinnacle #457 Derek Jeter RC ROOKIE Yankees,$14.38,"Sold Mar 11, 2026",N,,,Y,N,$5.75,hoodyscollectibles,New,https://www.ebay.com/itm/147185848191,https://i.ebayimg.com/images/g/mssAAeSwCzBpqPN0/s-l500.webp
1993 Pinnacle Derek Jeter PSA 9 #457,$49.00,"Sold Mar 11, 2026",Y,PSA,9,Y,N,$5.20,je_590578,New,https://www.ebay.com/itm/206111357406,https://i.ebayimg.com/images/g/fXAAAeSw4h1pqL2b/s-l500.webp
1993 Pinnacle Derek Jeter RC HOF PSA 8 #457 Yankees,$20.50,"Sold Mar 11, 2026",Y,PSA,8,Y,N,$6.00,fsu1025,New,https://www.ebay.com/itm/117069949805,https://i.ebayimg.com/images/g/A-AAAeSwDq5pqGAj/s-l500.webp
1993 Pinnacle #457 Derek Jeter Rookie Card BGS BCCG 9 Near Mint+,$50.00,"Sold Mar 5, 2026",Y,BGS,9,N,N,$0.00,alotofrookies,New,https://www.ebay.com/itm/267593083989,https://i.ebayimg.com/images/g/gBAAAeSwmrdppxMs/s-l500.webp
"DEREK JETER BASEBALL CARDS YOU PICK YOUR CARD, ASST. YEARS & COMPANIES (item#G8)",$0.99,"Sold Mar 10, 2026",N,,,N,N,$1.00,fireonmtn59,New,https://www.ebay.com/itm/126579957992,https://i.ebayimg.com/images/g/nCEAAOSwv1FmluiK/s-l500.webp
1993 Pinnacle Derek Jeter RC #457 PSA 10 GEM MINT HOF 💎,$650.00,"Sold Aug 16, 2025",Y,PSA,10,N,N,$0.00,kcfutures9,Brand New,https://www.ebay.com/itm/167639869838,https://i.ebayimg.com/images/g/eIYAAeSwPtdocDqv/s-l500.webp
1993 Pinnacle - 1st Round Draft Pick Derek Jeter #457 (RC),$9.45,"Sold Mar 10, 2026",N,,,N,N,$1.32,tc_classic_cardboard,New,https://www.ebay.com/itm/366185926181,https://i.ebayimg.com/images/g/YOgAAeSw779piMpY/s-l500.webp
1993 Pinnacle - 1st Round Draft Pick Derek Jeter #457 (RC),$10.07,"Sold Mar 10, 2026",N,,,N,N,$1.32,mic-473271,New,https://www.ebay.com/itm/366249427673,https://i.ebayimg.com/images/g/2fwAAeSw5BNpqjlB/s-l500.webp
1993 Pinnacle 1st Round Draft Pick Derek Jeter #457 Rookie RC HOF,$7.00,"Sold Mar 10, 2026",N,,,Y,N,$4.99,comc_consignment,New,https://www.ebay.com/itm/336470866266,https://i.ebayimg.com/images/g/Q58AAeSwi3ppruw9/s-l500.webp
1993 Score Pinnacle Derek Jeter #457 1st Round Draft Pick (RC),$8.00,"Sold Mar 10, 2026",N,,,Y,N,$2.00,jdubskicksandcards,New,https://www.ebay.com/itm/206114523458,https://i.ebayimg.com/images/g/Y9IAAeSwgvxpqnVb/s-l500.webp
1993 Pinnacle - 1st Round Draft Pick Derek Jeter #457 (RC) SGC 9 Yankees Star,$45.00,"Sold Mar 9, 2026",Y,SGC,9,N,N,$5.07,jmoney05,New,https://www.ebay.com/itm/198164694850,https://i.ebayimg.com/images/g/I-cAAeSwCoZprN9T/s-l500.webp
1993 Pinnacle Derek Jeter RC #457 PSA 8 NM-MT,$26.00,"Sold Mar 9, 2026",Y,PSA,8,Y,N,$5.85,emilie01-0539,New,https://www.ebay.com/itm/327026012428,https://i.ebayimg.com/images/g/AdMAAeSwTRJppd8e/s-l500.webp
1993 Pinnacle - 1st Round Draft Pick Derek Jeter #457 (RC),$10.00,"Sold Mar 9, 2026",N,,,N,N,$5.07,puterdude_1,New,https://www.ebay.com/itm/147065425816,https://i.ebayimg.com/images/g/BtwAAeSweq9pVbLG/s-l500.webp
1993 Pinnacle #457 Derek Jeter ROOKIE Card Iconic RC YANKEES,$12.99,"Sold Mar 8, 2026",N,,,N,Y,$1.32,jbhofautos,New,https://www.ebay.com/itm/306807129966,https://i.ebayimg.com/images/g/AVYAAeSw2KtpqxhK/s-l500.webp
1993 Pinnacle 1st Round Draft Pick PSA 8 Derek Jeter Rookie Card #457,$20.50,"Sold Mar 8, 2026",Y,PSA,8,Y,N,$5.20,celtgirl13,New,https://www.ebay.com/itm/306797713361,https://i.ebayimg.com/images/g/-AcAAeSwmsdppIjv/s-l500.webp
1993 Pinnacle 1st Round Draft Pick Derek Jeter #457 Rookie RC HOF,$6.61,"Sold Mar 8, 2026",N,,,Y,N,$4.99,comc_consignment,New,https://www.ebay.com/itm/257382717879,https://i.ebayimg.com/images/g/dCUAAeSwuFlpogva/s-l500.webp
1993 Pinnacle Derek Jeter 1st Round Draft Pick #457 New York Yankees Baseball,$14.00,"Sold Mar 8, 2026",N,,,N,Y,$1.32,smartdogwalking,New,https://www.ebay.com/itm/168200500638,https://i.ebayimg.com/images/g/dj8AAeSw3uJppfJi/s-l500.webp
1993 Pinnacle #457 Derek Jeter,$4.00,"Sold Mar 8, 2026",N,,,Y,N,$1.25,cardsharksatlanta,New,https://www.ebay.com/itm/157723402829,https://i.ebayimg.com/images/g/izsAAeSwm0Bpp082/s-l500.webp
1993 Pinnacle - 1st Round Draft Pick Derek Jeter #457 (RC),$15.50,"Sold Mar 8, 2026",N,,,Y,N,$5.20,cove508,New,https://www.ebay.com/itm/198147209432,https://i.ebayimg.com/images/g/li4AAeSww4BppKjd/s-l500.webp
1993 Pinnacle - 1st Round Draft Pick Derek Jeter #457 (RC),$10.00,"Sold Mar 8, 2026",N,,,N,N,$5.00,opo-21,New,https://www.ebay.com/itm/147190370630,https://i.ebayimg.com/images/g/sSQAAeSwzNJprDve/s-l500.webp
Derek Jeter 1993 Pinnacle 1st Round RC Rookie #457 PSA 8 Yankees,$35.00,"Sold Mar 8, 2026",Y,PSA,8,N,N,$0.00,j_lcollectibles,New,https://www.ebay.com/itm/177843387437,https://i.ebayimg.com/images/g/5h8AAeSwaBNo3yhT/s-l500.webp
DEREK JETER 1993 PINNACLE #457 ROOKIE RC PSA 9 MINT ✨,$39.99,"Sold Mar 7, 2026",Y,PSA,9,N,N,$7.95,theserenityshoppingdepot,New,https://www.ebay.com/itm/167651245339,https://i.ebayimg.com/images/g/6AQAAeSw585oc83w/s-l500.webp
1993 Pinnacle - 1st Round Draft Pick Derek Jeter #457 (RC),$700.00,"Sold Mar 7, 2026",N,,,N,N,$5.52,damil-9648,New,https://www.ebay.com/itm/188114457560,https://i.ebayimg.com/images/g/yHoAAeSwXH1ppijl/s-l500.webp
1993 Pinnacle 1st Round Draft Pick Derek Jeter #457 Rookie RC HOF,$3.25,"Sold Mar 7, 2026",N,,,Y,N,$4.99,comc_consignment,New,https://www.ebay.com/itm/236657402643,https://i.ebayimg.com/images/g/4twAAeSw615poNmi/s-l500.webp
1993 Pinnacle 1st Round Draft Pick Derek Jeter #457 SGC 6 Rookie RC HOF,$30.00,"Sold Mar 7, 2026",Y,SGC,6,Y,N,$4.99,comc_consignment,New,https://www.ebay.com/itm/236664629398,https://i.ebayimg.com/images/g/GEgAAeSwJGVppc7t/s-l500.webp
1993 Pinnacle - 1st Round Draft Pick Derek Jeter #457 (RC),$80.00,"Sold Mar 7, 2026",N,,,Y,N,$7.00,yal_3722,New,https://www.ebay.com/itm/397660489856,https://i.ebayimg.com/images/g/D3AAAeSwhD1pV~4G/s-l500.webp
1993 Pinnacle #457 Derek Jeter Rookie E1,$10.99,"Sold Mar 6, 2026",N,,,N,Y,$0.00,jawasjunkyard,New,https://www.ebay.com/itm/227193449690,https://i.ebayimg.com/images/g/VS0AAeSwtElpeuUm/s-l500.webp
1993 Pinnacle Baseball DEREK JETER #437 1st Round Draft Pick Yankees,$9.99,"Sold Mar 6, 2026",N,,,N,N,$5.45,sportscardsfanatic4,New,https://www.ebay.com/itm/336464020620,https://i.ebayimg.com/images/g/zFYAAeSw~ZZpqNkM/s-l500.webp
Pinnacle 1993 Derek Jeter 1st Round Draft Pick #457 New York Yankees Baseball,$5.50,"Sold Mar 6, 2026",N,,,Y,N,$1.32,et_49077,New,https://www.ebay.com/itm/336455582261,https://i.ebayimg.com/images/g/dMkAAeSwZ9RpogyF/s-l500.webp
1993 Pinnacle 1st Round Draft Pick Derek Jeter #457 (RC) Beckett 9.5,$225.00,"Sold Mar 6, 2026",N,,,Y,N,$5.52,je_590578,New,https://www.ebay.com/itm/206111368832,https://i.ebayimg.com/images/g/PXgAAeSwMD1pqL86/s-l500.webp
Derek Jeter 1993 Score Pinnacle ROOKIE #457 Yankees NRMT,$15.00,"Sold Mar 5, 2026",N,,,N,N,$1.32,thehsethatruthbult,New,https://www.ebay.com/itm/236610409571,https://i.ebayimg.com/images/g/PMMAAeSw2E9peBk6/s-l500.webp
1993 Pinnacle #457 Derek Jeter ROOKIE RC YANKEES,$10.50,"Sold Mar 5, 2026",N,,,Y,N,$5.75,hoodyscollectibles,New,https://www.ebay.com/itm/147174012753,https://i.ebayimg.com/images/g/~0kAAeSw~AJpoHba/s-l500.webp
1993 Topps - Draft Pick Derek Jeter #98 (RC) Yankees Centered - Mint,$50.00,"Sold Mar 5, 2026",N,,,N,N,$2.00,dano331,New,https://www.ebay.com/itm/377000952165,https://i.ebayimg.com/images/g/sk8AAeSwrUhppEiu/s-l500.webp
DEREK JETER 1993 PINNACLE #457 ROOKIE RC PSA 9 MINT ✨,$55.00,"Sold Mar 5, 2026",Y,PSA,9,N,N,$7.95,theserenityshoppingdepot,New,https://www.ebay.com/itm/167651245341,https://i.ebayimg.com/images/g/ai8AAeSw3Cdoc8zP/s-l500.webp
1993 Score Pinnacle #457 Derek Jeter RC Rookie,$5.50,"Sold Mar 4, 2026",N,,,Y,N,$5.99,sportcardauctionscom,New,https://www.ebay.com/itm/206091480936,https://i.ebayimg.com/images/g/ZdcAAeSwBoFpnc1b/s-l500.webp
113799290 Derek Jeter 1993 Pinnacle #457 Rookie RC PSA 9,$48.88,"Sold Mar 4, 2026",Y,PSA,9,Y,N,$5.50,pc_sportscards,New,https://www.ebay.com/itm/157708663351,https://i.ebayimg.com/images/g/n90AAeSweSRpn1hz/s-l500.webp
1993 Pinnacle #457 Derek Jeter New YOrk Yankees RC Rookie HOF BGS 8 NM-MT,$21.00,"Sold Mar 4, 2026",Y,BGS,8,Y,N,$5.50,probstein123,New,https://www.ebay.com/itm/376992268052,https://i.ebayimg.com/images/g/wB8AAeSwcttpn5kb/s-l500.webp
Derek Jeter 1993 Pinnacle #457 Rookie RC,$6.50,"Sold Mar 4, 2026",N,,,Y,N,$5.50,pc_sportscards,New,https://www.ebay.com/itm/157708663537,https://i.ebayimg.com/images/g/O~sAAeSwJEJpn1Ml/s-l500.webp
1993 Pinnacle - 1st Round Draft Pick Derek Jeter #457 (RC),$12.00,"Sold Mar 4, 2026",N,,,N,N,$1.32,kuuboom,New,https://www.ebay.com/itm/236657881865,https://i.ebayimg.com/images/g/dkUAAeSwayhpoSLV/s-l500.webp
"Derek Jeter 1993 Pinnacle #457 New York Yankees PSA Graded Near Mint-Mint+ ""8.5""",$34.99,"Sold Mar 4, 2026",Y,PSA,8.5,N,N,$4.99,allstarrules,New,https://www.ebay.com/itm/224758983951,https://i.ebayimg.com/images/g/-S8AAeSw61JpVvvE/s-l500.webp
1993 Score: #457 Derek Jeter 1st Round DP RC NM-MT OR BETTER,$9.25,"Sold Mar 3, 2026",N,,,Y,N,$4.95,gregmorrismodern,New,https://www.ebay.com/itm/366218459919,https://i.ebayimg.com/images/g/1lwAAeSwEjFpmg5I/s-l500.webp
1993 Pinnacle Baseball 1st Round Draft Pick Derek Jeter #457 (RC) Yankees Rookie,$13.50,"Sold Mar 2, 2026",N,,,N,N,$1.25,hocrew89,New,https://www.ebay.com/itm/177559572368,https://i.ebayimg.com/images/g/mgEAAeSwUTtpD~Js/s-l500.webp
Derek Jeter Rookie Card 1993 Pinnacle #457 PSA 9 MINT,$50.00,"Sold Mar 2, 2026",Y,PSA,9,N,Y,$0.00,adam_107,New,https://www.ebay.com/itm/275625361248,https://i.ebayimg.com/images/g/mswAAOSwgSZjxFmT/s-l500.webp
1993 Pinnacle - 1st Round Draft Pick Derek Jeter #457 (RC) PSA 9 Mint,$49.00,"Sold Mar 2, 2026",Y,PSA,9,Y,N,$5.99,pappas8622,New,https://www.ebay.com/itm/188088855728,https://i.ebayimg.com/images/g/KRcAAeSwb-FpnLx-/s-l500.webp
1993 Pinnacle Derek Jeter RC PSA 7,$15.00,"Sold Mar 2, 2026",Y,PSA,7,Y,N,$5.00,sepa449,New,https://www.ebay.com/itm/298060357368,https://i.ebayimg.com/images/g/l4YAAeSw6~hpnNpb/s-l500.webp
1993 Pinnacle - 1st Round Draft Pick Derek Jeter #457 (RC),$10.50,"Sold Mar 1, 2026",N,,,Y,N,$1.32,kotarac,New,https://www.ebay.com/itm/127699770939,https://i.ebayimg.com/images/g/ZUcAAeSwws5pm7BP/s-l500.webp
1993 Pinnacle #457 1st Round Draft Pick Derek Jeter Rookie Card SGC-9 Mint,$30.74,"Sold Mar 1, 2026",Y,SGC,9,Y,N,$5.00,abcollectibles1775,New,https://www.ebay.com/itm/317911049482,https://i.ebayimg.com/images/g/2VMAAeSwV0hpmvKC/s-l500.webp
1993 Pinnacle - 1st Round Draft Pick Derek Jeter #457 (RC),$9.50,"Sold Mar 1, 2026",N,,,Y,N,$1.00,michaebradle_54,New,https://www.ebay.com/itm/298057237461,https://i.ebayimg.com/images/g/kE8AAeSwKBBpm4b6/s-l500.webp
1993 Pinnacle - 1st Round Draft Pick Derek Jeter #457 (RC),$11.90,"Sold Mar 1, 2026",N,,,N,N,$1.32,grandadsplace,New,https://www.ebay.com/itm/397655092324,https://i.ebayimg.com/images/g/GQgAAeSwZ15poOkj/s-l500.webp
1993 Pinnacle #457 Derek Jeter RC,$21.86,"Sold Dec 27, 2025",N,,,N,Y,$1.46,sportzcards2025,New,https://www.ebay.com/itm/167735168418,https://i.ebayimg.com/images/g/NNkAAeSwvL9oqJcT/s-l500.webp
1993 Pinnacle #457 Derek Jeter RC Rookie NM New York Yankees HOF *218,$8.00,"Sold Mar 1, 2026",N,,,N,Y,$1.32,,New,https://www.ebay.com/itm/227226648189,https://i.ebayimg.com/images/g/eIYAAeSwVptpmhGc/s-l500.webp
DEREK JETER Rookie RC - 1993 Pinnacle #457 - 1st Round Draft Pick - Yankees,$9.99,"Sold Mar 1, 2026",N,,,N,N,$1.32,wendcollec0,New,https://www.ebay.com/itm/188042938060,https://i.ebayimg.com/images/g/WrAAAeSwy5JpikNE/s-l500.webp
1993 Pinnacle - 1st Round Draft Pick Derek Jeter #457 (RC),$9.50,"Sold Mar 1, 2026",N,,,N,N,$0.00,aquakupo,New,https://www.ebay.com/itm/267590238873,https://i.ebayimg.com/images/g/CHwAAeSw9cNpo8kp/s-l500.webp
2 Card Lot 1993 Pinnacle Derek Jeter #457 RC Yankees Rookie Card NM-MT,$15.50,"Sold Feb 28, 2026",N,,,Y,N,$3.99,newyorksports33,New,https://www.ebay.com/itm/147165482956,https://i.ebayimg.com/images/g/Zk4AAeSwHB9pmf2w/s-l500.webp
1993 Pinnacle Derek Jeter Rookie RC #457 Yankees,$7.52,"Sold Feb 28, 2026",N,,,Y,N,$4.99,dcsports87,New,https://www.ebay.com/itm/127701165494,https://i.ebayimg.com/images/g/ATgAAeSwKpxpnLvr/s-l500.webp
1993 Pinnacle # 457 Derek Jeter NM-MT or Better,$16.61,"Sold Feb 28, 2026",N,,,Y,N,$0.00,jgwilliamson8,New,https://www.ebay.com/itm/327012619831,https://i.ebayimg.com/images/g/MYkAAeSwAiNpmiZe/s-l500.webp
1993 Pinnacle Baseball Draft Pick Rookie #457 Derek Jeter RC SGC 92 NM/MT+ 8.5,$16.51,"Sold Feb 26, 2026",Y,SGC,8.5,Y,N,$5.00,tntnorthnj,New,https://www.ebay.com/itm/366211571586,https://i.ebayimg.com/images/g/r5wAAeSw3pVpli9R/s-l500.webp
1993 Pinnacle #457 Derek Jeter Rookie E1,$10.99,"Sold Feb 26, 2026",N,,,N,Y,$0.00,jawasjunkyard,New,https://www.ebay.com/itm/227196107062,https://i.ebayimg.com/images/g/G7YAAeSw3zdpfXCn/s-l500.webp
1993 Pinnacle #457 Derek Jeter RC Rookie PSA 8 NM-MT 03547561,$20.00,"Sold Feb 26, 2026",Y,PSA,8,Y,N,$0.00,sports-cards-forever,New,https://www.ebay.com/itm/267582886823,https://i.ebayimg.com/images/g/3KYAAeSwJFVpmlXY/s-l500.webp
Derek Jeter 1993 Pinnacle #457 New York Yankees PSA Graded Near Mint-Mint 8 HOF,$29.99,"Sold Feb 26, 2026",Y,PSA,8,N,N,$4.99,allstarrules,New,https://www.ebay.com/itm/224758981243,https://i.ebayimg.com/images/g/w4MAAeSwFQxpkOg9/s-l500.webp
1993 Pinnacle #457 Derek Jeter Rookie,$9.99,"Sold Feb 26, 2026",N,,,N,N,$1.32,fullhousesportscards,New,https://www.ebay.com/itm/257356296309,https://i.ebayimg.com/images/g/MKAAAeSwgiJpjS-o/s-l500.webp
1993 Pinnacle #457 Derek Jeter RC,$9.00,"Sold Feb 25, 2026",N,,,N,Y,$1.50,coschl46,New,https://www.ebay.com/itm/406680222875,https://i.ebayimg.com/images/g/YUYAAeSwzFhph~4u/s-l500.webp
1993 Score- Pinnacle: 1st Round Draft Pick Derek Jeter Card #457,$8.50,"Sold Feb 25, 2026",N,,,N,Y,$1.32,natescards88,New,https://www.ebay.com/itm/287159949299,https://i.ebayimg.com/images/g/W3cAAeSwm4BplSXS/s-l500.webp
1993 Pinnacle - 1st Round Draft Pick Derek Jeter #457 (RC),$9.90,"Sold Feb 25, 2026",N,,,N,N,$1.32,grandadsplace,New,https://www.ebay.com/itm/397650137709,https://i.ebayimg.com/images/g/jnkAAeSwsh9pn5Cb/s-l500.webp
1993 Pinnacle - 1st Round Draft Pick Derek Jeter #457 (RC) NY Yankees,$5.95,"Sold Feb 25, 2026",N,,,N,N,$5.77,richzmn8,New,https://www.ebay.com/itm/336436207275,https://i.ebayimg.com/images/g/LSIAAeSwN6dpkXUq/s-l500.webp
1993 Pinnacle - 1st Round Draft Pick Derek Jeter #457 Rookie NM Ungraded HOF MLB,$10.99,"Sold Feb 25, 2026",N,,,N,N,$1.75,the_cardbutler,New,https://www.ebay.com/itm/227195929061,https://i.ebayimg.com/images/g/ypoAAeSwAUhpfUcw/s-l500.webp
1993 Pinnacle #457 Derek Jeter New York Yankees RC HOF MINT NO RESERVE!,$13.50,"Sold Feb 25, 2026",N,,,Y,N,$1.50,cw-valuecards,New,https://www.ebay.com/itm/188072564567,https://i.ebayimg.com/images/g/b94AAeSwpCVpllEh/s-l500.webp
DEREK JETER 1993 PINNACLE 1st ROUND DRAFT PICK ROOKIE CARD #457 N.Y. YANKEES,$9.99,"Sold Feb 25, 2026",N,,,N,N,$1.00,ronkar88,New,https://www.ebay.com/itm/188075865263,https://i.ebayimg.com/images/g/gSYAAeSw8nxpl6uS/s-l500.webp
1993 PINNACLE #457 DEREK JETER PSA 10 81359726,$699.99,"Sold Feb 25, 2026",Y,PSA,10,N,N,$0.00,amerlegends,New,https://www.ebay.com/itm/147137031810,https://i.ebayimg.com/images/g/bpkAAeSwpf9pg7CE/s-l500.webp
1993 PINNACLE DEREK JETER ROOKIE (RC) #457 PSA 9! (NEW PSA LABEL!),$57.99,"Sold Feb 24, 2026",Y,PSA,9,N,N,$4.77,ingselect,New,https://www.ebay.com/itm/157693797997,https://i.ebayimg.com/images/g/9-wAAeSwJPdpl5Yg/s-l500.webp
1993 Pinnacle #457 Derek Jeter New York Yankees RC Rookie HOF,$9.99,"Sold Feb 24, 2026",N,,,N,Y,$0.00,jel_sports_cards,New,https://www.ebay.com/itm/147168889089,https://i.ebayimg.com/images/g/6QEAAeSw2bppmHVM/s-l500.webp
1993 Pinnacle - 1st Round Draft Pick Derek Jeter #457 (RC),$1.00,"Sold Feb 23, 2026",N,,,Y,N,$4.88,gpfirstcoastcards,New,https://www.ebay.com/itm/206074485334,https://i.ebayimg.com/images/g/6BoAAeSwP9hpk0w6/s-l500.webp
1993 Pinnacle 1st Round Draft Pick Derek Jeter #457 Rookie RC HOF,$11.04,"Sold Feb 23, 2026",N,,,Y,N,$4.99,comc_consignment,New,https://www.ebay.com/itm/336448687029,https://i.ebayimg.com/images/g/pIcAAeSwm2ZpnHdN/s-l500.webp
1993 Pinnacle - 1st Round Draft Pick Derek Jeter #457 (RC),$5.99,"Sold Feb 23, 2026",N,,,N,N,$1.32,collectors-pitstop,New,https://www.ebay.com/itm/157701168354,https://i.ebayimg.com/images/g/EkAAAeSwsaBphBFo/s-l500.webp
1993 Pinnacle #457 Derek Jeter New York Yankees RC Rookie HOF,$9.99,"Sold Feb 23, 2026",N,,,N,Y,$0.00,jel_sports_cards,New,https://www.ebay.com/itm/137054993791,https://i.ebayimg.com/images/g/6QEAAeSw2bppmHVM/s-l500.webp
1993 Pinnacle - 1st Round Draft Pick Derek Jeter #457 (RC),$9.45,"Sold Feb 22, 2026",N,,,N,N,$1.32,tc_classic_cardboard,New,https://www.ebay.com/itm/366185939187,https://i.ebayimg.com/images/g/bxEAAeSwzotpiMyq/s-l500.webp
1993 Pinnacle Rookie 1st Round Draft Pick Derek Jeter #457 New York Yankees MLB,$6.75,"Sold Feb 22, 2026",N,,,N,Y,$1.32,jacobephillips,New,https://www.ebay.com/itm/358248269793,https://i.ebayimg.com/images/g/dwQAAeSwtchpm5-U/s-l500.webp
1993 Pinnacle Derek Jeter #457 BGS 8.5 RC Rookie HOF YANKEES,$19.99,"Sold Feb 22, 2026",Y,BGS,8.5,Y,N,$5.99,koollector4,New,https://www.ebay.com/itm/267577425973,https://i.ebayimg.com/images/g/E10AAeSw-PppheMn/s-l500.webp
1993 Pinnacle - 1st Round Draft Pick #457 Derek Jeter Yankees,$9.00,"Sold Feb 22, 2026",N,,,N,N,$1.00,germanb95,New,https://www.ebay.com/itm/188079179850,https://i.ebayimg.com/images/g/kp0AAeSw88xpmOlH/s-l500.webp
1993 Pinnacle - 1st Round Draft Pick #457 Derek Jeter (RC) graded PSA 9 mint,$62.00,"Sold Feb 22, 2026",Y,PSA,9,N,Y,$4.44,wayne1917robert,New,https://www.ebay.com/itm/135243587840,https://i.ebayimg.com/images/g/hx4AAOSwz3lm4mVG/s-l500.webp
1993 Pinnacle 1st Round Derek Jeter #457,$20.01,"Sold Feb 22, 2026",N,,,Y,N,$5.07,la-601475,New,https://www.ebay.com/itm/397629372247,https://i.ebayimg.com/images/g/7CoAAeSwkI1pl4Pl/s-l500.webp
1993 Pinnacle - 1st Round Draft Pick Derek Jeter #457 (RC),$11.00,"Sold Feb 22, 2026",N,,,Y,N,$1.32,nutbag2211,New,https://www.ebay.com/itm/358221843332,https://i.ebayimg.com/images/g/ekAAAeSw1bxpkj4m/s-l500.webp
1993 Pinnacle - 1st Round Draft Pick Derek Jeter #457 (RC) FREE SHIPPING,$5.99,"Sold Feb 22, 2026",N,,,N,Y,$0.00,kramersbox,New,https://www.ebay.com/itm/188009773217,https://i.ebayimg.com/images/g/ULIAAeSwz0NpfRLn/s-l500.webp
1993 Pinnacle - 1st Round Draft Pick Derek Jeter #457 (RC) FREE SHIPPING,$9.50,"Sold Feb 22, 2026",N,,,Y,N,$0.00,melissasantos2207,New,https://www.ebay.com/itm/177866187730,https://i.ebayimg.com/images/g/XecAAeSwPNNpkjrz/s-l500.webp
1993 Pinnacle Derek Jeter Rookie RC #457 Yankees Graded Arena Club 8,$12.45,"Sold Feb 21, 2026",N,,,Y,N,$5.85,ray910,New,https://www.ebay.com/itm/137038466939,https://i.ebayimg.com/images/g/DuYAAeSwxvxpjm0Q/s-l500.webp
1993 Pinnacle #457 Derek Jeter,$9.50,"Sold Feb 21, 2026",N,,,N,N,$1.50,tofer26,New,https://www.ebay.com/itm/137019489766,https://i.ebayimg.com/images/g/TeYAAeSwPu1phoXO/s-l500.webp
1993 Pinnacle - 1st Round Draft Pick #457 Derek Jeter Yankees,$9.00,"Sold Feb 20, 2026",N,,,N,N,$1.00,germanb95,New,https://www.ebay.com/itm/188068480325,https://i.ebayimg.com/images/g/S~cAAeSwxGNplKRA/s-l500.webp
1993 Pinnacle #457 Derek Jeter New York Yankees RC Rookie HOF,$9.99,"Sold Feb 19, 2026",N,,,N,Y,$0.00,jel_sports_cards,New,https://www.ebay.com/itm/137042220419,https://i.ebayimg.com/images/g/rfQAAeSwEYJpkyrH/s-l500.webp
1993 Pinnacle Derek Jeter Rookie RC #457 Yankees,$8.50,"Sold Feb 19, 2026",N,,,Y,N,$4.99,dcsports87,New,https://www.ebay.com/itm/376964736225,https://i.ebayimg.com/images/g/Lf4AAeSwr75pkNNi/s-l500.webp
1993 Pinnacle Derek Jeter #457 PSA 9 Rookie 1st Round Draft Pick Yankees,$55.00,"Sold Feb 19, 2026",Y,PSA,9,N,N,$3.00,tballhead,New,https://www.ebay.com/itm/188072394510,https://i.ebayimg.com/images/g/SzQAAeSwx-1pljwk/s-l500.webp
Derek Jeter 1993 Pinnacle #457 Rookie New York Yankees,$14.99,"Sold Feb 18, 2026",N,,,N,Y,$1.32,edge-6323,New,https://www.ebay.com/itm/358183162843,https://i.ebayimg.com/images/g/Dq8AAeSwUy9pgVHO/s-l500.webp
1993 Pinnacle - 1st Round Draft Pick Derek Jeter #457 (RC),$9.45,"Sold Feb 17, 2026",N,,,N,Y,$1.32,tc_classic_cardboard,New,https://www.ebay.com/itm/366185929066,https://i.ebayimg.com/images/g/-j0AAeSwJilpiMuE/s-l500.webp
1993 Pinnacle #457 Derek Jeter Rookie (RC) Draft Pick SGC 9 Mint!!,$31.00,"Sold Feb 17, 2026",Y,SGC,9,Y,N,$5.99,gotbaseballcards,New,https://www.ebay.com/itm/397589642491,https://i.ebayimg.com/images/g/IDAAAeSwV2dpijn0/s-l500.webp
1993 Derek Jeter Pinnacle Rookie Card #457 - Very Nice!,$19.99,"Sold Feb 17, 2026",N,,,N,N,$5.07,ripdingers,New,https://www.ebay.com/itm/225516452479,https://i.ebayimg.com/images/g/3koAAOSwvmFggauL/s-l500.webp
1993 Pinnacle - 1st Round Draft Pick #457 Derek Jeter Yankees,$9.00,"Sold Feb 16, 2026",N,,,N,N,$1.00,germanb95,New,https://www.ebay.com/itm/188066205802,https://i.ebayimg.com/images/g/aEkAAeSwSdFpk7R7/s-l500.webp
1993 Pinnacle - 1st Round Draft Pick Derek Jeter #457 (RC),$3.99,"Sold Feb 16, 2026",N,,,Y,N,$1.32,jendyl55,New,https://www.ebay.com/itm/147145815967,https://i.ebayimg.com/images/g/GM8AAeSwjZxpikcr/s-l500.webp
1993 Pinnacle 1st Round Draft Pick Derek Jeter #457 Rookie RC HOF,$14.99,"Sold Feb 16, 2026",N,,,N,N,$0.00,busterpullzcardz,New,https://www.ebay.com/itm/168107455095,https://i.ebayimg.com/images/g/l6YAAeSwiZtpdM-3/s-l500.webp
1993 Pinnacle - 1st Round Draft Pick Derek Jeter #457 (RC),$0.99,"Sold Feb 16, 2026",N,,,Y,N,$5.20,camosfinds,New,https://www.ebay.com/itm/177854371157,https://i.ebayimg.com/images/g/YOgAAeSwZJxpjNRl/s-l500.webp
1993 Pinnacle Derek Jeter Rookie RC #457 PSA 9 Mint HOF New York Yankees,$69.99,"Sold Feb 16, 2026",Y,PSA,9,N,N,$5.50,gl_sportscards21,New,https://www.ebay.com/itm/326912795434,https://i.ebayimg.com/images/g/T1UAAeSwih9pPuRg/s-l500.webp
1993 Pinnacle #457 Derek Jeter,$8.00,"Sold Feb 16, 2026",N,,,N,Y,$1.12,scooter_18cards,New,https://www.ebay.com/itm/157680612651,https://i.ebayimg.com/images/g/i6gAAeSwT6hpj6DA/s-l500.webp
1993 Pinnacle #457 - Derek Jeter,$3.99,"Sold Feb 15, 2026",N,,,N,N,$1.99,rookie-cardboard,New,https://www.ebay.com/itm/389564343830,https://i.ebayimg.com/images/g/YvwAAeSw-3lpeeIR/s-l500.webp
1993 Pinnacle: #457 Derek Jeter DP RC NR-MINT,$8.50,"Sold Feb 15, 2026",N,,,Y,N,$4.95,gregmorrismodern,New,https://www.ebay.com/itm/366178928504,https://i.ebayimg.com/images/g/C5UAAeSwy5JphROX/s-l500.webp
1993 Pinnacle Derek Jeter Rookie RC #457 - New York Yankees,$9.95,"Sold Feb 15, 2026",N,,,N,Y,$1.00,fairway_sports_cards,New,https://www.ebay.com/itm/117035554822,https://i.ebayimg.com/images/g/7lAAAeSwSBNpjzjZ/s-l500.webp
1993 Topps Derek Jeter Pinnacle #457 Rookie RC PSA 8 New York Yankees,$26.99,"Sold Feb 14, 2026",Y,PSA,8,N,N,$5.99,battleborn78,New,https://www.ebay.com/itm/257360654482,https://i.ebayimg.com/images/g/CtgAAeSwIUVpkMP1/s-l500.webp
1993 Pinnacle #457 Derek Jeter RC Rookie PSA 9 Mint 03547560,$58.56,"Sold Feb 14, 2026",Y,PSA,9,Y,N,$0.00,sports-cards-forever,New,https://www.ebay.com/itm/267572042169,https://i.ebayimg.com/images/g/V-QAAeSwkYtpioUZ/s-l500.webp
"1993 Pinnacle #457 Derek Jeter Rookie Card RC, New York Yankees BGS 9 Great Subs",$49.99,"Sold Feb 14, 2026",Y,BGS,9,N,N,$4.99,battleborn78,New,https://www.ebay.com/itm/257346578013,https://i.ebayimg.com/images/g/7EAAAeSwIkZphNkt/s-l500.webp
DEREK JETER 1993 PINNACLE #457 ROOKIE RC BGS 8.5 MINT ✨,$38.00,"Sold Feb 14, 2026",Y,BGS,8.5,N,N,$5.52,4cats_wildcards,New,https://www.ebay.com/itm/389450816896,https://i.ebayimg.com/images/g/9-IAAeSwPuhpWaXu/s-l500.webp
Pinnacle 1993 Derek Jeter #457 PSA 8 New York Yankees Rookie Card,$24.24,"Sold Feb 13, 2026",Y,PSA,8,N,N,$8.10,polle_da,New,https://www.ebay.com/itm/287140277288,https://i.ebayimg.com/images/g/xnsAAeSwv~Rpj1p6/s-l500.webp
1993 Pinnacle #457 DEREK JETER Rookie RC PSA 9 MINT New York Yankees,$59.95,"Sold Feb 13, 2026",Y,PSA,9,N,N,$5.50,sporhero,New,https://www.ebay.com/itm/366031867343,https://i.ebayimg.com/images/g/qywAAeSw3PFpLgSQ/s-l500.webp
DEREK JETER 1993 PINNACLE 1ST ROUND DRAFT PICK ROOKIE CARD #457 N.Y. YANKEES,$4.99,"Sold Feb 13, 2026",N,,,Y,N,$1.25,ronkar88,New,https://www.ebay.com/itm/177846807078,https://i.ebayimg.com/images/g/dsEAAeSwLnxpgUiO/s-l500.webp
1993 Pinnacle Derek Jeter Rookie #457 PSA 8 1st Round Draft Pick Yankees,$19.99,"Sold Feb 13, 2026",Y,PSA,8,Y,N,$5.45,kf_cards97,New,https://www.ebay.com/itm/389585957421,https://i.ebayimg.com/images/g/VEUAAeSwwwtpc4C2/s-l500.webp
1993 Pinnacle Derek Jeter Rookie RC #457 Yankees,$10.49,"Sold Feb 12, 2026",N,,,Y,N,$4.99,dcsports87,New,https://www.ebay.com/itm/127671473698,https://i.ebayimg.com/images/g/jS4AAeSw0m9ph2ts/s-l500.webp
1993 Pinnacle Derek Jeter Rookie RC #457 Yankees,$10.50,"Sold Feb 11, 2026",N,,,Y,N,$4.99,dcsports87,New,https://www.ebay.com/itm/376937132237,https://i.ebayimg.com/images/g/-jEAAeSwdQVphYK3/s-l500.webp
Derek Jeter 1993 Pinnacle #457 New York Yankees PSA Graded Near Mint-Mint 8 HOF,$24.49,"Sold Feb 11, 2026",Y,PSA,8,N,N,$7.95,marcdalton1986,New,https://www.ebay.com/itm/277717163231,https://i.ebayimg.com/images/g/xIwAAeSwIaRpi8lR/s-l500.webp
EL.208 Derek Jeter 1993 Pinnacle #457 Rookie RC BGS 8.5,$22.00,"Sold Feb 11, 2026",Y,BGS,8.5,Y,N,$5.50,pc_sportscards,New,https://www.ebay.com/itm/157662167660,https://i.ebayimg.com/images/g/608AAeSwQAVphQHv/s-l500.webp
1993 Pinnacle #457 Derek Jeter New York Yankees RC Rookie HOF SGC 98 GEM 10,$306.51,"Sold Feb 10, 2026",Y,SGC,10,Y,N,$5.50,probstein123,New,https://www.ebay.com/itm/376929333055,https://i.ebayimg.com/images/g/6-MAAeSw9GFpgnxL/s-l500.webp
DEREK JETERS 1993 PINNACLE #457 SGC 8 NMMT RC CENTERED SCRATCH FREE GRADING CASE,$0.99,"Sold Feb 10, 2026",Y,SGC,8,N,Y,$0.00,7msports,New,https://www.ebay.com/itm/267572753928,https://i.ebayimg.com/images/g/WlgAAeSwgiJpi49j/s-l500.webp
1993 Pinnacle 1st Round Draft Pick Derek Jeter #457 SGC 6 Rookie RC HOF,$14.00,"Sold Feb 9, 2026",Y,SGC,6,Y,N,$4.99,comc_consignment,New,https://www.ebay.com/itm/236626489403,https://i.ebayimg.com/images/g/IDsAAeSwo59pigDY/s-l500.webp
1993 PINNACLE #457 DEREK JETER ROOKIE RC PSA 7,$20.00,"Sold Feb 9, 2026",Y,PSA,7,N,Y,$5.99,psa,New,https://www.ebay.com/itm/117024047928,https://i.ebayimg.com/images/g/nrcAAeSwkYtphyxP/s-l500.webp
1993 Pinnacle Derek Jeter Rookie Card #457 1st Round Draft Pick Yankees,$8.42,"Sold Feb 9, 2026",N,,,N,Y,$1.32,bigv2484,New,https://www.ebay.com/itm/267565526591,https://i.ebayimg.com/images/g/poAAAeSwyqhpgVVo/s-l500.webp
1993 Pinnacle 1st Round Draft Pick #457 Derek Jeter Rookie RC Yankees BGS 8,$14.99,"Sold Feb 9, 2026",Y,BGS,8,N,N,$5.00,brownsbuckeyefan25,New,https://www.ebay.com/itm/177810816204,https://i.ebayimg.com/images/g/RHsAAeSwLrZpd-kX/s-l500.webp
1993 Pinnacle #457 - Derek Jeter,$4.99,"Sold Feb 8, 2026",N,,,N,Y,$1.32,lilliepadshobbies,New,https://www.ebay.com/itm/198076951120,https://i.ebayimg.com/images/g/FggAAeSweR9pgnFF/s-l500.webp
Beautiful 1993 Pinnacle Derek Jeter RC 1st Round Draft Picks Yankees #457,$4.25,"Sold Feb 8, 2026",N,,,Y,N,$4.95,krykod_0,New,https://www.ebay.com/itm/358186319896,https://i.ebayimg.com/images/g/qA0AAeSwaNVpfAbf/s-l500.webp
1993 Pinnacle 1st Round Draft Pick Derek Jeter #457 (RC),$25.00,"Sold Feb 8, 2026",N,,,N,N,$0.00,newportlights,New,https://www.ebay.com/itm/366184719772,https://i.ebayimg.com/images/g/kwkAAeSwWQFpiBnW/s-l500.webp
1993 Pinnacle #457 Derek Jeter RC Rookie YANKEES,$3.25,"Sold Feb 7, 2026",N,,,Y,N,$3.99,newyorksports33,New,https://www.ebay.com/itm/147128703456,https://i.ebayimg.com/images/g/1osAAeSwjs1pfnUR/s-l500.webp
Pinnacle 1993 1st Round Draft Pick Derek Jeter #457 Yankees Rookie Baseball Card,$9.96,"Sold Feb 7, 2026",N,,,N,N,$1.32,drixsportscards,New,https://www.ebay.com/itm/389584268141,https://i.ebayimg.com/images/g/aMwAAeSwiLRphX7f/s-l500.webp
1993 Pinnacle: #457 Derek Jeter DP RC NM-MT OR BETTER,$11.51,"Sold Feb 6, 2026",N,,,Y,N,$4.95,gregmorrismodern,New,https://www.ebay.com/itm/366155081235,https://i.ebayimg.com/images/g/iYcAAeSwLnxpeRDo/s-l500.webp
Derek Jeter Lot of 4 Pinnacle Rookie Cards #457,$31.00,"Sold Feb 6, 2026",N,,,Y,N,$5.07,austin8,New,https://www.ebay.com/itm/137004436463,https://i.ebayimg.com/images/g/qsYAAeSwu2Rpf2EV/s-l500.webp
1993 Pinnacle #457 Derek Jeter RC ........SGC....9 MINT,$29.00,"Sold Feb 6, 2026",Y,SGC,9,Y,N,$0.00,10plus10,New,https://www.ebay.com/itm/277663160620,https://i.ebayimg.com/images/g/mssAAeSwW9VpfAVD/s-l500.webp
1993 Derek Jeter Pinnacle 457 Rookie Card,$34.99,"Sold Feb 5, 2026",N,,,N,Y,$7.95,jimmybscards,New,https://www.ebay.com/itm/336373722407,https://i.ebayimg.com/images/g/FS4AAeSwYHZpWaCy/s-l500.webp
1993 PINNACLE #457 DEREK JETER ROOKIE RC CLEAN Card,$29.99,"Sold Feb 5, 2026",N,,,N,Y,$5.89,nanasdugout,New,https://www.ebay.com/itm/406663645959,https://i.ebayimg.com/images/g/uokAAeSwm71pTwHt/s-l500.webp
1993 Pinnacle #457 Derek Jeter RC PSA 9,$69.00,"Sold Feb 5, 2026",Y,PSA,9,N,N,$5.30,rustingbolts,New,https://www.ebay.com/itm/314838054042,https://i.ebayimg.com/images/g/jEEAAOSw4~JlEvfa/s-l500.webp
1993 Pinnacle #457 - Derek Jeter RC Yankees,$5.00,"Sold Feb 5, 2026",N,,,N,N,$1.32,houmo-150,New,https://www.ebay.com/itm/397572638661,https://i.ebayimg.com/images/g/fGcAAeSwdcZphCmV/s-l500.webp
1993 Pinnacle #457 Derek Jeter RC Rookie YANKEES,$9.50,"Sold Feb 4, 2026",N,,,Y,N,$5.75,hoodyscollectibles,New,https://www.ebay.com/itm/136994046054,https://i.ebayimg.com/images/g/D0IAAeSwKJlpesIZ/s-l500.webp
1993 Pinnacle Derek Jeter 457 PSA 9,$67.49,"Sold Feb 4, 2026",Y,PSA,9,N,N,$0.00,duffy0319845,New,https://www.ebay.com/itm/336359442243,https://i.ebayimg.com/images/g/wroAAeSwx~1pTHdu/s-l500.webp
1993 PINNACLE DEREK JETER #457 NY YANKEES NM-MT RC ROOKIE,$17.50,"Sold Feb 4, 2026",N,,,N,N,$1.35,ct_trading_card_connection_2005,New,https://www.ebay.com/itm/325934909907,https://i.ebayimg.com/images/g/5I4AAOSwC7FlgaN8/s-l500.webp
1993 Pinnacle - 1st Round Draft Pick Derek Jeter #457 (RC) PSA 9 Mint,$52.55,"Sold Feb 4, 2026",Y,PSA,9,Y,N,$5.99,pappas8622,New,https://www.ebay.com/itm/188002488343,https://i.ebayimg.com/images/g/LdUAAeSwU~Bpelmm/s-l500.webp
1993 Pinnacle Derek Jeter 457 PSA 9,$67.49,"Sold Feb 4, 2026",Y,PSA,9,N,N,$0.00,duffy0319845,New,https://www.ebay.com/itm/336359435798,https://i.ebayimg.com/images/g/pHEAAeSw4cVpTHYO/s-l500.webp
1993 Pinnacle - 1st Round Draft Pick Derek Jeter #457 (RC),$610.00,"Sold Feb 4, 2026",N,,,Y,N,$5.29,de-61490266,New,https://www.ebay.com/itm/406647304277,https://i.ebayimg.com/images/g/x4wAAeSwjrhpehsI/s-l500.webp
1993 PINNACLE #457 Derek Jeter Rookie Card PSA 9 MINT New York Yankees HOF,$59.99,"Sold Feb 3, 2026",Y,PSA,9,N,N,$5.99,taga6253,New,https://www.ebay.com/itm/227186475849,https://i.ebayimg.com/images/g/DgwAAeSw9aBpdAnT/s-l500.webp
1993 Pinnacle #457 Derek Jeter BASEBALL New York Yankees CSG 8.5,$20.00,"Sold Feb 3, 2026",Y,CSG,8.5,N,N,$4.99,dreamzsportscards,New,https://www.ebay.com/itm/376768931933,https://i.ebayimg.com/images/g/yXUAAeSw6whpNxts/s-l500.webp
1993 Pinnacle - 1st Round Draft Pick Derek Jeter #457 (RC),$4.25,"Sold Feb 3, 2026",N,,,Y,N,$1.32,gotemdealz,New,https://www.ebay.com/itm/287104106236,https://i.ebayimg.com/images/g/QNgAAeSwcsxpeOyZ/s-l500.webp
1993 Pinnacle #457 Derek Jeter New York Yankees RC Rookie HOF PSA 9 MINT,$54.00,"Sold Feb 2, 2026",Y,PSA,9,Y,N,$5.50,probstein123,New,https://www.ebay.com/itm/389542084075,https://i.ebayimg.com/images/g/WCoAAeSwhd9pd61~/s-l500.webp
1993 Pinnacle - 1st Round Draft Pick Derek Jeter #457 (RC),$9.00,"Sold Feb 1, 2026",N,,,N,Y,$1.32,rytes1545,New,https://www.ebay.com/itm/317830410135,https://i.ebayimg.com/images/g/dRYAAeSwashpf~sH/s-l500.webp
1993 Pinnacle - 1st Round Draft Pick Derek Jeter #457 (RC),$4.99,"Sold Feb 1, 2026",N,,,N,N,$1.32,goatcards334,New,https://www.ebay.com/itm/376921443143,https://i.ebayimg.com/images/g/RZIAAeSwzXFpf0dY/s-l500.webp
1993 Pinnacle Baseball #457 Derek Jeter Rookie RC,$6.99,"Sold Feb 1, 2026",N,,,N,N,$1.32,jennhandric_0,New,https://www.ebay.com/itm/389562191787,https://i.ebayimg.com/images/g/WrcAAeSwIkZpflpM/s-l500.webp
1993 Pinnacle #457 Derek Jeter RC,$19.99,"Sold Jan 31, 2026",N,,,N,N,$2.95,wiser,New,https://www.ebay.com/itm/126784610214,https://i.ebayimg.com/images/g/hrkAAOSwOgRnOl7j/s-l500.webp
1993 Pinnacle Derek Jeter Rookie #457 BGS 9.5 GEM MINT 💎 10 Centering,$425.00,"Sold Jan 31, 2026",Y,BGS,9.5,N,Y,$0.00,sticks_and_slabs,New,https://www.ebay.com/itm/286868570408,https://i.ebayimg.com/images/g/hHkAAeSw~ado6GPH/s-l500.webp
DEREK JETER 1993 Pinnacle #457 Rookie RC,$25.49,"Sold Jan 31, 2026",N,,,N,N,$0.00,raynorshine34,New,https://www.ebay.com/itm/267125344864,https://i.ebayimg.com/images/g/UDwAAOSwQPtnhwrU/s-l500.webp
1993 Pinnacle #457 Derek Jeter New York Yankees Rookie Rc 1st Round Draft Pick,$14.84,"Sold Jan 31, 2026",N,,,N,N,$0.74,continuumplay,New,https://www.ebay.com/itm/406606089242,https://i.ebayimg.com/images/g/Q0IAAeSwFHhpap-Y/s-l500.webp
1993 Derek Jeter Pinnacle #457 1st Round Draft Pick,$12.99,"Sold Jan 31, 2026",N,,,N,N,$5.00,hit620fire732,New,https://www.ebay.com/itm/146696735758,https://i.ebayimg.com/images/g/i9kAAeSw-W5obT8H/s-l500.webp
Derek Jeter 1993 Pinnacle #457 Rookie New York Yankees,$14.99,"Sold Jan 31, 2026",N,,,N,Y,$1.32,edge-6323,New,https://www.ebay.com/itm/358163440256,https://i.ebayimg.com/images/g/LjcAAeSw8A5peXS8/s-l500.webp
1993 Pinnacle Derek Jeter First Round Draft Pick #457,$4.01,"Sold Jan 31, 2026",N,,,Y,N,$12.13,shut-andre,New,https://www.ebay.com/itm/267556017605,https://i.ebayimg.com/images/g/SOIAAeSwVvNpdQLv/s-l500.webp
1993 Pinnacle #457 Derek Jeter New York Yankees RC Rookie HOF BGS 9.5,$274.99,"Sold Jan 30, 2026",Y,BGS,9.5,N,Y,$0.00,ozarkmountaincollectibles,New,https://www.ebay.com/itm/277561144840,https://i.ebayimg.com/images/g/b-oAAeSwHb5pNPu1/s-l500.webp
1993 Pinnacle #457 Derek Jeter ROOKIE Yankees,$9.99,"Sold Jan 30, 2026",N,,,N,N,$1.50,dugan1,New,https://www.ebay.com/itm/297960310140,https://i.ebayimg.com/images/g/iHsAAeSwWyNo8xZQ/s-l500.webp
Derek Jeter 1993 Pinnacle #457 lot of 2 | 07 | BB,$14.00,"Sold Jan 30, 2026",N,,,N,N,$1.00,ukwed92,New,https://www.ebay.com/itm/236559431260,https://i.ebayimg.com/images/g/DGwAAeSwUzJpVqS~/s-l500.webp
1993 Pinnacle - 1st Round Draft Pick Derek Jeter #457 (RC),$24.74,"Sold Jan 29, 2026",N,,,N,Y,$0.00,blueridgecardshop,New,https://www.ebay.com/itm/257335835662,https://i.ebayimg.com/images/g/LU4AAeSwT7ppe-be/s-l500.webp
1993 Pinnacle Baseball #457 Derek Jeter Rookie RC,$8.94,"Sold Jan 29, 2026",N,,,Y,N,$5.00,tntnorthnj,New,https://www.ebay.com/itm/366142011854,https://i.ebayimg.com/images/g/abgAAeSw6B9pcb5V/s-l500.webp
1993 Pinnacle - 1st Round Draft Pick Derek Jeter #457 (RC),$8.19,"Sold Jan 28, 2026",N,,,N,N,$1.32,rytes1545,New,https://www.ebay.com/itm/317807272425,https://i.ebayimg.com/images/g/bIUAAeSwgsVpeCvN/s-l500.webp
1993 Pinnacle Derek Jeter Rookie RC #457 Yankees,$14.06,"Sold Jan 28, 2026",N,,,Y,N,$4.99,dcsports87,New,https://www.ebay.com/itm/376884108216,https://i.ebayimg.com/images/g/qU4AAeSwaxNpcRij/s-l500.webp
1993 Pinnacle Derek Jeter 1st Round Draft Pick #457 (RC),$19.99,"Sold Jan 28, 2026",N,,,N,Y,$1.32,yncera8_2012,New,https://www.ebay.com/itm/115931771169,https://i.ebayimg.com/images/g/A3wAAOSwyvFlG8Bm/s-l500.webp
1993 Pinnacle Derek Jeter RC #457 Yankees,$12.99,"Sold Jan 27, 2026",N,,,N,Y,$0.00,diggzys,New,https://www.ebay.com/itm/389547691857,https://i.ebayimg.com/images/g/SZ4AAeSwO0RpeV8u/s-l500.webp
1993 Pinnacle 1st Round Draft Pick Derek Jeter #457 (RC) Corners Not Perfect.,$10.50,"Sold Jan 27, 2026",N,,,Y,N,$1.95,ecwcaps,New,https://www.ebay.com/itm/306726242712,https://i.ebayimg.com/images/g/5DsAAeSw~gBpcuMK/s-l500.webp
1993 Pinnacle - 1st Round Draft Pick Derek Jeter #457 (RC),$9.75,"Sold Jan 27, 2026",N,,,N,N,$1.32,bobo_baggins_bargains,New,https://www.ebay.com/itm/236602284648,https://i.ebayimg.com/images/g/qvwAAeSwBk1pd4a6/s-l500.webp
1993 Pinnacle - 1st Round Draft Pick Derek Jeter #457 (RC),$230.12,"Sold Jan 27, 2026",N,,,N,N,$5.29,skins20,New,https://www.ebay.com/itm/397509148373,https://i.ebayimg.com/images/g/qKgAAeSwURlpRMQ5/s-l500.webp
1993 Pinnacle #457 Derek Jeter RC Rookie YANKEES HOF,$10.38,"Sold Jan 26, 2026",N,,,Y,N,$5.75,hoodyscollectibles,New,https://www.ebay.com/itm/136956206568,https://i.ebayimg.com/images/g/pzIAAeSw28NpawYh/s-l500.webp
1993 PINNACLE DEREK JETER ROOKIE CARD CSG MINT 9 (011),$19.97,"Sold Jan 26, 2026",Y,CSG,9,Y,N,$5.99,bbcforu,New,https://www.ebay.com/itm/187969113350,https://i.ebayimg.com/images/g/5V4AAeSwWvdpOJ1u/s-l500.webp
1993 PINNACLE #457 DEREK JETER ROOKIE RC PSA 10,$609.50,"Sold Jan 26, 2026",Y,PSA,10,Y,N,$5.99,psa,New,https://www.ebay.com/itm/306718722556,https://i.ebayimg.com/images/g/tREAAeSwySZpbZFX/s-l500.webp
1993 PINNACLE Derek Jeter Mint RC #457 PSA 9,$62.95,"Sold Jan 26, 2026",Y,PSA,9,N,N,$0.00,bourbonbeltcards,New,https://www.ebay.com/itm/168079376399,https://i.ebayimg.com/images/g/WxMAAeSw0RxpZkPS/s-l500.webp
1993 Pinnacle - 1st Round Draft Pick Derek Jeter #457 (RC),$11.50,"Sold Jan 26, 2026",N,,,Y,N,$0.74,sportscards2000,New,https://www.ebay.com/itm/168094755600,https://i.ebayimg.com/images/g/I6UAAeSwuWxoyuCB/s-l500.webp
Derek Jeter 1993 Pinnacle Baseball Card #457 ROOKIE RC SHARP Yankees The Captain,$10.27,"Sold Jan 25, 2026",N,,,Y,N,$1.25,cardsandcollectibles03,New,https://www.ebay.com/itm/406621933145,https://i.ebayimg.com/images/g/MGoAAeSwivJpcDIA/s-l500.webp
1993 Score: #457 Derek Jeter RC EX-EXMINT,$7.00,"Sold Jan 25, 2026",N,,,Y,N,$4.95,gregmorrismodern,New,https://www.ebay.com/itm/366127351766,https://i.ebayimg.com/images/g/BA0AAeSwIwVpaS-X/s-l500.webp
1993 Pinnacle - 1st Round Draft Pick Derek Jeter #457 (RC) MINT+,$10.99,"Sold Jan 26, 2026",N,,,N,Y,$1.75,z3tonyrd,New,https://www.ebay.com/itm/146954029993,https://i.ebayimg.com/images/g/ctgAAeSwAehpEiKe/s-l500.webp
1993 Score- Pinnacle: 1st Round Draft Pick Derek Jeter Card #457,$4.00,"Sold Jan 25, 2026",N,,,Y,N,$1.32,kopycinski_cards,New,https://www.ebay.com/itm/168092541885,https://i.ebayimg.com/images/g/ePIAAeSwIRdpbTgm/s-l500.webp
1993 Pinnacle Derek Jeter PSA 9,$60.00,"Sold Jan 25, 2026",Y,PSA,9,N,Y,$0.00,jimscorktownvintage,New,https://www.ebay.com/itm/177807221440,https://i.ebayimg.com/images/g/U~wAAeSw~gBpdkPQ/s-l500.webp
Derek Jeter 1993 Score Pinnacle ROOKIE #457 New York Yankees,$10.00,"Sold Jan 25, 2026",N,,,N,N,$0.00,carpe2394,New,https://www.ebay.com/itm/257317436745,https://i.ebayimg.com/images/g/dOIAAeSwyo1pbmmO/s-l500.webp
DEREK JETER 1993 Score Pinnacle 1st ROOKIE Card #457 NY Yankees HOF MINT RC,$9.95,"Sold Jan 24, 2026",N,,,N,N,$0.74,jpassey,New,https://www.ebay.com/itm/326969294113,https://i.ebayimg.com/images/g/TckAAeSwc91pdT2t/s-l500.webp
1993 Score: #457 Derek Jeter RC EX-EXMINT,$3.25,"Sold Jan 24, 2026",N,,,Y,N,$4.95,gregmorrismodern,New,https://www.ebay.com/itm/366124628216,https://i.ebayimg.com/images/g/xLgAAeSwhodpZ94D/s-l500.webp
1993 Pinnacle #457 Derek Jeter ex-exmt,$5.50,"Sold Jan 24, 2026",N,,,Y,N,$0.74,mlcarlan2012,New,https://www.ebay.com/itm/287082559263,https://i.ebayimg.com/images/g/5KgAAeSw8TNpas7E/s-l500.webp
1993 Pinnacle #457 Derek Jeter Yankees RC Rookie HOF PSA 8 NM-MT,$22.50,"Sold Jan 23, 2026",Y,PSA,8,Y,N,$5.95,coresclassics6t25,New,https://www.ebay.com/itm/317772186802,https://i.ebayimg.com/images/g/0qoAAeSwYIppYUym/s-l500.webp
1993 Pinnacle - 1st Round Draft Pick Derek Jeter #457 (RC),$7.00,"Sold Jan 23, 2026",N,,,Y,N,$1.32,collectablecardsxothercoolstuff,New,https://www.ebay.com/itm/366129972147,https://i.ebayimg.com/images/g/FK0AAeSwtA9paqRw/s-l500.webp
1993 Pinnacle 1st Round Draft Pick Derek Jeter #457 (RC),$9.99,"Sold Jan 23, 2026",N,,,N,N,$1.32,hu923190,New,https://www.ebay.com/itm/306710749554,https://i.ebayimg.com/images/g/G6kAAeSwA11pZ8hX/s-l500.webp
1993 Pinnacle Derek Jeter #457 PSA 10 GEM MINT Rookie Card HOF Yankees,$655.99,"Sold Jan 22, 2026",Y,PSA,10,Y,N,$6.00,toprightcollectibles,New,https://www.ebay.com/itm/205994798514,https://i.ebayimg.com/images/g/Mx0AAeSwR2lpZa8o/s-l500.webp
1993 Pinnacle Baseball #457 Derek Jeter Rookie RC,$8.50,"Sold Jan 22, 2026",N,,,Y,N,$5.00,tntnorthnj,New,https://www.ebay.com/itm/376860278613,https://i.ebayimg.com/images/g/yloAAeSwAF9pZdnj/s-l500.webp
1993 Pinnacle 1st Round Draft Pick Derek Jeter #457 HOF 3ud,$9.16,"Sold Jan 21, 2026",N,,,N,N,$2.99,comc_consignment,New,https://www.ebay.com/itm/336371145609,https://i.ebayimg.com/images/g/mNUAAeSwo~RpV0a8/s-l500.webp
1993 Pinnacle Derek Jeter RC 1st Round Draft Picks Yankees #457,$3.25,"Sold Jan 21, 2026",N,,,Y,N,$5.99,5_star_cards,New,https://www.ebay.com/itm/257308908747,https://i.ebayimg.com/images/g/-jMAAeSwOvlpZ-4R/s-l500.webp
1993 Pinnacle Derek Jeter Rookie RC #457 Yankees PSA 8,$28.51,"Sold Jan 21, 2026",Y,PSA,8,Y,N,$4.99,dcsports87,New,https://www.ebay.com/itm/127627994921,https://i.ebayimg.com/images/g/K14AAeSwrBhpao9-/s-l500.webp
1993 Pinnacle Derek Jeter PSA 8 #457,$26.99,"Sold Jan 21, 2026",Y,PSA,8,N,N,$5.89,dyku-2708,New,https://www.ebay.com/itm/168049981207,https://i.ebayimg.com/images/g/Ua0AAeSwfOJpMh6e/s-l500.webp
Derek Jeter PSA Lot - 1993 Topps #98 93 Pinnacle #457 + 2 Rookie Cards Mint,$75.00,"Sold Jan 21, 2026",Y,PSA,2,N,N,$7.95,j_lcollectibles,New,https://www.ebay.com/itm/177791576036,https://i.ebayimg.com/images/g/sbUAAeSw0OFocN~M/s-l500.webp
1993 Pinnacle #457 Derek Jeter BASEBALL New York Yankees,$15.00,"Sold Jan 20, 2026",N,,,N,N,$0.00,dellcards,New,https://www.ebay.com/itm/197840427229,https://i.ebayimg.com/images/g/TwkAAeSwV9NpDxff/s-l500.webp
1993 Pinnacle #457 Derek Jeter *PSA 6 EX-MT* Cert.#48865563 Baseball Card,$10.00,"Sold Jan 20, 2026",Y,PSA,6,N,N,$6.00,rwgspan,New,https://www.ebay.com/itm/114763568760,https://i.ebayimg.com/images/g/ffoAAOSwuWVgdHWG/s-l500.webp
1993 Pinnacle #457 Derek Jeter Rookie Card HOF. PSA 8 NM-MT,$25.00,"Sold Jan 20, 2026",Y,PSA,8,N,N,$4.85,firstmag,New,https://www.ebay.com/itm/167484765326,https://i.ebayimg.com/images/g/xxsAAeSwOTBoEXkZ/s-l500.webp
1993 Pinnacle #457 Derek Jeter New York Yankees 1st Round Draft,$4.01,"Sold Jan 20, 2026",N,,,Y,N,$8.74,ryhune,New,https://www.ebay.com/itm/326954662495,https://i.ebayimg.com/images/g/saQAAeSwkZZpZtl5/s-l500.webp
1993 Pinnacle - 1st Round Draft Pick Derek Jeter #457 (RC) PSA 9 Mint,$50.06,"Sold Jan 20, 2026",Y,PSA,9,Y,N,$5.99,pappas8622,New,https://www.ebay.com/itm/187949724716,https://i.ebayimg.com/images/g/EesAAeSwM7RpZuD1/s-l500.webp
DEREK JETER 1993 PINNACLE CARD #457,$6.50,"Sold Jan 20, 2026",N,,,Y,N,$2.00,jiggster15,New,https://www.ebay.com/itm/187948427335,https://i.ebayimg.com/images/g/Ag0AAeSwknRpZma0/s-l500.webp
Derek Jeter 1993 Score ROOKIE #457 New York Yankees,$8.00,"Sold Jan 20, 2026",N,,,N,Y,$1.50,kardman11,New,https://www.ebay.com/itm/127612414074,https://i.ebayimg.com/images/g/23EAAeSwl29pYDSE/s-l500.webp
1993 Pinnacle 1st Round Draft Pick Derek Jeter #457 Rookie RC HOF,$11.99,"Sold Jan 19, 2026",N,,,N,N,$1.32,luckettslion,New,https://www.ebay.com/itm/197824117295,https://i.ebayimg.com/images/g/L3wAAeSwMYBpB3R5/s-l500.webp
1993 Pinnacle Derek Jeter Rookie Draft Pick! PSA 9! New York Yankees! #457,$50.00,"Sold Jan 19, 2026",Y,PSA,9,N,N,$7.95,thewolfof-32,New,https://www.ebay.com/itm/136960183514,https://i.ebayimg.com/images/g/80cAAeSwm6VpbTop/s-l500.webp
DEREK JETER Oddball Insert & Regular issue YANKEES Baseball YOU CHOOSE,$1.00,"Sold Jan 19, 2026",N,,,N,N,$1.25,thogalas-0,New,https://www.ebay.com/itm/353713709816,https://i.ebayimg.com/images/g/7HcAAOSwXPJhYEpy/s-l500.webp
1993 Pinnacle - 1st Round Draft Pick Derek Jeter #457 (RC),$8.99,"Sold Jan 18, 2026",N,,,N,N,$0.00,jbeasley4205,New,https://www.ebay.com/itm/277657921628,https://i.ebayimg.com/images/g/wCkAAeSwy8VpbVj4/s-l500.webp
1993 Pinnacle - 1st Round Draft Pick Derek Jeter #457 (RC),$9.97,"Sold Jan 18, 2026",N,,,N,Y,$1.32,grasscat_37,New,https://www.ebay.com/itm/366133672953,https://i.ebayimg.com/images/g/yBUAAeSwJaZpbQ0K/s-l500.webp
1993 Pinnacle 1st Round Draft Pick Derek Jeter #457 Baseball Card,$12.88,"Sold Jan 18, 2026",N,,,N,Y,$0.00,gargal68,New,https://www.ebay.com/itm/366031453670,https://i.ebayimg.com/images/g/MqAAAeSwtGxpLcSf/s-l500.webp
1993 Pinnacle - 1st Round Draft Pick Derek Jeter #457 (RC),$10.50,"Sold Jan 18, 2026",N,,,Y,N,$1.32,smittyc-26,New,https://www.ebay.com/itm/397491697455,https://i.ebayimg.com/images/g/jkIAAeSwZbFpZngg/s-l500.webp
1993 PINNACLE #457 DEREK JETER ROOKIE RC PSA 7,$15.11,"Sold Jan 17, 2026",Y,PSA,7,Y,N,$5.99,psa,New,https://www.ebay.com/itm/116973928874,https://i.ebayimg.com/images/g/CjgAAeSwBU9pYQ-b/s-l500.webp
1993 Pinnacle - 1st Round Draft Pick Derek Jeter #457 (RC),$4.99,"Sold Jan 17, 2026",N,,,N,N,$0.00,jbeasley4205,New,https://www.ebay.com/itm/287081127123,https://i.ebayimg.com/images/g/1AoAAeSwJaZpa0SA/s-l500.webp
1993 Pinnacle Derek Jeter PSA 6 #457,$12.50,"Sold Jan 17, 2026",Y,PSA,6,N,N,$4.85,firstmag,New,https://www.ebay.com/itm/167484730983,https://i.ebayimg.com/images/g/sZEAAeSwHztoEXLl/s-l500.webp
1993 Pinnacle #457 Derek Jeter Rookie RC New York Yankees (HOF) PSA 9 MINT,$59.99,"Sold Jan 17, 2026",Y,PSA,9,N,N,$4.50,metrowax,New,https://www.ebay.com/itm/236538101637,https://i.ebayimg.com/images/g/dcoAAeSwuEVpR0Ha/s-l500.webp
1993 Pinnacle 1st Round Draft Pick Rookie Derek Jeter - New York Yankees #457,$10.00,"Sold Jan 17, 2026",N,,,N,N,$1.32,izapot0,New,https://www.ebay.com/itm/147097427175,https://i.ebayimg.com/images/g/I1AAAeSwiE5parmP/s-l500.webp
1993 Pinnacle 1st Round Draft Pick Rookie Derek Jeter - New York Yankees #457,$10.00,"Sold Jan 16, 2026",N,,,N,Y,$1.32,trev_cards,New,https://www.ebay.com/itm/406571669770,https://i.ebayimg.com/images/g/NB8AAeSwYO1pYCQk/s-l500.webp
1993 Pinnacle 1st Round Draft Pick Rookie Derek Jeter #457 (RC) BGS 9 MINT,$68.95,"Sold Jan 16, 2026",Y,BGS,9,N,N,$5.45,burkholdercandc,New,https://www.ebay.com/itm/256978378095,https://i.ebayimg.com/images/g/UR4AAOSwOp1oUCMC/s-l500.webp
1993 Pinnacle - 1st Round Draft Pick Derek Jeter #457 (RC),$14.00,"Sold Jan 15, 2026",N,,,Y,N,$1.32,collectablecardsxothercoolstuff,New,https://www.ebay.com/itm/366110976362,https://i.ebayimg.com/images/g/lpAAAeSwRaxpYChr/s-l500.webp
1993 Pinnacle #457 Derek Jeter,$10.99,"Sold Jan 15, 2026",N,,,N,N,$1.32,waters_edge98,New,https://www.ebay.com/itm/336348618236,https://i.ebayimg.com/images/g/o3UAAeSw1bBpQyO5/s-l500.webp
Derek Jeter 1993 Pinnacle 1st Round RC Rookie #457 PSA 8 Yankees,$27.00,"Sold Jan 14, 2026",Y,PSA,8,N,N,$5.52,ntxcardbros,New,https://www.ebay.com/itm/326853756074,https://i.ebayimg.com/images/g/ROUAAeSwKTVpDlFy/s-l500.webp
1993 PINNACLE #457 DEREK JETER - Rookie Card - PSA 8 NM-MINT - HOF- NY Yankees,$25.00,"Sold Jan 14, 2026",Y,PSA,8,N,N,$6.80,cubsfanforever,New,https://www.ebay.com/itm/317625697378,https://i.ebayimg.com/images/g/XSMAAeSwCyppMkiA/s-l500.webp
1993 PINNACLE #457 DEREK JETER ROOKIE RC PSA 8,$24.99,"Sold Jan 14, 2026",Y,PSA,8,N,Y,$5.99,psa,New,https://www.ebay.com/itm/306664087913,https://i.ebayimg.com/images/g/GdQAAeSwb-lpQ~It/s-l500.webp
1993 Pinnacle Derek Jeter Rookie RC #457 Yankees SGC 9.5,$122.00,"Sold Jan 14, 2026",Y,SGC,9.5,Y,N,$4.99,dcsports87,New,https://www.ebay.com/itm/127614125916,https://i.ebayimg.com/images/g/XdYAAeSwAKRpYWC3/s-l500.webp
1993 Pinnacle #457 Derek Jeter New York Yankees HOF NO RESERVE! MINT,$13.50,"Sold Jan 14, 2026",N,,,Y,N,$1.50,cw-valuecards,New,https://www.ebay.com/itm/187926912839,https://i.ebayimg.com/images/g/bfYAAeSwUdppXwV2/s-l500.webp
1993 Pinnacle - 1st Round Draft Pick Derek Jeter #457 (RC) PSA 9 Mint,$48.55,"Sold Jan 14, 2026",Y,PSA,9,Y,N,$5.99,pappas8622,New,https://www.ebay.com/itm/187926753208,https://i.ebayimg.com/images/g/xk0AAeSw7slpXvdF/s-l500.webp
1996 Pinnacle #171 Derek Jeter RC,$2.00,"Sold Jan 13, 2026",N,,,N,N,$0.69,f3collectables,New,https://www.ebay.com/itm/389492513278,https://i.ebayimg.com/images/g/15gAAeSwQ19pZwsA/s-l500.webp
DEREK JETER Rookie RC - 1993 Pinnacle #457 - 1st Round Draft Pick - Yankees,$9.99,"Sold Jan 13, 2026",N,,,N,N,$1.32,wendcollec0,New,https://www.ebay.com/itm/187943069679,https://i.ebayimg.com/images/g/OJ0AAeSwhWNpZHux/s-l500.webp
1993 Pinnacle Derek Jeter Rookie #457,$13.00,"Sold Jan 13, 2026",N,,,N,N,$0.00,kcfutures9,New,https://www.ebay.com/itm/167878047524,https://i.ebayimg.com/images/g/z~AAAeSwt51o-VaI/s-l500.webp
DEREK JETER 1993 PINNACLE #457 ROOKIE RC PSA 9 MINT ✨,$59.99,"Sold Jan 12, 2026",Y,PSA,9,N,N,$0.00,ricgiro0,New,https://www.ebay.com/itm/326910212974,https://i.ebayimg.com/images/g/SVYAAeSw5f9pO8UA/s-l500.webp
1993 Pinnacle Derek Jeter Rookie RC #457 PSA 8 NM-MT HOF New York Yankees,$29.99,"Sold Jan 12, 2026",Y,PSA,8,N,N,$5.50,gl_sportscards21,New,https://www.ebay.com/itm/326904182727,https://i.ebayimg.com/images/g/EcEAAeSwKkFpNkW2/s-l500.webp
1993 Pinnacle #457 Derek Jeter BASEBALL New York Yankees,$10.00,"Sold Jan 11, 2026",N,,,N,N,$2.00,andyaap,New,https://www.ebay.com/itm/326940413696,https://i.ebayimg.com/images/g/7l8AAeSwid5pSIgl/s-l500.webp
1993 PINNACLE #457 DEREK JETER ROOKIE RC PSA 10,$685.00,"Sold Jan 11, 2026",Y,PSA,10,Y,N,$5.52,yankeesfan77john,New,https://www.ebay.com/itm/326941826972,https://i.ebayimg.com/images/g/6EwAAeSwiK9pWtp0/s-l500.webp
1993 Pinnacle - 1st Round Draft Pick Derek Jeter #457 (RC) SGC 9 MT,$34.99,"Sold Jan 11, 2026",Y,SGC,9,Y,N,$5.00,whales1,New,https://www.ebay.com/itm/116965470473,https://i.ebayimg.com/images/g/fFIAAeSw~gFpWsqM/s-l500.webp
1993 Pinnacle #457 Derek Jeter Yankees RC Rookie,$13.00,"Sold Jan 10, 2026",N,,,N,N,$1.32,sdecello1992,New,https://www.ebay.com/itm/157409000730,https://i.ebayimg.com/images/g/IVMAAeSwSVRo-Fjj/s-l500.webp
1993 Pinnacle - 1st Round Draft Pick Derek Jeter #457 (RC),$50.00,"Sold Jan 10, 2026",N,,,N,Y,$7.95,macbeth62208,New,https://www.ebay.com/itm/336369459252,https://i.ebayimg.com/images/g/vgIAAeSwJMBpVZBK/s-l500.webp
1993 Pinnacle Derek Jeter RC New York Yankees #457,$12.99,"Sold Jan 10, 2026",N,,,N,N,$0.99,barnes_cards,New,https://www.ebay.com/itm/267532144657,https://i.ebayimg.com/images/g/FfkAAeSwKuppWJdU/s-l500.webp
1993 Pinnacle Derek Jeter Rookie RC #457 Yankees BGS 9.5,$162.50,"Sold Jan 10, 2026",Y,BGS,9.5,Y,N,$4.99,dcsports87,New,https://www.ebay.com/itm/127606207673,https://i.ebayimg.com/images/g/9Y4AAeSwwTBpXDW3/s-l500.webp
1993 Pinnacle - 1st Round Draft Pick Derek Jeter #457 (RC),$12.74,"Sold Jan 10, 2026",N,,,N,N,$1.32,kerog92,New,https://www.ebay.com/itm/336253773983,https://i.ebayimg.com/images/g/30AAAeSwS~5o~lE8/s-l500.webp
Derek Jeter 1993 Pinnacle #457 PGS 9 MINT RC Rookie HOF NY Yankees Legend,$45.00,"Sold Jan 10, 2026",N,,,N,Y,$5.00,foundabundance,New,https://www.ebay.com/itm/317742355223,https://i.ebayimg.com/images/g/9l4AAeSw40tpXs9A/s-l500.webp
1993 Pinnacle Derek Jeter #457 Yankees BGS 8 1st Round Draft Pick Rookie,$17.50,"Sold Jan 10, 2026",Y,BGS,8,Y,N,$5.52,tasmanian,New,https://www.ebay.com/itm/257291355482,https://i.ebayimg.com/images/g/qMAAAeSwdB9pWVmE/s-l500.webp
1993 Pinnacle - 1st Round Draft Pick Derek Jeter #457 (RC),$29.00,"Sold Jan 10, 2026",N,,,N,Y,$5.52,yardsale-sportscards,New,https://www.ebay.com/itm/406085996369,https://i.ebayimg.com/images/g/LMUAAeSwRYdoiBtV/s-l500.webp
1993 Pinnacle - 1st Round Draft Pick Derek Jeter #457 (RC),$12.00,"Sold Jan 10, 2026",N,,,N,N,$1.32,minnsportscards,New,https://www.ebay.com/itm/168058227766,https://i.ebayimg.com/images/g/T1wAAeSw1oBpWy3v/s-l500.webp
Derek Jeter 1993 Pinnacle 1st Round Draft Pick #457,$8.99,"Sold Jan 9, 2026",N,,,N,N,$0.00,hit4cyclecards,New,https://www.ebay.com/itm/376680915926,https://i.ebayimg.com/images/g/bPUAAeSwQeZpDnpU/s-l500.webp
1993 PINNACLE #457 DEREK JETER ROOKIE RC PSA 10,$785.00,"Sold Jan 9, 2026",Y,PSA,10,N,N,$5.99,psa,New,https://www.ebay.com/itm/116746449446,https://i.ebayimg.com/images/g/cXYAAeSw4oVooNJf/s-l500.webp
1993 Pinnacle #457 Derek Jeter,$8.99,"Sold Jan 9, 2026",N,,,N,Y,$0.74,tugssportscards,New,https://www.ebay.com/itm/389464746868,https://i.ebayimg.com/images/g/sawAAeSwR59pXiFx/s-l500.webp
DEREK JETER PSA 10 1993 PINNACLE #457 ROOKIE RC YANKEES GEM 660,$569.00,"Sold Jan 8, 2026",Y,PSA,10,Y,N,$5.50,mc_sportscards,New,https://www.ebay.com/itm/187900957064,https://i.ebayimg.com/images/g/YiQAAeSwPXZpVZXA/s-l500.webp
1993 Pinnacle #457 Derek Jeter New York Yankees RC HOF NO RESERVE!,$8.50,"Sold Jan 7, 2026",N,,,Y,N,$1.50,cw-valuecards,New,https://www.ebay.com/itm/187901166882,https://i.ebayimg.com/images/g/-5EAAeSwCDlpVayX/s-l500.webp
1993 Pinnacle #457 Derek Jeter Yankees RC Rookie HOF BGS 8.5 Looks Nicer,$34.00,"Sold Jan 5, 2026",Y,BGS,8.5,Y,N,$5.25,probstein123,New,https://www.ebay.com/itm/376807507523,https://i.ebayimg.com/images/g/6NIAAeSwT7dpTpxB/s-l500.webp
Pinnacle 1993 Derek Jeter #457 1st Round Draft Pick Yankees MLB Baseball Card,$8.99,"Sold Jan 5, 2026",N,,,N,Y,$1.32,academyba0,New,https://www.ebay.com/itm/397443389341,https://i.ebayimg.com/images/g/WUIAAeSwp3ZpUyEl/s-l500.webp
1993 Pinnacle - 1st Round Draft Pick Derek Jeter #457 (RC),$9.34,"Sold Jan 5, 2026",N,,,N,N,$0.74,raftany,New,https://www.ebay.com/itm/116901625685,https://i.ebayimg.com/images/g/cLEAAeSwuylpKLSD/s-l500.webp
1993 Pinnacle #457 Derek Jeter Rookie New York Yankees,$9.99,"Sold Jan 5, 2026",N,,,N,N,$1.13,mycardsnstuff,New,https://www.ebay.com/itm/205952402436,https://i.ebayimg.com/images/g/Zg8AAeSwhC9pUUUI/s-l500.webp
1993 Pinnacle - 1st Round Draft Pick Derek Jeter #457 (RC) PSA 7,$7.50,"Sold Jan 5, 2026",Y,PSA,7,Y,N,$5.07,jepit-18,New,https://www.ebay.com/itm/317711745535,https://i.ebayimg.com/images/g/1b8AAeSwK2JpUwHf/s-l500.webp
Derek Jeter 1993 Pinnacle #457 Rookie New York Yankees,$9.99,"Sold Jan 5, 2026",N,,,N,N,$1.32,kamcollects,New,https://www.ebay.com/itm/336374084712,https://i.ebayimg.com/images/g/zDoAAeSwhcJpWfI-/s-l500.webp
1993 Pinnacle - 1st Round Draft Pick Derek Jeter #457 (RC),$7.00,"Sold Jan 5, 2026",N,,,N,N,$0.74,going_once_twice_hammer,New,https://www.ebay.com/itm/136915769288,https://i.ebayimg.com/images/g/PzUAAeSw87ZpWZKM/s-l500.webp
1993 Pinnacle #457 Derek Jeter,$5.50,"Sold Jan 4, 2026",N,,,Y,N,$1.75,phelix99,New,https://www.ebay.com/itm/326932539504,https://i.ebayimg.com/images/g/zLQAAeSwGvhpUffA/s-l500.webp
1993 PINNACLE #457 DEREK JETER ROOKIE RC PSA 9,$53.55,"Sold Jan 4, 2026",Y,PSA,9,Y,N,$5.99,psa,New,https://www.ebay.com/itm/297874595733,https://i.ebayimg.com/images/g/6jQAAeSwN6FpTH0Z/s-l500.webp
1993 PINNACLE DEREK JETER ROOKIE CARD PSA MINT 9 (271),$39.97,"Sold Jan 4, 2026",Y,PSA,9,Y,N,$5.99,bbcforu,New,https://www.ebay.com/itm/187890995614,https://i.ebayimg.com/images/g/8rsAAeSw2FBpOJqN/s-l500.webp
1993 Pinnacle - 1st Round Draft Pick Derek Jeter #457 (RC) + SP AUTHENIC,$11.50,"Sold Jan 4, 2026",N,,,Y,N,$2.99,ur_hlsg480,New,https://www.ebay.com/itm/297885819351,https://i.ebayimg.com/images/g/SMcAAeSwRL1pUY1~/s-l500.webp
1993 PINNACLE #457 Derek Jeter Rookie Card PSA 9 MINT New York Yankees HOF,$55.00,"Sold Jan 4, 2026",Y,PSA,9,N,N,$5.45,rypes0,New,https://www.ebay.com/itm/306686647048,https://i.ebayimg.com/images/g/aHgAAeSwJV1pVXZQ/s-l500.webp
1993 Pinnacle #457 Derek Jeter PSA 5 Rookie RC,$8.99,"Sold Jan 3, 2026",Y,PSA,5,N,N,$6.99,greenrover13,New,https://www.ebay.com/itm/267533080347,https://i.ebayimg.com/images/g/UYEAAeSwQZZpWcT8/s-l500.webp
PSA 8 JETER HOF ROOKIE 1993 PINNACLE #457 DEREK NEW SLAB GRADED NM-MINT *TPHLC,$35.98,"Sold Jan 3, 2026",Y,PSA,8,N,Y,$0.00,toppsaholic,New,https://www.ebay.com/itm/116443199064,https://i.ebayimg.com/images/g/PvsAAOSwqn9mS-8o/s-l500.webp
1993 Pinnacle Derek Jeter RC #457 New York Yankees Mint HOF DISCOUNTED,$15.00,"Sold Jan 3, 2026",N,,,N,N,$5.07,mdlbuilder,New,https://www.ebay.com/itm/167843128278,https://i.ebayimg.com/images/g/FpAAAOSwxp1nuMnv/s-l500.webp
1993 PINNACLE DEREK JETER RC PSA 9 MINT,$48.88,"Sold Jan 2, 2026",Y,PSA,9,Y,N,$4.50,abuser98,New,https://www.ebay.com/itm/227148090111,https://i.ebayimg.com/images/g/xDAAAeSwRXhpTyUt/s-l500.webp
1993 Pinnacle Derek Jeter Rookie Cards PSA 9 RC #457 MINT,$55.99,"Sold Jan 2, 2026",Y,PSA,9,N,N,$5.20,yankees0235,New,https://www.ebay.com/itm/187886225990,https://i.ebayimg.com/images/g/lhMAAeSwKe9pUBBX/s-l500.webp
1993 PINNACLE #457 DEREK JETER ROOKIE RC PSA 10,$569.00,"Sold Jan 1, 2026",Y,PSA,10,Y,N,$5.00,harperson24,New,https://www.ebay.com/itm/257275496564,https://i.ebayimg.com/images/g/MjgAAeSwlNNpTDu3/s-l500.webp
1993 Pinnacle - 1st Round Draft Pick Derek Jeter #457 (RC) Pinhole VG,$3.00,"Sold Dec 31, 2025",N,,,N,N,$1.32,maxeffortjunkwax,New,https://www.ebay.com/itm/389389396644,https://i.ebayimg.com/images/g/FbgAAeSwWvdpROzm/s-l500.webp
1993 Pinnacle #457 Derek Jeter New York Yankees RC HOF NO RESERVE! MINT!,$7.50,"Sold Dec 31, 2025",N,,,Y,N,$1.50,cw-valuecards,New,https://www.ebay.com/itm/187876690147,https://i.ebayimg.com/images/g/srcAAeSw3QdpTFcP/s-l500.webp
1993 Pinnacle - 1st Round Draft Pick Derek Jeter #457 (RC),$6.99,"Sold Dec 30, 2025",N,,,Y,N,$1.99,linbout_0,New,https://www.ebay.com/itm/168027458903,https://i.ebayimg.com/images/g/UOcAAeSwGGJpJlo2/s-l500.webp
Derek Jeter 1993 Pinnacle #457 BCCG 10,$200.00,"Sold Dec 30, 2025",N,,,N,N,$5.20,rippingslabz,New,https://www.ebay.com/itm/187648841646,https://i.ebayimg.com/images/g/g-YAAeSwt61o7YFM/s-l500.webp
1993 Pinnacle - 1st Round Draft Pick Derek Jeter #457 (RC) Graded PSA 9 SHARP!!,$50.00,"Sold Dec 30, 2025",Y,PSA,9,N,Y,$5.07,ravensfan1975,New,https://www.ebay.com/itm/358039653225,https://i.ebayimg.com/images/g/KHgAAeSwMEJpSFVh/s-l500.webp
1993 SCORE PINNACLE DEREK JETER #457 1ST RD DRAFT PICK YANKEES INVEST GOAT!!,$8.50,"Sold Dec 29, 2025",N,,,N,Y,$4.99,yankeejoe1974-hobbyshop,New,https://www.ebay.com/itm/167307364558,https://i.ebayimg.com/images/g/6A4AAOSwA4hnqpyQ/s-l500.webp
1993 Pinnacle Derek Jeter 457 PSA 10,$574.99,"Sold Dec 29, 2025",Y,PSA,10,N,N,$0.00,duffy0319845,New,https://www.ebay.com/itm/336359436995,https://i.ebayimg.com/images/g/l-AAAeSwD1tpTHZL/s-l500.webp
1993 Pinnacle 1st Round Draft Pick Derek Jeter PSA 9 MINT Rookie RC HOF 1ou4,$55.45,"Sold Dec 29, 2025",Y,PSA,9,N,N,$5.99,comc_consignment,New,https://www.ebay.com/itm/336351526919,https://i.ebayimg.com/images/g/BM4AAeSw3qJpRZ1~/s-l500.webp
Derek Jeter 1993 Pinnacle #457 Rookie New York Yankees,$8.99,"Sold Dec 29, 2025",N,,,N,N,$0.00,petescagnell-0,New,https://www.ebay.com/itm/187882901473,https://i.ebayimg.com/images/g/GRgAAeSwkwVpTswf/s-l500.webp
1993 Pinnacle Derek Jeter Rookie Card #457 NR-MINT NY Yankees 1st Round Pick🔥⚾️,$29.99,"Sold Dec 28, 2025",N,,,N,N,$4.99,percymiller,New,https://www.ebay.com/itm/326545900357,https://i.ebayimg.com/images/g/oL0AAOSwmMpoCC6f/s-l500.webp
1993 Pinnacle #457 Derek Jeter Yankees RC Rookie HOF PSA 8 NM-MT,$18.50,"Sold Dec 28, 2025",Y,PSA,8,Y,N,$5.25,probstein123,New,https://www.ebay.com/itm/366066599054,https://i.ebayimg.com/images/g/LtIAAeSwogdpRHOZ/s-l500.webp
"1993 Pinnacle Derek Jeter Baseball *Hall of Fame, Rookie* Card #457 ""Mint""",$7.05,"Sold Dec 28, 2025",N,,,Y,N,$4.95,guerrettes,New,https://www.ebay.com/itm/317676852909,https://i.ebayimg.com/images/g/zAwAAeSw6whpRckF/s-l500.webp
Derek Jeter 1993 Pinnacle #457 Rookie New York Yankees,$8.99,"Sold Dec 28, 2025",N,,,N,N,$0.00,petescagnell-0,New,https://www.ebay.com/itm/187882901467,https://i.ebayimg.com/images/g/M5UAAeSwP8lpTsvf/s-l500.webp
1993 PINNACLE #457 DEREK JETER ROOKIE RC PSA 10,$615.00,"Sold Dec 28, 2025",Y,PSA,10,N,N,$5.99,psa,New,https://www.ebay.com/itm/306557379230,https://i.ebayimg.com/images/g/RGcAAeSwwtJo0dz0/s-l500.webp
1993 Pinnacle Derek Jeter #457 PSA 9 RC upper deck sp topps fleer LOOKS GEM,$90.00,"Sold Dec 28, 2025",Y,PSA,9,N,Y,$7.95,dwarte,New,https://www.ebay.com/itm/326867946718,https://i.ebayimg.com/images/g/AnkAAeSw9qtpGjdz/s-l500.webp
1993 PINNACLE #457 Derek Jeter Rookie Card PSA 9 MINT New York Yankees HOF,$59.99,"Sold Dec 28, 2025",Y,PSA,9,N,Y,$5.99,taga6253,New,https://www.ebay.com/itm/227133964402,https://i.ebayimg.com/images/g/kOwAAeSwYvlpQPE1/s-l500.webp
1993 Pinnacle - 1st Round Draft Pick Derek Jeter #457 (RC),$9.99,"Sold Dec 28, 2025",N,,,N,N,$4.88,wish1976,New,https://www.ebay.com/itm/257280419980,https://i.ebayimg.com/images/g/1bAAAeSw5n9pUF-4/s-l500.webp
1993 Pinnacle #457 Derek Jeter,$12.99,"Sold Dec 27, 2025",N,,,N,N,$1.32,mandolayco,New,https://www.ebay.com/itm/389420030309,https://i.ebayimg.com/images/g/NiMAAeSwZehpTz8q/s-l500.webp
Derek Jeter 1993 Pinnacle - 1st Round Draft Pick RC Baseball Card,$9.99,"Sold Dec 27, 2025",N,,,N,N,$0.00,sydneyc_51,New,https://www.ebay.com/itm/317705206010,https://i.ebayimg.com/images/g/POQAAeSwCm5pUHz7/s-l500.webp
Derek Jeter 1993 Pinnacle #457 Rookie New York Yankees,$5.50,"Sold Dec 27, 2025",N,,,N,N,$1.32,magiicrips,New,https://www.ebay.com/itm/336363693805,https://i.ebayimg.com/images/g/GSIAAeSw92hpUGez/s-l500.webp
Derek Jeter 1993 Pinnacle 1st Round Draft Pick #457 Rookie RC HOF EX-NM,$8.00,"Sold Dec 27, 2025",N,,,N,N,$1.03,huddshobbies,New,https://www.ebay.com/itm/187879527013,https://i.ebayimg.com/images/g/u~MAAeSwAzJpTXmv/s-l500.webp
(2) 1993 Pinnacle #457 DEREK JETER Rookie RC PSA 9 MINT New York Yankees,$110.00,"Sold Dec 27, 2025",Y,PSA,9,N,N,$0.00,tc_classic_cardboard,New,https://www.ebay.com/itm/366045135340,https://i.ebayimg.com/images/g/zDcAAeSwcEtpNgE0/s-l500.webp
1993 PINNACLE 1ST ROUND DRAFT PICK DEREK JETER #457 ROOKIE CARD NY YANKEES HOF,$15.95,"Sold Dec 26, 2025",N,,,N,N,$1.99,royalflush523,New,https://www.ebay.com/itm/326846409216,https://i.ebayimg.com/images/g/DLYAAeSwxyFpB5PA/s-l500.webp
1993 Pinnacle Derek Jeter Rookie Card,$13.99,"Sold Dec 26, 2025",N,,,N,N,$1.32,kunkcity_cards,New,https://www.ebay.com/itm/366064686905,https://i.ebayimg.com/images/g/2fEAAeSwusNpQzLk/s-l500.webp
1993 Pinnacle - 1st Round Draft Pick Derek Jeter #457 (RC),$9.50,"Sold Dec 26, 2025",N,,,Y,N,$1.32,jr_brown,New,https://www.ebay.com/itm/326920286855,https://i.ebayimg.com/images/g/D30AAeSwRPRpM5JT/s-l500.webp
1993 Pinnacle #457 Derek Jeter PSA 7,$19.99,"Sold Dec 26, 2025",Y,PSA,7,N,Y,$5.50,cathillsports,New,https://www.ebay.com/itm/277524290594,https://i.ebayimg.com/images/g/izEAAeSwFhRpIRjm/s-l500.webp
1993 Pinnacle - 1st Round Draft Pick Derek Jeter #457 ROOKIE CARD,$11.11,"Sold Dec 25, 2025",N,,,N,Y,$1.25,lamasportscards,New,https://www.ebay.com/itm/136567908096,https://i.ebayimg.com/images/g/QWIAAeSw7Uho6GaM/s-l500.webp
1993 Pinnacle - 1st Round Draft Pick Derek Jeter #457 (RC),$10.00,"Sold Dec 25, 2025",N,,,N,N,$1.32,readytogradecards,New,https://www.ebay.com/itm/197972895773,https://i.ebayimg.com/images/g/PSQAAeSw67lpSzYJ/s-l500.webp
1993 PINNACLE #457 DEREK JETER PSA 9 RC YANKEES HOF,$49.99,"Sold Dec 25, 2025",Y,PSA,9,N,N,$4.99,dubhubcollectibles,New,https://www.ebay.com/itm/205937421350,https://i.ebayimg.com/images/g/XpgAAeSwTvNpSAUf/s-l500.webp
1993 Pinnacle Derek Jeter Rookie RC #457 BGS 9 Mint HOF New York Yankees,$49.99,"Sold Dec 24, 2025",Y,BGS,9,N,N,$4.99,gl_sportscards21,New,https://www.ebay.com/itm/326912781338,https://i.ebayimg.com/images/g/Y7IAAeSwQhFpPt6q/s-l500.webp
1993 Pinnacle Derek Jeter Rookie RC #457 Yankees,$12.50,"Sold Dec 23, 2025",N,,,Y,N,$4.99,dcsports87,New,https://www.ebay.com/itm/376787410743,https://i.ebayimg.com/images/g/z6oAAeSwkR5pRG3A/s-l500.webp
1993 Pinnacle Derek Jeter Rookie RC #457 Yankees,$6.50,"Sold Dec 23, 2025",N,,,Y,N,$4.99,dcsports87,New,https://www.ebay.com/itm/127570759948,https://i.ebayimg.com/images/g/OuIAAeSwQr1pRG3U/s-l500.webp
1993 PINNACLE DEREK JETER ROOKIE CARD SGC MINT 9 (573),$39.97,"Sold Dec 23, 2025",Y,SGC,9,Y,N,$5.99,bbcforu,New,https://www.ebay.com/itm/177680894610,https://i.ebayimg.com/images/g/uBAAAeSwqOJpOJwT/s-l500.webp
1993 Pinnacle - 1st Round Draft Pick Derek Jeter #457 (RC),$6.00,"Sold Dec 23, 2025",N,,,N,Y,$1.50,doodle.cards,New,https://www.ebay.com/itm/277591765794,https://i.ebayimg.com/images/g/kpUAAeSwy4ppRv30/s-l500.webp
