title,price,shipping,sold_date,seller,condition,item_url,image_url,graded,grader,grade,auction,best_offer,price_value,shipping_value,total_value,sold_date_value,listing_type,is_best_offer,is_graded,grader_norm,grade_value,card_number_guess,item_id,search_results_url,search_result_item_url,result_position_on_page,search_page_number,search_keywords,search_sort_order
Shop on eBay,$20.00,,,,Brand New,https://ebay.com/itm/123456?itmmeta=012DEW30YG0MEEKND7NH&hash=item123546:g:acwAA9KNiJowH:sc:ShippingMethodStandard!95008!US!-1&itmprp=enc%3AbgepL1tlUHjMGCVfSTGJh%2BzsVKeJ3CQk7NizDI4BZeppuFnmyS6Ijyp8lh%2FnEw%2BWqO7uTV1Q6izE1R0T54aV8j71F4xlWfVcGft4%2FiOQhtqVXA1rW6M1atPARQRmhqUxtEPJKhKtSFgI%2Bvwlzb0GwVCtkp%3ABlBMUObkmabpYw,https://ir.ebaystatic.com/rs/v/fxxj3ttftm5ltcqnto1o4baovyl.png,N,,,N,Y,20.0,,20.0,,bin,True,False,,,,,https://www.ebay.com/sch/i.html?_nkw=1991+Stadium+Club+Baseball+mark+mcgwire+%23399&LH_Sold=1&LH_Complete=1&_sop=13,https://ebay.com/itm/123456?itmmeta=012DEW30YG0MEEKND7NH&hash=item123546:g:acwAA9KNiJowH:sc:ShippingMethodStandard!95008!US!-1&itmprp=enc%3AbgepL1tlUHjMGCVfSTGJh%2BzsVKeJ3CQk7NizDI4BZeppuFnmyS6Ijyp8lh%2FnEw%2BWqO7uTV1Q6izE1R0T54aV8j71F4xlWfVcGft4%2FiOQhtqVXA1rW6M1atPARQRmhqUxtEPJKhKtSFgI%2Bvwlzb0GwVCtkp%3ABlBMUObkmabpYw,1,1,1991 Stadium Club Baseball mark mcgwire #399,13
Mark McGwire Base/Inserts - You Pick - $2.00 or 2 Card Minimum,$2.00,$0.00,"Sold Apr 1, 2026",disabled_vet,New,https://www.ebay.com/itm/115816784476?_skw=1991+Stadium+Club+Baseball+mark+mcgwire+%23399&epid=12055875461&itmmeta=01KNA3NM10MC7G6EA002HHPX69&hash=item1af737e25c:g:IiEAAOSwAY5kcfKg&itmprp=enc%3AAQALAAAA8GfYFPkwiKCW4ZNSs2u11xAMDCEn5HnaU9Hvx9C%2BuSi59vzHaxs7K6hb3eiVwDUoQTs3tK%2FP5H3qfWhEj8oX7Bm5otXSdMCCL7L4NSAaKM6I90KDlE2wGTkkIJEzU4%2FVbSsEG%2Fp48BSBRlxvol6YB9usDfS1dza56XMdD5sAUDuXYKDfYPD6DRw5T9BqPcrUhdtfRBf09ZJjqoEcYDjNxIjBJywGSEgjL0o0lFar2ApPjOV0YHqn2wYGqiKs%2BsuK1QP8g%2FLk21GyaOO96lLImrAoP4di8DiMDkqQzej9WOzi23Bt2L4CW58fgheCDKnawA%3D%3D%7Ctkp%3ABk9SR-bA1sOqZw,https://i.ebayimg.com/images/g/IiEAAOSwAY5kcfKg/s-l500.webp,N,,,N,N,2.0,0.0,2.0,2026-04-01,bin,False,False,,2.0,00,115816784476,https://www.ebay.com/sch/i.html?_nkw=1991+Stadium+Club+Baseball+mark+mcgwire+%23399&LH_Sold=1&LH_Complete=1&_sop=13,https://www.ebay.com/itm/115816784476?_skw=1991+Stadium+Club+Baseball+mark+mcgwire+%23399&epid=12055875461&itmmeta=01KNA3NM10MC7G6EA002HHPX69&hash=item1af737e25c:g:IiEAAOSwAY5kcfKg&itmprp=enc%3AAQALAAAA8GfYFPkwiKCW4ZNSs2u11xAMDCEn5HnaU9Hvx9C%2BuSi59vzHaxs7K6hb3eiVwDUoQTs3tK%2FP5H3qfWhEj8oX7Bm5otXSdMCCL7L4NSAaKM6I90KDlE2wGTkkIJEzU4%2FVbSsEG%2Fp48BSBRlxvol6YB9usDfS1dza56XMdD5sAUDuXYKDfYPD6DRw5T9BqPcrUhdtfRBf09ZJjqoEcYDjNxIjBJywGSEgjL0o0lFar2ApPjOV0YHqn2wYGqiKs%2BsuK1QP8g%2FLk21GyaOO96lLImrAoP4di8DiMDkqQzej9WOzi23Bt2L4CW58fgheCDKnawA%3D%3D%7Ctkp%3ABk9SR-bA1sOqZw,2,1,1991 Stadium Club Baseball mark mcgwire #399,13
1991 Stadium Club Baseball Cards 301-449 (NM) - Complete Your Set,$0.99,$0.69,"Sold Mar 31, 2026",rasmg311,New,https://www.ebay.com/itm/157550141459?_skw=1991+Stadium+Club+Baseball+mark+mcgwire+%23399&epid=12055875461&itmmeta=01KNA3NM10RZ8JK1R9JP9B8ESK&hash=item24aeb86013:g:5N8AAeSwNI1pQyI0&itmprp=enc%3AAQALAAABEGfYFPkwiKCW4ZNSs2u11xDdh%2B4%2BGNQ4kthSftniWCYSwTxBtbLAKvkJcy51NhwuUJCGUjuZKy5AF9M4vzq8sTps4JOXJ3z85lIcx9ZLGwkN6zmdjRKEiVZSjOododZiId91y%2FbRV%2BEw8%2Fdo1TtBLRw3W%2FgI%2B3IJHRJDwQQS%2BFgkVWuW0pe94eYNy3nAEiS5zbKu9K83KpqH5v5AInw5gdA8rbcEohA4iBpUJ3DT6M5myMefBwEjLiCMHOLDWJ0dwlhJCA%2BjGnr5riarPwxmUQ7YtoQbsGVlU%2Bfd50qZczuLP0Hvk5Ds8QSR5JUkvCZa17W%2BvTKG4kVfYxcQxhWyRPGhAoUfsEluIH%2FD8V6H6ohI%7Ctkp%3ABk9SR-bA1sOqZw,https://i.ebayimg.com/images/g/5N8AAeSwNI1pQyI0/s-l500.webp,N,,,N,N,0.99,0.69,1.68,2026-03-31,bin,False,False,,,301,157550141459,https://www.ebay.com/sch/i.html?_nkw=1991+Stadium+Club+Baseball+mark+mcgwire+%23399&LH_Sold=1&LH_Complete=1&_sop=13,https://www.ebay.com/itm/157550141459?_skw=1991+Stadium+Club+Baseball+mark+mcgwire+%23399&epid=12055875461&itmmeta=01KNA3NM10RZ8JK1R9JP9B8ESK&hash=item24aeb86013:g:5N8AAeSwNI1pQyI0&itmprp=enc%3AAQALAAABEGfYFPkwiKCW4ZNSs2u11xDdh%2B4%2BGNQ4kthSftniWCYSwTxBtbLAKvkJcy51NhwuUJCGUjuZKy5AF9M4vzq8sTps4JOXJ3z85lIcx9ZLGwkN6zmdjRKEiVZSjOododZiId91y%2FbRV%2BEw8%2Fdo1TtBLRw3W%2FgI%2B3IJHRJDwQQS%2BFgkVWuW0pe94eYNy3nAEiS5zbKu9K83KpqH5v5AInw5gdA8rbcEohA4iBpUJ3DT6M5myMefBwEjLiCMHOLDWJ0dwlhJCA%2BjGnr5riarPwxmUQ7YtoQbsGVlU%2Bfd50qZczuLP0Hvk5Ds8QSR5JUkvCZa17W%2BvTKG4kVfYxcQxhWyRPGhAoUfsEluIH%2FD8V6H6ohI%7Ctkp%3ABk9SR-bA1sOqZw,3,1,1991 Stadium Club Baseball mark mcgwire #399,13
A1126- 1991 Stadium Club BB Cards 201-400 +Rookies -You Pick- 15+ FREE US SHIP,$0.99,$0.98,"Sold Mar 31, 2026",richindeals7,New,https://www.ebay.com/itm/334116947983?_skw=1991+Stadium+Club+Baseball+mark+mcgwire+%23399&epid=12055875461&itmmeta=01KNA3NM10WMMCGRQR6BX7JYH1&hash=item4dcaec080f:g:-WAAAOSwT1RhHAYu&itmprp=enc%3AAQALAAAA8GfYFPkwiKCW4ZNSs2u11xDQPmZMyIQu3b%2Br2sfQhF%2FBWlJ34JhDRrKPUnKB1tTJ3C6T3ICkokoCDudlyz6LYE2%2BAry4C7BEPW9XSdM7%2FzNbGW8pwtYcPO%2B7nxKaOxfVBF8ef5BcmsoCy524Npi32evnd1OcxsV1rsExm%2F1kILHktYw7o9CswI4jG5GX4gXh%2B8Uf6PUoX8gENazGVHUpj%2B%2B5d%2Bi34yljCaehnmH9NYnaAfSdCyz%2Fn43acU8FUJLNdHRTdrjyFV2OIu8VMLIUK0z7pBUBgZgQEGllP0szgmnWMggiPTO%2BhdlI5UXHHwy7eQ%3D%3D%7Ctkp%3ABk9SR-bA1sOqZw,https://i.ebayimg.com/images/g/-WAAAOSwT1RhHAYu/s-l500.webp,N,,,N,N,0.99,0.98,1.97,2026-03-31,bin,False,False,,,A1126,334116947983,https://www.ebay.com/sch/i.html?_nkw=1991+Stadium+Club+Baseball+mark+mcgwire+%23399&LH_Sold=1&LH_Complete=1&_sop=13,https://www.ebay.com/itm/334116947983?_skw=1991+Stadium+Club+Baseball+mark+mcgwire+%23399&epid=12055875461&itmmeta=01KNA3NM10WMMCGRQR6BX7JYH1&hash=item4dcaec080f:g:-WAAAOSwT1RhHAYu&itmprp=enc%3AAQALAAAA8GfYFPkwiKCW4ZNSs2u11xDQPmZMyIQu3b%2Br2sfQhF%2FBWlJ34JhDRrKPUnKB1tTJ3C6T3ICkokoCDudlyz6LYE2%2BAry4C7BEPW9XSdM7%2FzNbGW8pwtYcPO%2B7nxKaOxfVBF8ef5BcmsoCy524Npi32evnd1OcxsV1rsExm%2F1kILHktYw7o9CswI4jG5GX4gXh%2B8Uf6PUoX8gENazGVHUpj%2B%2B5d%2Bi34yljCaehnmH9NYnaAfSdCyz%2Fn43acU8FUJLNdHRTdrjyFV2OIu8VMLIUK0z7pBUBgZgQEGllP0szgmnWMggiPTO%2BhdlI5UXHHwy7eQ%3D%3D%7Ctkp%3ABk9SR-bA1sOqZw,4,1,1991 Stadium Club Baseball mark mcgwire #399,13
Mark McGwire cards (1988-1998) A's Cardinals - You Choose,$0.99,$0.75,"Sold Mar 29, 2026",sjosing,New,https://www.ebay.com/itm/376550402247?_skw=1991+Stadium+Club+Baseball+mark+mcgwire+%23399&epid=12055875461&itmmeta=01KNA3NM11QM1GXN9FSA0XHW03&hash=item57ac2728c7:g:cVYAAeSw6jNoxxsK&itmprp=enc%3AAQALAAAA8GfYFPkwiKCW4ZNSs2u11xCo6tV%2FGVGYzFkZjWcAddTMtIRPZvnE7%2FEG%2Buin0BNXKvsG70aSdMxQss6cEYwhbqz6oRXMWH2WlLFDSMy2BR7f5zhOIYSjwFz54IOOerONEPncUMhodCwVwK4GupK0lNAtKmNGiMDZvs5UozICTfro51hn4uJ9qqqZtosZrc5voDaOOie1ew1k1JGxsOrn3xmbe9byoucHfUran8q%2Bsx%2FshJxbBA1rfTdg%2B%2FK0FSt%2Bp%2BVlOC4Ybo6fZzcI9nxEPehp19QBkIIxQGKmBT141v21zC%2B3kL%2BsiMnR8hiTIr1Row%3D%3D%7Ctkp%3ABk9SR-bA1sOqZw,https://i.ebayimg.com/images/g/cVYAAeSw6jNoxxsK/s-l500.webp,N,,,N,N,0.99,0.75,1.74,2026-03-29,bin,False,False,,,,376550402247,https://www.ebay.com/sch/i.html?_nkw=1991+Stadium+Club+Baseball+mark+mcgwire+%23399&LH_Sold=1&LH_Complete=1&_sop=13,https://www.ebay.com/itm/376550402247?_skw=1991+Stadium+Club+Baseball+mark+mcgwire+%23399&epid=12055875461&itmmeta=01KNA3NM11QM1GXN9FSA0XHW03&hash=item57ac2728c7:g:cVYAAeSw6jNoxxsK&itmprp=enc%3AAQALAAAA8GfYFPkwiKCW4ZNSs2u11xCo6tV%2FGVGYzFkZjWcAddTMtIRPZvnE7%2FEG%2Buin0BNXKvsG70aSdMxQss6cEYwhbqz6oRXMWH2WlLFDSMy2BR7f5zhOIYSjwFz54IOOerONEPncUMhodCwVwK4GupK0lNAtKmNGiMDZvs5UozICTfro51hn4uJ9qqqZtosZrc5voDaOOie1ew1k1JGxsOrn3xmbe9byoucHfUran8q%2Bsx%2FshJxbBA1rfTdg%2B%2FK0FSt%2Bp%2BVlOC4Ybo6fZzcI9nxEPehp19QBkIIxQGKmBT141v21zC%2B3kL%2BsiMnR8hiTIr1Row%3D%3D%7Ctkp%3ABk9SR-bA1sOqZw,5,1,1991 Stadium Club Baseball mark mcgwire #399,13
1991 MARK MCGWIRE Topps Stadium Club #399 Oakland Athletics (1813),$1.59,$0.00,"Sold Mar 25, 2026",gwaltneyenterprises,New,https://www.ebay.com/itm/197462198463?_skw=1991+Stadium+Club+Baseball+mark+mcgwire+%23399&epid=12055875461&itmmeta=01KNA3NM115WVNZR701JAJADGP&hash=item2df9aa08bf:g:V50AAOSwbJ5oVuhL&itmprp=enc%3AAQALAAAA8GfYFPkwiKCW4ZNSs2u11xCqN6V2w7C4QJQULq%2BvdWHbOy%2Bm2Su%2FyfWPpJtM7CuBkn0uhWncNxKlzgnf82AO1ESsZRCJt8e4hDe4D8fNqeYquzjOQ0rNbsR6W6vB9%2B3s4Uli4LrIHlXzaYZh13zKQsQxvQjbQf05G6YszW5bJUrzMXdaQdOKpyIa9qpaoElY2vGv7JsJD994MPPKhUQIXUI7gCE3ScV0xWDAtXV60bhI2UAtL%2F3yEm%2BaZazlyi1YUi82qTXlfWIfCKjIfNblF0wfJKMq4CMVNKokTyLTPeUvLvuVkEsnznWASVQV42MQ8g%3D%3D%7Ctkp%3ABk9SR-bA1sOqZw,https://i.ebayimg.com/images/g/V50AAOSwbJ5oVuhL/s-l500.webp,N,,,N,N,1.59,0.0,1.59,2026-03-25,bin,False,False,,,399,197462198463,https://www.ebay.com/sch/i.html?_nkw=1991+Stadium+Club+Baseball+mark+mcgwire+%23399&LH_Sold=1&LH_Complete=1&_sop=13,https://www.ebay.com/itm/197462198463?_skw=1991+Stadium+Club+Baseball+mark+mcgwire+%23399&epid=12055875461&itmmeta=01KNA3NM115WVNZR701JAJADGP&hash=item2df9aa08bf:g:V50AAOSwbJ5oVuhL&itmprp=enc%3AAQALAAAA8GfYFPkwiKCW4ZNSs2u11xCqN6V2w7C4QJQULq%2BvdWHbOy%2Bm2Su%2FyfWPpJtM7CuBkn0uhWncNxKlzgnf82AO1ESsZRCJt8e4hDe4D8fNqeYquzjOQ0rNbsR6W6vB9%2B3s4Uli4LrIHlXzaYZh13zKQsQxvQjbQf05G6YszW5bJUrzMXdaQdOKpyIa9qpaoElY2vGv7JsJD994MPPKhUQIXUI7gCE3ScV0xWDAtXV60bhI2UAtL%2F3yEm%2BaZazlyi1YUi82qTXlfWIfCKjIfNblF0wfJKMq4CMVNKokTyLTPeUvLvuVkEsnznWASVQV42MQ8g%3D%3D%7Ctkp%3ABk9SR-bA1sOqZw,6,1,1991 Stadium Club Baseball mark mcgwire #399,13
Mark McGwire Baseball Cards **You Pick** A's/Cardinals. Rev 11/21,$1.39,$0.19,"Sold Mar 16, 2026",bezimm_59,New,https://www.ebay.com/itm/404243520490?_skw=1991+Stadium+Club+Baseball+mark+mcgwire+%23399&epid=12055875461&itmmeta=01KNA3NM11K9YG1CPSFRG667EE&hash=item5e1eca9bea:g:c-kAAOSwl8hkN19W&itmprp=enc%3AAQALAAABEGfYFPkwiKCW4ZNSs2u11xCLAmhtMiO035Jt1B7kUS6MJEQO%2FAaPYHpNZ3%2BMR5u4zQZ6SgFPRkHgR%2BBF1d9eSpFJTVVFXz1F9xUJXuql6BI3aZdkOWdk8KX1H%2FNfHvup4LAGGDN1QhfE9nh3tosjMrGYbjpO3sl7rWXotbpf8wgaLCLkXtS1JCR%2Bd8R0XwpBi21iBiaexzFRjojsJD4NC14ARkGM%2BG4D7cFb7ryzxckZ2sXQ92p6IQAdYsRHF2u7brickcJZFWMl98zOWtnMKccKKbwsTIqk5ilb61kclwkveL6OHSnNQOdJNfkxvGhygo5AYJYz9efS0mtTa5wJQcW%2BgK1dyGSXAZlHr8zOcza1%7Ctkp%3ABk9SR-bA1sOqZw,https://i.ebayimg.com/images/g/c-kAAOSwl8hkN19W/s-l500.webp,N,,,N,N,1.39,0.19,1.58,2026-03-16,bin,False,False,,,11,404243520490,https://www.ebay.com/sch/i.html?_nkw=1991+Stadium+Club+Baseball+mark+mcgwire+%23399&LH_Sold=1&LH_Complete=1&_sop=13,https://www.ebay.com/itm/404243520490?_skw=1991+Stadium+Club+Baseball+mark+mcgwire+%23399&epid=12055875461&itmmeta=01KNA3NM11K9YG1CPSFRG667EE&hash=item5e1eca9bea:g:c-kAAOSwl8hkN19W&itmprp=enc%3AAQALAAABEGfYFPkwiKCW4ZNSs2u11xCLAmhtMiO035Jt1B7kUS6MJEQO%2FAaPYHpNZ3%2BMR5u4zQZ6SgFPRkHgR%2BBF1d9eSpFJTVVFXz1F9xUJXuql6BI3aZdkOWdk8KX1H%2FNfHvup4LAGGDN1QhfE9nh3tosjMrGYbjpO3sl7rWXotbpf8wgaLCLkXtS1JCR%2Bd8R0XwpBi21iBiaexzFRjojsJD4NC14ARkGM%2BG4D7cFb7ryzxckZ2sXQ92p6IQAdYsRHF2u7brickcJZFWMl98zOWtnMKccKKbwsTIqk5ilb61kclwkveL6OHSnNQOdJNfkxvGhygo5AYJYz9efS0mtTa5wJQcW%2BgK1dyGSXAZlHr8zOcza1%7Ctkp%3ABk9SR-bA1sOqZw,7,1,1991 Stadium Club Baseball mark mcgwire #399,13
1991 Topps Stadium Club Missing Foil Mark McGwire #399 BGS 9 MINT 0j6,$31.30,$4.99,"Sold Mar 15, 2026",comc_consignment,New,https://www.ebay.com/itm/257369126618?_skw=1991+Stadium+Club+Baseball+mark+mcgwire+%23399&epid=6055932064&itmmeta=01KNA3NM118ACDMA3XJR28DMNS&hash=item3bec6536da:g:mUsAAeSwfVxpl9nj&itmprp=enc%3AAQALAAABEGfYFPkwiKCW4ZNSs2u11xBJEK31DVAxs7eJPQKXpGKg9Wt7ZYmpDvPdbjtgkZSdpsZuTXNDXG08HeZOhvWZ0iO2FLdI9WdS2bvnxI4BT7x6VGjn8t0Y4%2BptSUem3f7bYPvnNFiQj8fBrlMMHA0gqYofj5xLu74yverAB8vz4JxTdU9Vo4e7S8GBaEIBrpVBYyeFnj8KJwW570TuFcQjgTQ81uC%2Fqfi5F77zZ7IqH%2FQ5LEFN2PPJLuqbf%2BhayqENcrt82Tb8cleJkySXPHrTLAt3Nt4fC%2ByVaFjTs%2BR0YB7kUPZdwb9AzL6im%2B5QA6Hyund54s4zJWRvZic6pmCRi00j1x7Pe4ts9o3DykgHctOE%7Ctkp%3ABk9SR-bA1sOqZw,https://i.ebayimg.com/images/g/mUsAAeSwfVxpl9nj/s-l500.webp,Y,BGS,9,N,N,31.3,4.99,36.29,2026-03-15,bin,False,True,BGS,9.0,399,257369126618,https://www.ebay.com/sch/i.html?_nkw=1991+Stadium+Club+Baseball+mark+mcgwire+%23399&LH_Sold=1&LH_Complete=1&_sop=13,https://www.ebay.com/itm/257369126618?_skw=1991+Stadium+Club+Baseball+mark+mcgwire+%23399&epid=6055932064&itmmeta=01KNA3NM118ACDMA3XJR28DMNS&hash=item3bec6536da:g:mUsAAeSwfVxpl9nj&itmprp=enc%3AAQALAAABEGfYFPkwiKCW4ZNSs2u11xBJEK31DVAxs7eJPQKXpGKg9Wt7ZYmpDvPdbjtgkZSdpsZuTXNDXG08HeZOhvWZ0iO2FLdI9WdS2bvnxI4BT7x6VGjn8t0Y4%2BptSUem3f7bYPvnNFiQj8fBrlMMHA0gqYofj5xLu74yverAB8vz4JxTdU9Vo4e7S8GBaEIBrpVBYyeFnj8KJwW570TuFcQjgTQ81uC%2Fqfi5F77zZ7IqH%2FQ5LEFN2PPJLuqbf%2BhayqENcrt82Tb8cleJkySXPHrTLAt3Nt4fC%2ByVaFjTs%2BR0YB7kUPZdwb9AzL6im%2B5QA6Hyund54s4zJWRvZic6pmCRi00j1x7Pe4ts9o3DykgHctOE%7Ctkp%3ABk9SR-bA1sOqZw,8,1,1991 Stadium Club Baseball mark mcgwire #399,13
"1991 Stadium Club Baseball #1-600 HOF/Stars/RC You Pick ($0.75 Buy 3,Get 1 FREE)",$0.75,$1.25,"Sold Mar 15, 2026",bestinbbcards,New,https://www.ebay.com/itm/197954169845?_skw=1991+Stadium+Club+Baseball+mark+mcgwire+%23399&epid=12055875461&itmmeta=01KNA3NM118MKDEJC89HRJ6H5B&hash=item2e16fcebf5:g:YjcAAeSwMEJpQhsO&itmprp=enc%3AAQALAAABEGfYFPkwiKCW4ZNSs2u11xDNKFgTcCfaFag4a58iSEhPJCDnRnGSXrTulagfd5XFOThIWRyZVTaYDYv9fjovS908PssV2HCi4iojTWaCFDxJ2gDp%2BmcDRdu%2BJEKYmrP1xkI3t1K2mPjl1g9iKrKtDiN8MAkXu%2BEkgfaW0hbPwzi0m9ClwNNXl81WaUlKt83JS1Y66%2B9YAygHiOHz%2FaFchZPYYP0V%2Flp55f4hvtmmHEei2tUTFcWQHtpNyGLoTCb2bOQ1sA6plQUAj2%2F7BWQgyUgKs7TfwsQAQ6OshwPVzBCNp4MXzQVM4hFf5bnYeBHc%2ByUeWaXcgo3HK9gECqwL78%2BcwYRLjhxZlh5gNVn7K%2FRh%7Ctkp%3ABk9SR-bA1sOqZw,https://i.ebayimg.com/images/g/YjcAAeSwMEJpQhsO/s-l500.webp,N,,,N,N,0.75,1.25,2.0,2026-03-15,bin,False,False,,1.0,600,197954169845,https://www.ebay.com/sch/i.html?_nkw=1991+Stadium+Club+Baseball+mark+mcgwire+%23399&LH_Sold=1&LH_Complete=1&_sop=13,https://www.ebay.com/itm/197954169845?_skw=1991+Stadium+Club+Baseball+mark+mcgwire+%23399&epid=12055875461&itmmeta=01KNA3NM118MKDEJC89HRJ6H5B&hash=item2e16fcebf5:g:YjcAAeSwMEJpQhsO&itmprp=enc%3AAQALAAABEGfYFPkwiKCW4ZNSs2u11xDNKFgTcCfaFag4a58iSEhPJCDnRnGSXrTulagfd5XFOThIWRyZVTaYDYv9fjovS908PssV2HCi4iojTWaCFDxJ2gDp%2BmcDRdu%2BJEKYmrP1xkI3t1K2mPjl1g9iKrKtDiN8MAkXu%2BEkgfaW0hbPwzi0m9ClwNNXl81WaUlKt83JS1Y66%2B9YAygHiOHz%2FaFchZPYYP0V%2Flp55f4hvtmmHEei2tUTFcWQHtpNyGLoTCb2bOQ1sA6plQUAj2%2F7BWQgyUgKs7TfwsQAQ6OshwPVzBCNp4MXzQVM4hFf5bnYeBHc%2ByUeWaXcgo3HK9gECqwL78%2BcwYRLjhxZlh5gNVn7K%2FRh%7Ctkp%3ABk9SR-bA1sOqZw,9,1,1991 Stadium Club Baseball mark mcgwire #399,13
1991 Stadium Club #399 Mark McGwire Oakland Athletics,$1.65,$0.00,"Sold Mar 14, 2026",bills_card_corner,New,https://www.ebay.com/itm/297696173188?_skw=1991+Stadium+Club+Baseball+mark+mcgwire+%23399&epid=12055875461&itmmeta=01KNA3NM11A1WM92GE54GWKWCK&hash=item4550131c84:g:~tIAAeSwJQJo9QUo&itmprp=enc%3AAQALAAAA8GfYFPkwiKCW4ZNSs2u11xBLQgXXE8dogGS5PZw6zGp18ajxu%2B%2FiEPv55LInme0wkKh5n6U9Iqth%2BOYZMrO%2BzQ0vSgJILw26xelY%2FT8Sbzc1QkBv1uGlkU%2FuWcoy0amPvMocainOOPyxecJORAfwW7DJOwXdrXY8e0XWS3aGAvjOy70WT5s3swUA3CjlAiDlTc3AD8jtYFk97GXax74KBKE4DgRjUz2l6OFiixiVbVoKAdq%2FUAbO0nETPQwqbFZ6ARzNAJnE6NzBt2rjnk0%2BYljfthy31ymehPuRpYtJznzaJrlRi9%2BWVXX5ui4bEfPRTg%3D%3D%7Ctkp%3ABk9SR-bA1sOqZw,https://i.ebayimg.com/images/g/~tIAAeSwJQJo9QUo/s-l500.webp,N,,,N,N,1.65,0.0,1.65,2026-03-14,bin,False,False,,,399,297696173188,https://www.ebay.com/sch/i.html?_nkw=1991+Stadium+Club+Baseball+mark+mcgwire+%23399&LH_Sold=1&LH_Complete=1&_sop=13,https://www.ebay.com/itm/297696173188?_skw=1991+Stadium+Club+Baseball+mark+mcgwire+%23399&epid=12055875461&itmmeta=01KNA3NM11A1WM92GE54GWKWCK&hash=item4550131c84:g:~tIAAeSwJQJo9QUo&itmprp=enc%3AAQALAAAA8GfYFPkwiKCW4ZNSs2u11xBLQgXXE8dogGS5PZw6zGp18ajxu%2B%2FiEPv55LInme0wkKh5n6U9Iqth%2BOYZMrO%2BzQ0vSgJILw26xelY%2FT8Sbzc1QkBv1uGlkU%2FuWcoy0amPvMocainOOPyxecJORAfwW7DJOwXdrXY8e0XWS3aGAvjOy70WT5s3swUA3CjlAiDlTc3AD8jtYFk97GXax74KBKE4DgRjUz2l6OFiixiVbVoKAdq%2FUAbO0nETPQwqbFZ6ARzNAJnE6NzBt2rjnk0%2BYljfthy31ymehPuRpYtJznzaJrlRi9%2BWVXX5ui4bEfPRTg%3D%3D%7Ctkp%3ABk9SR-bA1sOqZw,10,1,1991 Stadium Club Baseball mark mcgwire #399,13
1991 TOPPS STADIUM CLUB BASEBALL #399 MARK McGWIRE SGC 8.5 NEAR MINT-MINT +,$8.00,$4.50,"Sold Mar 14, 2026",123jacs,New,https://www.ebay.com/itm/326491108281?_skw=1991+Stadium+Club+Baseball+mark+mcgwire+%23399&epid=12055875461&itmmeta=01KNA3NM11CYTF4AJDCCFKM8M4&hash=item4c0462f3b9:g:UpAAAOSwwE9n2KSH&itmprp=enc%3AAQALAAABEGfYFPkwiKCW4ZNSs2u11xAoNuHgCMXzubigLMTq3cPRkVQw7SytmRRQS6Yce6oQfbDdHR25zy6Vgsw903wQi929IHzF%2F0jcXopYYtJDbQf9MFg9fBzOjQAqX6nxI3YQ2brAFdInZVl5sMut7%2FoyoeN2GUCEwX65i2TwbFQRccBF8ZGRJqtEHMqDn3HT4J3VsIA%2FLsyte6fECHi1D8cCowIPZSl2qqwp2%2FBTPo5LwVKpUaICP4fYS9yPYICVdLDRzNg4OlVjeyGKvtlB6%2BAFayhlCOpjLesNEXvInAo57gpIoAmeSLtdE2rLClSRBvARYpv9wrDj7EdMJmVrnV6EQ3WvHGs52Goev3pCpUxfAIIU%7Ctkp%3ABk9SR-bA1sOqZw,https://i.ebayimg.com/images/g/UpAAAOSwwE9n2KSH/s-l500.webp,Y,SGC,8.5,N,N,8.0,4.5,12.5,2026-03-14,bin,False,True,SGC,8.5,399,326491108281,https://www.ebay.com/sch/i.html?_nkw=1991+Stadium+Club+Baseball+mark+mcgwire+%23399&LH_Sold=1&LH_Complete=1&_sop=13,https://www.ebay.com/itm/326491108281?_skw=1991+Stadium+Club+Baseball+mark+mcgwire+%23399&epid=12055875461&itmmeta=01KNA3NM11CYTF4AJDCCFKM8M4&hash=item4c0462f3b9:g:UpAAAOSwwE9n2KSH&itmprp=enc%3AAQALAAABEGfYFPkwiKCW4ZNSs2u11xAoNuHgCMXzubigLMTq3cPRkVQw7SytmRRQS6Yce6oQfbDdHR25zy6Vgsw903wQi929IHzF%2F0jcXopYYtJDbQf9MFg9fBzOjQAqX6nxI3YQ2brAFdInZVl5sMut7%2FoyoeN2GUCEwX65i2TwbFQRccBF8ZGRJqtEHMqDn3HT4J3VsIA%2FLsyte6fECHi1D8cCowIPZSl2qqwp2%2FBTPo5LwVKpUaICP4fYS9yPYICVdLDRzNg4OlVjeyGKvtlB6%2BAFayhlCOpjLesNEXvInAo57gpIoAmeSLtdE2rLClSRBvARYpv9wrDj7EdMJmVrnV6EQ3WvHGs52Goev3pCpUxfAIIU%7Ctkp%3ABk9SR-bA1sOqZw,11,1,1991 Stadium Club Baseball mark mcgwire #399,13
1991 Stadium Club Baseball Part 2 Main Set Card 251 - 500,$0.99,$1.00,"Sold Mar 11, 2026",simicards,New,https://www.ebay.com/itm/372222809599?_skw=1991+Stadium+Club+Baseball+mark+mcgwire+%23399&epid=12055875461&itmmeta=01KNA3NM1180EBFXHT0KN3MEGK&hash=item56aa3555ff:g:684AAOSwBV5ahNF9&itmprp=enc%3AAQALAAAA8GfYFPkwiKCW4ZNSs2u11xDsCjagkIMlwJWg4hzyKI99XVYuN7NvOsyDoKhS5lXw3Hn9P6zXpzFG28dhRze6YmbhAl2FASneT38q7FX3GZO%2Fhcm%2FfJgX9ip3AKBEK8RGp1ROWwAG06dCwgJIrYBwlRCfRckLTyQKkNOXlLZJJmGeZgyDsx17ppW3kgA7bw6HU0kJFAILjAkZAjEUsBPeArLLGbOEiwIrMwOP0kuomu17%2F8Cq1HIOuN1DUdHFWVSWa4uZxGFY14Ss3p%2BxyyCbHK8dwak%2ByAQnuunztVtPVHU2MsCeXezGTFw7HZG%2BTMKAdQ%3D%3D%7Ctkp%3ABk9SR-bA1sOqZw,https://i.ebayimg.com/images/g/684AAOSwBV5ahNF9/s-l500.webp,N,,,N,N,0.99,1.0,1.99,2026-03-11,bin,False,False,,2.0,251,372222809599,https://www.ebay.com/sch/i.html?_nkw=1991+Stadium+Club+Baseball+mark+mcgwire+%23399&LH_Sold=1&LH_Complete=1&_sop=13,https://www.ebay.com/itm/372222809599?_skw=1991+Stadium+Club+Baseball+mark+mcgwire+%23399&epid=12055875461&itmmeta=01KNA3NM1180EBFXHT0KN3MEGK&hash=item56aa3555ff:g:684AAOSwBV5ahNF9&itmprp=enc%3AAQALAAAA8GfYFPkwiKCW4ZNSs2u11xDsCjagkIMlwJWg4hzyKI99XVYuN7NvOsyDoKhS5lXw3Hn9P6zXpzFG28dhRze6YmbhAl2FASneT38q7FX3GZO%2Fhcm%2FfJgX9ip3AKBEK8RGp1ROWwAG06dCwgJIrYBwlRCfRckLTyQKkNOXlLZJJmGeZgyDsx17ppW3kgA7bw6HU0kJFAILjAkZAjEUsBPeArLLGbOEiwIrMwOP0kuomu17%2F8Cq1HIOuN1DUdHFWVSWa4uZxGFY14Ss3p%2BxyyCbHK8dwak%2ByAQnuunztVtPVHU2MsCeXezGTFw7HZG%2BTMKAdQ%3D%3D%7Ctkp%3ABk9SR-bA1sOqZw,12,1,1991 Stadium Club Baseball mark mcgwire #399,13
1991 Topps Stadium Club Mark McGwire #399 A's,$1.59,$0.00,"Sold Mar 9, 2026",evclev2998,New,https://www.ebay.com/itm/267306814870?_skw=1991+Stadium+Club+Baseball+mark+mcgwire+%23399&epid=12055875461&itmmeta=01KNA3NM11X9ARQJ193XX2JRZ2&hash=item3e3cba4d96:g:F6EAAeSwt4NoYJG0&itmprp=enc%3AAQALAAABEGfYFPkwiKCW4ZNSs2u11xCcVBwcVTvdalFDkzDQwpw3N1AwK%2FUnkGgsqIS0X4xZ1Cal5TQhLBD3DwjZ%2BnrZNxRCBUgruJbIetxMx%2FuTE6O4cWafEG8jWytf%2BPcrJXnUPuD83Bj4cDgzrKE%2Bnr%2FIaPCq2qzAlt4ss4R98PwV0DXlkxsjXLxpsNcR2PvW5hlO4hNyQFFG2E4miGt98TxFKn9w2sXghHtKGVtDkc3xIvTjNXZDgR%2FyDRo0shK5SEexIELZxdeDQsmqiHBxhQX5wXH23Giq4G050CKcK1es2ifbJLg4F6OjoTQ7Om7OwAlxb2eintJuKYtbP%2Bojdk--CqdjNGWnhKEWMtOLnuyGbvI7%7Ctkp%3ABk9SR-bA1sOqZw,https://i.ebayimg.com/images/g/F6EAAeSwt4NoYJG0/s-l500.webp,N,,,N,Y,1.59,0.0,1.59,2026-03-09,bin,True,False,,,399,267306814870,https://www.ebay.com/sch/i.html?_nkw=1991+Stadium+Club+Baseball+mark+mcgwire+%23399&LH_Sold=1&LH_Complete=1&_sop=13,https://www.ebay.com/itm/267306814870?_skw=1991+Stadium+Club+Baseball+mark+mcgwire+%23399&epid=12055875461&itmmeta=01KNA3NM11X9ARQJ193XX2JRZ2&hash=item3e3cba4d96:g:F6EAAeSwt4NoYJG0&itmprp=enc%3AAQALAAABEGfYFPkwiKCW4ZNSs2u11xCcVBwcVTvdalFDkzDQwpw3N1AwK%2FUnkGgsqIS0X4xZ1Cal5TQhLBD3DwjZ%2BnrZNxRCBUgruJbIetxMx%2FuTE6O4cWafEG8jWytf%2BPcrJXnUPuD83Bj4cDgzrKE%2Bnr%2FIaPCq2qzAlt4ss4R98PwV0DXlkxsjXLxpsNcR2PvW5hlO4hNyQFFG2E4miGt98TxFKn9w2sXghHtKGVtDkc3xIvTjNXZDgR%2FyDRo0shK5SEexIELZxdeDQsmqiHBxhQX5wXH23Giq4G050CKcK1es2ifbJLg4F6OjoTQ7Om7OwAlxb2eintJuKYtbP%2Bojdk--CqdjNGWnhKEWMtOLnuyGbvI7%7Ctkp%3ABk9SR-bA1sOqZw,13,1,1991 Stadium Club Baseball mark mcgwire #399,13
1991 TOPPS STADIUM CLUB BASEBALL #399 MARK MCGWIRE,$1.43,$2.15,"Sold Feb 22, 2026",incrediblecollectiblesinc,New,https://www.ebay.com/itm/227226420603?_skw=1991+Stadium+Club+Baseball+mark+mcgwire+%23399&itmmeta=01KNA3NM115DPS63XZKGAF530J&hash=item34e7c0057b:g:TXkAAeSw1KlpmT2x&itmprp=enc%3AAQALAAAA8GfYFPkwiKCW4ZNSs2u11xA3qzyGg2ASJKlSfUc6pTFG585f9%2BgAvXDF9O93Lrx9qrtqNwDOhSt4c7fqgC6g92wVgPlVVMMZ3gECgU1UbNwjKrgcOT13PgcdvQ9zX3cexgCy3gQBWzAvJPKhsDqq17Awihv3x2pgDQa9Mq3zSRniXTwvQxzYnMOEuGelA3vJNacGesqOx0mFfAPYs17KKNVmE6YiMfieSfDIjRVifKjnj5V%2Ff4FcK%2FzhdMKRg2V%2Bm%2BBW7otRnSrOFUKAqzxmudwHvQVglQK0I9KOvR9UgFQ9uFyf76y7lxWH3ilXhLf%2BPw%3D%3D%7Ctkp%3ABk9SR-bA1sOqZw,https://i.ebayimg.com/images/g/TXkAAeSw1KlpmT2x/s-l500.webp,N,,,N,Y,1.43,2.15,3.58,2026-02-22,bin,True,False,,,399,227226420603,https://www.ebay.com/sch/i.html?_nkw=1991+Stadium+Club+Baseball+mark+mcgwire+%23399&LH_Sold=1&LH_Complete=1&_sop=13,https://www.ebay.com/itm/227226420603?_skw=1991+Stadium+Club+Baseball+mark+mcgwire+%23399&itmmeta=01KNA3NM115DPS63XZKGAF530J&hash=item34e7c0057b:g:TXkAAeSw1KlpmT2x&itmprp=enc%3AAQALAAAA8GfYFPkwiKCW4ZNSs2u11xA3qzyGg2ASJKlSfUc6pTFG585f9%2BgAvXDF9O93Lrx9qrtqNwDOhSt4c7fqgC6g92wVgPlVVMMZ3gECgU1UbNwjKrgcOT13PgcdvQ9zX3cexgCy3gQBWzAvJPKhsDqq17Awihv3x2pgDQa9Mq3zSRniXTwvQxzYnMOEuGelA3vJNacGesqOx0mFfAPYs17KKNVmE6YiMfieSfDIjRVifKjnj5V%2Ff4FcK%2FzhdMKRg2V%2Bm%2BBW7otRnSrOFUKAqzxmudwHvQVglQK0I9KOvR9UgFQ9uFyf76y7lxWH3ilXhLf%2BPw%3D%3D%7Ctkp%3ABk9SR-bA1sOqZw,14,1,1991 Stadium Club Baseball mark mcgwire #399,13
1991 Stadium Club Baseball Mark McGwire 3 Card Lot #399 Set Break NM,$1.99,$0.00,"Sold Mar 6, 2026",snabe3,New,https://www.ebay.com/itm/267476149687?_skw=1991+Stadium+Club+Baseball+mark+mcgwire+%23399&itmmeta=01KNA3NM110745QAANCCJKN4JC&hash=item3e46d225b7:g:MLUAAeSw5q1pGi2p&itmprp=enc%3AAQALAAABEGfYFPkwiKCW4ZNSs2u11xDRMkM%2Fy1U%2FrfwCg2QRmAr%2FQNGKFjlMj0B%2Bbbg2tPBxZrNJb1TieaedmRmcuPTsW1hvBsag1ycUuH7MG8XnHLMksWA1aZzbC8kjgdWKpZ%2BTARWmBIqtZJ1bwL5JN2%2B%2BpmoT56kwjq7dCc%2BI60w%2FEEnTTWHq9LZNMreiym78Ht5RuFcniQ6UsVfEYpP7PNaPP57ln9jXaA6hHc47s9fhr61DCTu9xAse0zlGe%2BQw28Hr877qxjsn1%2F3UTN5Ewr0Dj1IISDjjztQB8KJgFe7SvTzlMVeo8VJKWfTv3%2FISD%2B30bB6eepKSmYHUYNzVECChlxt%2Be%2FvxshoxVNSAxBgDt68D%7Ctkp%3ABk9SR-jA1sOqZw,https://i.ebayimg.com/images/g/MLUAAeSw5q1pGi2p/s-l500.webp,N,,,N,N,1.99,0.0,1.99,2026-03-06,bin,False,False,,3.0,399,267476149687,https://www.ebay.com/sch/i.html?_nkw=1991+Stadium+Club+Baseball+mark+mcgwire+%23399&LH_Sold=1&LH_Complete=1&_sop=13,https://www.ebay.com/itm/267476149687?_skw=1991+Stadium+Club+Baseball+mark+mcgwire+%23399&itmmeta=01KNA3NM110745QAANCCJKN4JC&hash=item3e46d225b7:g:MLUAAeSw5q1pGi2p&itmprp=enc%3AAQALAAABEGfYFPkwiKCW4ZNSs2u11xDRMkM%2Fy1U%2FrfwCg2QRmAr%2FQNGKFjlMj0B%2Bbbg2tPBxZrNJb1TieaedmRmcuPTsW1hvBsag1ycUuH7MG8XnHLMksWA1aZzbC8kjgdWKpZ%2BTARWmBIqtZJ1bwL5JN2%2B%2BpmoT56kwjq7dCc%2BI60w%2FEEnTTWHq9LZNMreiym78Ht5RuFcniQ6UsVfEYpP7PNaPP57ln9jXaA6hHc47s9fhr61DCTu9xAse0zlGe%2BQw28Hr877qxjsn1%2F3UTN5Ewr0Dj1IISDjjztQB8KJgFe7SvTzlMVeo8VJKWfTv3%2FISD%2B30bB6eepKSmYHUYNzVECChlxt%2Be%2FvxshoxVNSAxBgDt68D%7Ctkp%3ABk9SR-jA1sOqZw,15,1,1991 Stadium Club Baseball mark mcgwire #399,13
1991 Topps Stadium Club #399 Mark McGwire Oakland Athletics 🔥⚾🔥,$0.99,$0.95,"Sold Mar 6, 2026",cwstradingcards,New,https://www.ebay.com/itm/364176639141?_skw=1991+Stadium+Club+Baseball+mark+mcgwire+%23399&epid=12055875461&itmmeta=01KNA3NM11FJSB9RMHQQKJP1EX&hash=item54ca9e84a5:g:O9UAAOSwRRpgQtP-&itmprp=enc%3AAQALAAAA8GfYFPkwiKCW4ZNSs2u11xDft%2FyF4k4I4DJ1v8e784ihKNdceU%2Bsv5%2Fs4bEVkTzqGGUPsCygO%2FfHbqhxYKNGOvYDjBH0reoHg0n0zBrFvnvS2WL6zC2EQKYS1aW41myzP9YIdljQkbSWTc2BSVTX61xqcUoG7RNjMcx8365SoMXXgie8vQZGMBhKjCuH5Ut5qgu9Fv8ZN4Zt4rrSh5lMRX4c%2Fxuka3x21FhqudcgJdxtvWoZx2xe1ZhMdnYxGromHPlQsGNwGh6xmf6IlVhMdlxZ3r25PhBDEQVgMe6r0iQ2u4zwhWSnWP4ck2TKK9y8sg%3D%3D%7Ctkp%3ABk9SR-jA1sOqZw,https://i.ebayimg.com/images/g/O9UAAOSwRRpgQtP-/s-l500.webp,N,,,N,N,0.99,0.95,1.94,2026-03-06,bin,False,False,,,399,364176639141,https://www.ebay.com/sch/i.html?_nkw=1991+Stadium+Club+Baseball+mark+mcgwire+%23399&LH_Sold=1&LH_Complete=1&_sop=13,https://www.ebay.com/itm/364176639141?_skw=1991+Stadium+Club+Baseball+mark+mcgwire+%23399&epid=12055875461&itmmeta=01KNA3NM11FJSB9RMHQQKJP1EX&hash=item54ca9e84a5:g:O9UAAOSwRRpgQtP-&itmprp=enc%3AAQALAAAA8GfYFPkwiKCW4ZNSs2u11xDft%2FyF4k4I4DJ1v8e784ihKNdceU%2Bsv5%2Fs4bEVkTzqGGUPsCygO%2FfHbqhxYKNGOvYDjBH0reoHg0n0zBrFvnvS2WL6zC2EQKYS1aW41myzP9YIdljQkbSWTc2BSVTX61xqcUoG7RNjMcx8365SoMXXgie8vQZGMBhKjCuH5Ut5qgu9Fv8ZN4Zt4rrSh5lMRX4c%2Fxuka3x21FhqudcgJdxtvWoZx2xe1ZhMdnYxGromHPlQsGNwGh6xmf6IlVhMdlxZ3r25PhBDEQVgMe6r0iQ2u4zwhWSnWP4ck2TKK9y8sg%3D%3D%7Ctkp%3ABk9SR-jA1sOqZw,16,1,1991 Stadium Club Baseball mark mcgwire #399,13
MARK MCGWIRE ATHLETICS 1991 TOPPS STADIUM CLUB BASE CARD #399,$1.59,$0.00,"Sold Mar 1, 2026",enforcer-1,New,https://www.ebay.com/itm/157682145712?_skw=1991+Stadium+Club+Baseball+mark+mcgwire+%23399&epid=12055875461&itmmeta=01KNA3NM116RWPYCAM848GHV4X&hash=item24b69699b0:g:QFUAAeSwo7hpkKVo&itmprp=enc%3AAQALAAAA8GfYFPkwiKCW4ZNSs2u11xDSzKDzf32M1cFCd5v3Zd76SACnyUTNmhkTdcA6DbcI%2FkciCCiJj7wpnUi5DWVaoec%2BwXXVJau1a2GZu5ovr9S6yj3SMNrisHpE9Ow441FJYj15hDeAazLph%2B6gD22Pgw15gl4JdC8izgCgdB%2F%2BhTrnmkKf8osGd1YsyCYNzoHRHE7%2FzjNVSz2He%2F203vdFkfc611I3FpKjunE%2BGZN8yTMxTa2NmowNdkbJ%2FL4F2xOR8f3zgBOBC9IuHHiMSj668SHItP40Jp1ZLHu2ZcKcakLLVPL98VDhR97f85PtPMw6dA%3D%3D%7Ctkp%3ABk9SR-jA1sOqZw,https://i.ebayimg.com/images/g/QFUAAeSwo7hpkKVo/s-l500.webp,N,,,N,N,1.59,0.0,1.59,2026-03-01,bin,False,False,,,399,157682145712,https://www.ebay.com/sch/i.html?_nkw=1991+Stadium+Club+Baseball+mark+mcgwire+%23399&LH_Sold=1&LH_Complete=1&_sop=13,https://www.ebay.com/itm/157682145712?_skw=1991+Stadium+Club+Baseball+mark+mcgwire+%23399&epid=12055875461&itmmeta=01KNA3NM116RWPYCAM848GHV4X&hash=item24b69699b0:g:QFUAAeSwo7hpkKVo&itmprp=enc%3AAQALAAAA8GfYFPkwiKCW4ZNSs2u11xDSzKDzf32M1cFCd5v3Zd76SACnyUTNmhkTdcA6DbcI%2FkciCCiJj7wpnUi5DWVaoec%2BwXXVJau1a2GZu5ovr9S6yj3SMNrisHpE9Ow441FJYj15hDeAazLph%2B6gD22Pgw15gl4JdC8izgCgdB%2F%2BhTrnmkKf8osGd1YsyCYNzoHRHE7%2FzjNVSz2He%2F203vdFkfc611I3FpKjunE%2BGZN8yTMxTa2NmowNdkbJ%2FL4F2xOR8f3zgBOBC9IuHHiMSj668SHItP40Jp1ZLHu2ZcKcakLLVPL98VDhR97f85PtPMw6dA%3D%3D%7Ctkp%3ABk9SR-jA1sOqZw,17,1,1991 Stadium Club Baseball mark mcgwire #399,13
"Mark McGwire MEGA SALE - You Pick - RC, Inserts, Base Set - Listing 1 of 3!",$0.99,$0.00,"Sold Feb 28, 2026",maple_city_card_corner,New,https://www.ebay.com/itm/274981080131?_skw=1991+Stadium+Club+Baseball+mark+mcgwire+%23399&epid=12055875461&itmmeta=01KNA3NM12X0YYC20V2NDK3SCR&hash=item4006264c43:g:tCAAAOSwuG9hXbhD&itmprp=enc%3AAQALAAABEGfYFPkwiKCW4ZNSs2u11xBR%2BhJDsvACZesuUugfd6oQDST%2BoPPTjum2NBaDEN%2Fhqhrt%2ByAizYBC187Ma9PSl%2BAmgrhbqTs6iGRrb4MkBD6tB8j8mv5HAOgNdBNBX%2F38%2BA1sx0cPsh2Lc8xAYAUJAh7yxJZeTLFd6KvR4zbpU5bhCIEjr9Yom4%2BknvFLoXILgfkcXotMrLFPzTl%2BSefqEk%2Fv7%2B5vQEWfZta2UGr0y9dhmr94hRz%2BMkMMz9Oyws%2BqDbS8EqwPbhrVpT6ltjs9CKsobbTy6IsCl%2B2qwyzU%2Fahq88n0S2idL1gmg0oZXeze0Rl9I2wfeoIgVCW%2BNCluHQv5Gml22lmcbs5fqeBWMFSt%7Ctkp%3ABk9SR-jA1sOqZw,https://i.ebayimg.com/images/g/tCAAAOSwuG9hXbhD/s-l500.webp,N,,,N,N,0.99,0.0,0.99,2026-02-28,bin,False,False,,1.0,,274981080131,https://www.ebay.com/sch/i.html?_nkw=1991+Stadium+Club+Baseball+mark+mcgwire+%23399&LH_Sold=1&LH_Complete=1&_sop=13,https://www.ebay.com/itm/274981080131?_skw=1991+Stadium+Club+Baseball+mark+mcgwire+%23399&epid=12055875461&itmmeta=01KNA3NM12X0YYC20V2NDK3SCR&hash=item4006264c43:g:tCAAAOSwuG9hXbhD&itmprp=enc%3AAQALAAABEGfYFPkwiKCW4ZNSs2u11xBR%2BhJDsvACZesuUugfd6oQDST%2BoPPTjum2NBaDEN%2Fhqhrt%2ByAizYBC187Ma9PSl%2BAmgrhbqTs6iGRrb4MkBD6tB8j8mv5HAOgNdBNBX%2F38%2BA1sx0cPsh2Lc8xAYAUJAh7yxJZeTLFd6KvR4zbpU5bhCIEjr9Yom4%2BknvFLoXILgfkcXotMrLFPzTl%2BSefqEk%2Fv7%2B5vQEWfZta2UGr0y9dhmr94hRz%2BMkMMz9Oyws%2BqDbS8EqwPbhrVpT6ltjs9CKsobbTy6IsCl%2B2qwyzU%2Fahq88n0S2idL1gmg0oZXeze0Rl9I2wfeoIgVCW%2BNCluHQv5Gml22lmcbs5fqeBWMFSt%7Ctkp%3ABk9SR-jA1sOqZw,18,1,1991 Stadium Club Baseball mark mcgwire #399,13
1991 STADIUM CLUB #399 MARK McGWIRE ATHLETICS PSA 10,$34.99,$5.00,"Sold Feb 24, 2026",4_sharp_corners,New,https://www.ebay.com/itm/267579182836?_skw=1991+Stadium+Club+Baseball+mark+mcgwire+%23399&epid=12055875461&itmmeta=01KNA3NM121CJ1S3QTDH324BA9&hash=item3e4cf64ef4:g:-lEAAeSwAiNplOw-&itmprp=enc%3AAQALAAABEGfYFPkwiKCW4ZNSs2u11xAc%2BTylfYK5QtXZRNogkX9FBaEnwMDlkmPMb0lrbnVfgKiHNzmdNavO2NaCzc2zOVlU3s61LvoLpzLZqmWEyGGT2aMrgJVKUX%2F3oovxKXBz7KlIwD1mX4tZ3VjEalRviJpzazL2gqYvHmFFoXR1gKl6MamFwzfsLknX3HQBpj8VSufYK1zqoSNfYAgNFnhmWMS4DjlHaomGPSmTikTLaEUeF1UotrEQ6QDjoiHBtKC0gAA9U14jgDsjUcziUWECMqQpSIZMqxYXygGg3uJx9NaklYLX%2BMl%2Bv3n5c2gMlGvV%2FD%2FOVcrwBwlGlNrckeuyLZwMgznBlhXtPYhbwWA7gY4R%7Ctkp%3ABk9SR-jA1sOqZw,https://i.ebayimg.com/images/g/-lEAAeSwAiNplOw-/s-l500.webp,Y,PSA,10,Y,N,34.99,5.0,39.99,2026-02-24,auction,False,True,PSA,10.0,399,267579182836,https://www.ebay.com/sch/i.html?_nkw=1991+Stadium+Club+Baseball+mark+mcgwire+%23399&LH_Sold=1&LH_Complete=1&_sop=13,https://www.ebay.com/itm/267579182836?_skw=1991+Stadium+Club+Baseball+mark+mcgwire+%23399&epid=12055875461&itmmeta=01KNA3NM121CJ1S3QTDH324BA9&hash=item3e4cf64ef4:g:-lEAAeSwAiNplOw-&itmprp=enc%3AAQALAAABEGfYFPkwiKCW4ZNSs2u11xAc%2BTylfYK5QtXZRNogkX9FBaEnwMDlkmPMb0lrbnVfgKiHNzmdNavO2NaCzc2zOVlU3s61LvoLpzLZqmWEyGGT2aMrgJVKUX%2F3oovxKXBz7KlIwD1mX4tZ3VjEalRviJpzazL2gqYvHmFFoXR1gKl6MamFwzfsLknX3HQBpj8VSufYK1zqoSNfYAgNFnhmWMS4DjlHaomGPSmTikTLaEUeF1UotrEQ6QDjoiHBtKC0gAA9U14jgDsjUcziUWECMqQpSIZMqxYXygGg3uJx9NaklYLX%2BMl%2Bv3n5c2gMlGvV%2FD%2FOVcrwBwlGlNrckeuyLZwMgznBlhXtPYhbwWA7gY4R%7Ctkp%3ABk9SR-jA1sOqZw,19,1,1991 Stadium Club Baseball mark mcgwire #399,13
1991 Stadium Club Baseball #399 Mark McGwire - VG - Oakland Athletics,$1.25,$0.00,"Sold Feb 21, 2026",saathoffssportscards,New,https://www.ebay.com/itm/336417956963?_skw=1991+Stadium+Club+Baseball+mark+mcgwire+%23399&epid=12055875461&itmmeta=01KNA3NM129G95KG5TKP9RH0EX&hash=item4e5412a463:g:EZcAAeSwLU1pgP1h&itmprp=enc%3AAQALAAABEGfYFPkwiKCW4ZNSs2u11xBMNajxSG1bVhWt0M3doteED%2BqDWBfVE1FSHxM95MNHvs7yLy7SWfg958hZyq7gaeipCpz%2BguZSzdSEn22xoi8H0rDqi8yz7wXocgPk3wD%2Fevp6V2XcRaPHQO61uuZUUmAs05nIZ%2FJgysBsPvbEaNcATlpGpuPrSkgHn%2FFAiLMPlnFWOgPM7cezCIWUUSI%2B%2BuVKhJPMLPsRwsYVHUzyFfWlQdNC8%2BEB7B9K2ie39iY9Fs%2F1m6Eu4%2Bei0squkwZidb5YBM%2FRv7n9A87u1hgh%2BbGIL5no2JijHLrPCZnMss2%2FCHVqnfR%2FuP7zv3j4PIHfsWV2XMEJHR6Pj5Q%2BnXeyRYJe%7Ctkp%3ABk9SR-jA1sOqZw,https://i.ebayimg.com/images/g/EZcAAeSwLU1pgP1h/s-l500.webp,N,,,N,Y,1.25,0.0,1.25,2026-02-21,bin,True,False,,,399,336417956963,https://www.ebay.com/sch/i.html?_nkw=1991+Stadium+Club+Baseball+mark+mcgwire+%23399&LH_Sold=1&LH_Complete=1&_sop=13,https://www.ebay.com/itm/336417956963?_skw=1991+Stadium+Club+Baseball+mark+mcgwire+%23399&epid=12055875461&itmmeta=01KNA3NM129G95KG5TKP9RH0EX&hash=item4e5412a463:g:EZcAAeSwLU1pgP1h&itmprp=enc%3AAQALAAABEGfYFPkwiKCW4ZNSs2u11xBMNajxSG1bVhWt0M3doteED%2BqDWBfVE1FSHxM95MNHvs7yLy7SWfg958hZyq7gaeipCpz%2BguZSzdSEn22xoi8H0rDqi8yz7wXocgPk3wD%2Fevp6V2XcRaPHQO61uuZUUmAs05nIZ%2FJgysBsPvbEaNcATlpGpuPrSkgHn%2FFAiLMPlnFWOgPM7cezCIWUUSI%2B%2BuVKhJPMLPsRwsYVHUzyFfWlQdNC8%2BEB7B9K2ie39iY9Fs%2F1m6Eu4%2Bei0squkwZidb5YBM%2FRv7n9A87u1hgh%2BbGIL5no2JijHLrPCZnMss2%2FCHVqnfR%2FuP7zv3j4PIHfsWV2XMEJHR6Pj5Q%2BnXeyRYJe%7Ctkp%3ABk9SR-jA1sOqZw,20,1,1991 Stadium Club Baseball mark mcgwire #399,13
"1991 Stadium Club baseball card, #399, Mark McGwire, PSA-9, Oakland Athletics",$18.00,$5.50,"Sold Feb 17, 2026",sahlionline,New,https://www.ebay.com/itm/177746993531?_skw=1991+Stadium+Club+Baseball+mark+mcgwire+%23399&epid=12055875461&itmmeta=01KNA3NM12PY3VMMFTNG2GMD1F&hash=item29628be17b:g:8goAAeSwCm5pUU0H&itmprp=enc%3AAQALAAABEGfYFPkwiKCW4ZNSs2u11xCjaLhKONXWL3%2FCM1C0qRNFRxV%2B4TSowj44T9m6ONYfi1mp%2F0s9H3EePoETaHSNz0EXr3WoMFUiR9%2FID1asDS8x9K%2BHngUFzaPKdLfmmnfDAYntYqA7wvygEQx%2F6VWbkl5j9Ura5xMpl0PE%2F6Yyliu%2BgHvek%2BtDSgOEY3jMXb3%2BVy9%2B2Y3a%2Bwurc1yKGmD5GmMva5UkgtlAdAF7UsF3pWxq4%2BaGd1HEklWvmJjHUllA%2FjK6L%2FKcpbs3ybeynHpaPBOkJYS8X4dbU4swe86HJaz9GfSMqN5cSQAmpmt9VJoEJ2IJF2hwKnMf3r0qcp9ThOVqU%2BjshhzczjcyFzpsfrg6%7Ctkp%3ABk9SR-jA1sOqZw,https://i.ebayimg.com/images/g/8goAAeSwCm5pUU0H/s-l500.webp,Y,PSA,9,N,N,18.0,5.5,23.5,2026-02-17,bin,False,True,PSA,9.0,399,177746993531,https://www.ebay.com/sch/i.html?_nkw=1991+Stadium+Club+Baseball+mark+mcgwire+%23399&LH_Sold=1&LH_Complete=1&_sop=13,https://www.ebay.com/itm/177746993531?_skw=1991+Stadium+Club+Baseball+mark+mcgwire+%23399&epid=12055875461&itmmeta=01KNA3NM12PY3VMMFTNG2GMD1F&hash=item29628be17b:g:8goAAeSwCm5pUU0H&itmprp=enc%3AAQALAAABEGfYFPkwiKCW4ZNSs2u11xCjaLhKONXWL3%2FCM1C0qRNFRxV%2B4TSowj44T9m6ONYfi1mp%2F0s9H3EePoETaHSNz0EXr3WoMFUiR9%2FID1asDS8x9K%2BHngUFzaPKdLfmmnfDAYntYqA7wvygEQx%2F6VWbkl5j9Ura5xMpl0PE%2F6Yyliu%2BgHvek%2BtDSgOEY3jMXb3%2BVy9%2B2Y3a%2Bwurc1yKGmD5GmMva5UkgtlAdAF7UsF3pWxq4%2BaGd1HEklWvmJjHUllA%2FjK6L%2FKcpbs3ybeynHpaPBOkJYS8X4dbU4swe86HJaz9GfSMqN5cSQAmpmt9VJoEJ2IJF2hwKnMf3r0qcp9ThOVqU%2BjshhzczjcyFzpsfrg6%7Ctkp%3ABk9SR-jA1sOqZw,21,1,1991 Stadium Club Baseball mark mcgwire #399,13
1991 Stadium Club #399 Mark McGwire Oakland Athletics,$1.59,$0.74,"Sold Feb 5, 2026",nicho-manko,New,https://www.ebay.com/itm/147138907590?_skw=1991+Stadium+Club+Baseball+mark+mcgwire+%23399&epid=12055875461&itmmeta=01KNA3NM12GTFVMMV1J38VXTXQ&hash=item2242298dc6:g:SwMAAeSwgdNphQS0&itmprp=enc%3AAQALAAABEGfYFPkwiKCW4ZNSs2u11xBx8GjoJG7X5%2BpxcGA%2FEbtzIiofzkWQ8P6s4l%2BE0PxUGt%2BY2GazaopXqyUzco6t7a3MAN0R7DhCRbyJUDoGPz0kesbDoQ1pXsI0V4b5n1UI%2FHC3STIA54q8eDkbEEVWFzskvp0WC53nVlUZhWatmWpeGWoQesKkguL1YVXAaZZPZ7j9CZ13lJw%2BADQYr3nuDPVHcbApksBJYuSTYpjROcUdxC8quSjCa9UnRSJtW4pjeKfqjc57EyRxa4cUNjVPMRjU7EzlFfLiTUbXZvAxmXV%2FF6BHZYd1m0CiJtpZBZsoJ1arAJcWGTVzGiljzFI80%2FvAHFiCLGWEzkaTmr1q2qs2%7Ctkp%3ABk9SR-jA1sOqZw,https://i.ebayimg.com/images/g/SwMAAeSwgdNphQS0/s-l500.webp,N,,,N,Y,1.59,0.74,2.33,2026-02-05,bin,True,False,,,399,147138907590,https://www.ebay.com/sch/i.html?_nkw=1991+Stadium+Club+Baseball+mark+mcgwire+%23399&LH_Sold=1&LH_Complete=1&_sop=13,https://www.ebay.com/itm/147138907590?_skw=1991+Stadium+Club+Baseball+mark+mcgwire+%23399&epid=12055875461&itmmeta=01KNA3NM12GTFVMMV1J38VXTXQ&hash=item2242298dc6:g:SwMAAeSwgdNphQS0&itmprp=enc%3AAQALAAABEGfYFPkwiKCW4ZNSs2u11xBx8GjoJG7X5%2BpxcGA%2FEbtzIiofzkWQ8P6s4l%2BE0PxUGt%2BY2GazaopXqyUzco6t7a3MAN0R7DhCRbyJUDoGPz0kesbDoQ1pXsI0V4b5n1UI%2FHC3STIA54q8eDkbEEVWFzskvp0WC53nVlUZhWatmWpeGWoQesKkguL1YVXAaZZPZ7j9CZ13lJw%2BADQYr3nuDPVHcbApksBJYuSTYpjROcUdxC8quSjCa9UnRSJtW4pjeKfqjc57EyRxa4cUNjVPMRjU7EzlFfLiTUbXZvAxmXV%2FF6BHZYd1m0CiJtpZBZsoJ1arAJcWGTVzGiljzFI80%2FvAHFiCLGWEzkaTmr1q2qs2%7Ctkp%3ABk9SR-jA1sOqZw,22,1,1991 Stadium Club Baseball mark mcgwire #399,13
1991 Topps Stadium Club PROOF No Foil Oversized #301-450 PickFrom ListUpTo30%OFF,$0.99,$3.99,"Sold Jan 21, 2026",cooltate,New,https://www.ebay.com/itm/205597401355?_skw=1991+Stadium+Club+Baseball+mark+mcgwire+%23399&epid=12055875461&itmmeta=01KNA3NM12PF51NNDYYEXN7WST&hash=item2fde8f610b:g:bvIAAeSw4jxoZw~F&itmprp=enc%3AAQALAAAA8GfYFPkwiKCW4ZNSs2u11xBYmZoHwaqK67T1lA6KwB6vT4qVzpG68r7LBRtPQ0VPHORycOkrMtlHSa841T0YFvjGutmILvzhPYJ9O2kxKbYouC5Tdn1U5bhStAnML%2BJF3ptyQD9sO80JtbkHuQJqNv5PFmK9iKPpl8eR2C%2B2NoKxZjQbAody781K4v5IJV0tA0kxvSk31mbCST%2BlbErti2ShWVQrm7HeK%2BDTLK4WUcjsn7gcbnjFPsK%2FFBicuJnSi%2FS2YWpr6NNX49tgBMfkNhiohx9JGfspoXLd9IZ%2Fi%2BslOzFtUIONWn6ySWFObhykwg%3D%3D%7Ctkp%3ABk9SR-jA1sOqZw,https://i.ebayimg.com/images/g/bvIAAeSw4jxoZw~F/s-l500.webp,N,,,N,N,0.99,3.99,4.98,2026-01-21,bin,False,False,,,301,205597401355,https://www.ebay.com/sch/i.html?_nkw=1991+Stadium+Club+Baseball+mark+mcgwire+%23399&LH_Sold=1&LH_Complete=1&_sop=13,https://www.ebay.com/itm/205597401355?_skw=1991+Stadium+Club+Baseball+mark+mcgwire+%23399&epid=12055875461&itmmeta=01KNA3NM12PF51NNDYYEXN7WST&hash=item2fde8f610b:g:bvIAAeSw4jxoZw~F&itmprp=enc%3AAQALAAAA8GfYFPkwiKCW4ZNSs2u11xBYmZoHwaqK67T1lA6KwB6vT4qVzpG68r7LBRtPQ0VPHORycOkrMtlHSa841T0YFvjGutmILvzhPYJ9O2kxKbYouC5Tdn1U5bhStAnML%2BJF3ptyQD9sO80JtbkHuQJqNv5PFmK9iKPpl8eR2C%2B2NoKxZjQbAody781K4v5IJV0tA0kxvSk31mbCST%2BlbErti2ShWVQrm7HeK%2BDTLK4WUcjsn7gcbnjFPsK%2FFBicuJnSi%2FS2YWpr6NNX49tgBMfkNhiohx9JGfspoXLd9IZ%2Fi%2BslOzFtUIONWn6ySWFObhykwg%3D%3D%7Ctkp%3ABk9SR-jA1sOqZw,23,1,1991 Stadium Club Baseball mark mcgwire #399,13
1991 STADIUM CLUB #399 MARK McGWIRE ATHLETICS PSA 10,$31.13,$5.00,"Sold Jan 20, 2026",4_sharp_corners,New,https://www.ebay.com/itm/366122577777?_skw=1991+Stadium+Club+Baseball+mark+mcgwire+%23399&epid=12055875461&itmmeta=01KNA3NM12ZQ4NRYW65YTQVBYV&hash=item553e9b2f71:g:JpcAAeSwzg5pZs-8&itmprp=enc%3AAQALAAABEGfYFPkwiKCW4ZNSs2u11xArtCcUcHDtVz85%2F7ghBRTtmnQ1KocNA%2B78Oo3dh%2FTv2Xdjwu1Myk%2FBH%2FGhfHfuNXHH2EBUrv%2B2ioqR%2FTebaOWyhgmPXxAIFBByVJR0vb3BPn18Ld198LlAXAukQ3JS0n5y%2FUz%2B2gegSYQnZ2x9WFLK6N9XZYU8KL%2Fg89OklV1dKu5MYA1gfvTnc4%2BvfeG5lEgLtJ32a%2Ft%2B2NPf5oXCvbWuISTj7WpOqTgG81ecOvG2m%2B2WayhXGr86Qe3xe0I%2Bhgv9eWCcXq6JF853OqGzigbv%2B4%2FFWEOykxvN5OqJkezyp%2BcvsB1MLdax9W3ahF6Wv8ZnTza446CnMdcQbuG6nrqh%7Ctkp%3ABk9SR-jA1sOqZw,https://i.ebayimg.com/images/g/JpcAAeSwzg5pZs-8/s-l500.webp,Y,PSA,10,Y,N,31.13,5.0,36.13,2026-01-20,auction,False,True,PSA,10.0,399,366122577777,https://www.ebay.com/sch/i.html?_nkw=1991+Stadium+Club+Baseball+mark+mcgwire+%23399&LH_Sold=1&LH_Complete=1&_sop=13,https://www.ebay.com/itm/366122577777?_skw=1991+Stadium+Club+Baseball+mark+mcgwire+%23399&epid=12055875461&itmmeta=01KNA3NM12ZQ4NRYW65YTQVBYV&hash=item553e9b2f71:g:JpcAAeSwzg5pZs-8&itmprp=enc%3AAQALAAABEGfYFPkwiKCW4ZNSs2u11xArtCcUcHDtVz85%2F7ghBRTtmnQ1KocNA%2B78Oo3dh%2FTv2Xdjwu1Myk%2FBH%2FGhfHfuNXHH2EBUrv%2B2ioqR%2FTebaOWyhgmPXxAIFBByVJR0vb3BPn18Ld198LlAXAukQ3JS0n5y%2FUz%2B2gegSYQnZ2x9WFLK6N9XZYU8KL%2Fg89OklV1dKu5MYA1gfvTnc4%2BvfeG5lEgLtJ32a%2Ft%2B2NPf5oXCvbWuISTj7WpOqTgG81ecOvG2m%2B2WayhXGr86Qe3xe0I%2Bhgv9eWCcXq6JF853OqGzigbv%2B4%2FFWEOykxvN5OqJkezyp%2BcvsB1MLdax9W3ahF6Wv8ZnTza446CnMdcQbuG6nrqh%7Ctkp%3ABk9SR-jA1sOqZw,24,1,1991 Stadium Club Baseball mark mcgwire #399,13
1991 Stadium Club Baseball Cards (You pick to complete your set),$1.00,$0.74,"Sold Jan 14, 2026",gyallum012012,New,https://www.ebay.com/itm/285320960794?_skw=1991+Stadium+Club+Baseball+mark+mcgwire+%23399&epid=12055875461&itmmeta=01KNA3NM128JVA5NF9ET8C69JA&hash=item426e745b1a:g:xc4AAOSw3kJkcRvg&itmprp=enc%3AAQALAAABEGfYFPkwiKCW4ZNSs2u11xAlbLugIndFsErTwfCrlKWrACDZJ7xPpKT17notN8WeMmJ67ukxW7BsUV6nVO4s8m5uEbWoF5uG7SHSMnIS3pQsBkzc1ZxBbgrWnBapoNK9VbQPRN6M8GDybV2u2HeD7%2FbQodnesFQvJQDQGqDsFaM6O2hNWy6MYHI2XhCk5hBD849BpU%2FmHUaJhW%2BxxFhkERWmTKdRxOyc7Yk32h6WyzRwXC4cVZ30ws5xlgozI6PasX8klK3DTCX4O%2FeKE2L5Ra1fKU81iXFsryVqFE3aMno1tfMqcVGYXrnWjQPy9v6MRH7wq4tx6JjmLsWi459HdjG533r7o19Wx558FAhS5EoG%7Ctkp%3ABk9SR-jA1sOqZw,https://i.ebayimg.com/images/g/xc4AAOSw3kJkcRvg/s-l500.webp,N,,,N,N,1.0,0.74,1.74,2026-01-14,bin,False,False,,,,285320960794,https://www.ebay.com/sch/i.html?_nkw=1991+Stadium+Club+Baseball+mark+mcgwire+%23399&LH_Sold=1&LH_Complete=1&_sop=13,https://www.ebay.com/itm/285320960794?_skw=1991+Stadium+Club+Baseball+mark+mcgwire+%23399&epid=12055875461&itmmeta=01KNA3NM128JVA5NF9ET8C69JA&hash=item426e745b1a:g:xc4AAOSw3kJkcRvg&itmprp=enc%3AAQALAAABEGfYFPkwiKCW4ZNSs2u11xAlbLugIndFsErTwfCrlKWrACDZJ7xPpKT17notN8WeMmJ67ukxW7BsUV6nVO4s8m5uEbWoF5uG7SHSMnIS3pQsBkzc1ZxBbgrWnBapoNK9VbQPRN6M8GDybV2u2HeD7%2FbQodnesFQvJQDQGqDsFaM6O2hNWy6MYHI2XhCk5hBD849BpU%2FmHUaJhW%2BxxFhkERWmTKdRxOyc7Yk32h6WyzRwXC4cVZ30ws5xlgozI6PasX8klK3DTCX4O%2FeKE2L5Ra1fKU81iXFsryVqFE3aMno1tfMqcVGYXrnWjQPy9v6MRH7wq4tx6JjmLsWi459HdjG533r7o19Wx558FAhS5EoG%7Ctkp%3ABk9SR-jA1sOqZw,25,1,1991 Stadium Club Baseball mark mcgwire #399,13
1993 Topps Stadium Club Mark McGwire #595,$1.39,$0.00,"Sold Mar 29, 2026",gls_tcgsports0713,New,https://www.ebay.com/itm/389434816855?_skw=1991+Stadium+Club+Baseball+mark+mcgwire+%23399&epid=15055926364&itmmeta=01KNA3NM129SDB7XCJTK1C7HRH&hash=item5aac1fb957:g:nvAAAeSwX2VpVDLT&itmprp=enc%3AAQALAAABEGfYFPkwiKCW4ZNSs2u11xDoJs3zlpXfRDlwqz0QV35zW8jLFZ5NJbm5Bm4LJxSrC3X%2FIek1kH6rjMkEEhSA0P8tcVU5OLUe3OFg6NTzh1gZauvABABh%2FMX22kGZVPgntaVKmXcP1KgUQLEVbb2HsAzy0CwlowTuoYFE8mCx3AegaGWJBQbFLNxBaMOjkOzsZPgfSibQKmtyDsVNHmLmFdFnPfBk8e1vs7oxmIEXoxum3gsgwFY6M7qW%2Fk2UHiOgtOj4QU9DF5f5ZUI9dm38LEGhHrsa5T%2FjB8fp1TDN9PzEYNlrYYcBrXDscyqezVmgcvNDIzvCqxVEyXUlR67KolK5SjHSr8CEgZBxEganyjK1%7Ctkp%3ABk9SR-jA1sOqZw,https://i.ebayimg.com/images/g/nvAAAeSwX2VpVDLT/s-l500.webp,N,,,N,Y,1.39,0.0,1.39,2026-03-29,bin,True,False,,,595,389434816855,https://www.ebay.com/sch/i.html?_nkw=1991+Stadium+Club+Baseball+mark+mcgwire+%23399&LH_Sold=1&LH_Complete=1&_sop=13,https://www.ebay.com/itm/389434816855?_skw=1991+Stadium+Club+Baseball+mark+mcgwire+%23399&epid=15055926364&itmmeta=01KNA3NM129SDB7XCJTK1C7HRH&hash=item5aac1fb957:g:nvAAAeSwX2VpVDLT&itmprp=enc%3AAQALAAABEGfYFPkwiKCW4ZNSs2u11xDoJs3zlpXfRDlwqz0QV35zW8jLFZ5NJbm5Bm4LJxSrC3X%2FIek1kH6rjMkEEhSA0P8tcVU5OLUe3OFg6NTzh1gZauvABABh%2FMX22kGZVPgntaVKmXcP1KgUQLEVbb2HsAzy0CwlowTuoYFE8mCx3AegaGWJBQbFLNxBaMOjkOzsZPgfSibQKmtyDsVNHmLmFdFnPfBk8e1vs7oxmIEXoxum3gsgwFY6M7qW%2Fk2UHiOgtOj4QU9DF5f5ZUI9dm38LEGhHrsa5T%2FjB8fp1TDN9PzEYNlrYYcBrXDscyqezVmgcvNDIzvCqxVEyXUlR67KolK5SjHSr8CEgZBxEganyjK1%7Ctkp%3ABk9SR-jA1sOqZw,26,1,1991 Stadium Club Baseball mark mcgwire #399,13
2025 Topps Stadium Club Mark McGwire #15 Red Foil Cardinals,$0.95,$1.32,"Sold Mar 24, 2026",montecarloss919,New,https://www.ebay.com/itm/277813067813?_skw=1991+Stadium+Club+Baseball+mark+mcgwire+%23399&epid=8091289357&itmmeta=01KNA3NM12GKKBM53WAACRSQ4M&hash=item40aef30025:g:~D8AAeSwMHlpuhtp&itmprp=enc%3AAQALAAABEGfYFPkwiKCW4ZNSs2u11xB0FQy2%2FfnT95VHgayZ9KF%2FZodOMJ%2BSA%2F5DtsIOcBo3YKzUtUCvRgWZa6VOFYhLILGcu24VegpEuGjPuvrcxfW5qWudqNnWPzTAuJ4NtPkXobUaRyAMZl8WCH4ss2tiIPWd%2F4ajESB499q9tyNDaskw8oVepHv9ED%2BKLPAVVt7EEL5sjV5Ecr4dv2Qu1S4wO9a5MXMDbfH7eRTNFv16OmbEjdDwizVQ3ELWsRAXOt9dV%2Bo8jIgKkS6cL%2BW6hNdY0Y%2FSZLqGTGYETAVmq92poPd5v7qkqN%2BTbfvT1cMCkPiuIULTjMxCP83ruqJrwHn7xx76SlTLDiKwfSwO%2FsHxUgyx%7Ctkp%3ABk9SR-jA1sOqZw,https://i.ebayimg.com/images/g/~D8AAeSwMHlpuhtp/s-l500.webp,N,,,Y,N,0.95,1.32,2.27,2026-03-24,auction,False,False,,,15,277813067813,https://www.ebay.com/sch/i.html?_nkw=1991+Stadium+Club+Baseball+mark+mcgwire+%23399&LH_Sold=1&LH_Complete=1&_sop=13,https://www.ebay.com/itm/277813067813?_skw=1991+Stadium+Club+Baseball+mark+mcgwire+%23399&epid=8091289357&itmmeta=01KNA3NM12GKKBM53WAACRSQ4M&hash=item40aef30025:g:~D8AAeSwMHlpuhtp&itmprp=enc%3AAQALAAABEGfYFPkwiKCW4ZNSs2u11xB0FQy2%2FfnT95VHgayZ9KF%2FZodOMJ%2BSA%2F5DtsIOcBo3YKzUtUCvRgWZa6VOFYhLILGcu24VegpEuGjPuvrcxfW5qWudqNnWPzTAuJ4NtPkXobUaRyAMZl8WCH4ss2tiIPWd%2F4ajESB499q9tyNDaskw8oVepHv9ED%2BKLPAVVt7EEL5sjV5Ecr4dv2Qu1S4wO9a5MXMDbfH7eRTNFv16OmbEjdDwizVQ3ELWsRAXOt9dV%2Bo8jIgKkS6cL%2BW6hNdY0Y%2FSZLqGTGYETAVmq92poPd5v7qkqN%2BTbfvT1cMCkPiuIULTjMxCP83ruqJrwHn7xx76SlTLDiKwfSwO%2FsHxUgyx%7Ctkp%3ABk9SR-jA1sOqZw,27,1,1991 Stadium Club Baseball mark mcgwire #399,13
Topps 2026 Stadium Club Mark McGwire Members Only SSP,$42.99,$5.07,"Sold Mar 18, 2026",ksg-40,New,https://www.ebay.com/itm/168243656923?_skw=1991+Stadium+Club+Baseball+mark+mcgwire+%23399&itmmeta=01KNA3NM12BHMH38G7CETWH1K5&hash=item272c1a78db:g:GzsAAeSwxf5pupta&itmprp=enc%3AAQALAAAA8GfYFPkwiKCW4ZNSs2u11xA3Fr%2F%2B5zAGO83vG%2BHqJnvk5ryA6vauWt%2F0ypHMkxJr3UNsCVGS%2FihiqQJoRpvFMTxcD90dueGro4FmxLNxe7ub6lwU0YnzVnS1%2BBJ2FOJIjcTK8s7wWTeW3bMqu5Q55h7MKjDfOQxidvJwhpJeOydTkVHnrDctQTG2qtdEWaVmxAIci9CJ8PoE7BRygdV1gPdB992yhT3z%2BHGOcJLk4QBdNI6NaDluwWnSg4NtnbmVapnVSzbUmBO6kUxl5zTiFX8tPEqszaN5F134L3HqslHQ%2FsdGzAx0I0udqGRkdBdH0w%3D%3D%7Ctkp%3ABk9SR-jA1sOqZw,https://i.ebayimg.com/images/g/GzsAAeSwxf5pupta/s-l500.webp,N,,,N,N,42.99,5.07,48.06,2026-03-18,bin,False,False,,,,168243656923,https://www.ebay.com/sch/i.html?_nkw=1991+Stadium+Club+Baseball+mark+mcgwire+%23399&LH_Sold=1&LH_Complete=1&_sop=13,https://www.ebay.com/itm/168243656923?_skw=1991+Stadium+Club+Baseball+mark+mcgwire+%23399&itmmeta=01KNA3NM12BHMH38G7CETWH1K5&hash=item272c1a78db:g:GzsAAeSwxf5pupta&itmprp=enc%3AAQALAAAA8GfYFPkwiKCW4ZNSs2u11xA3Fr%2F%2B5zAGO83vG%2BHqJnvk5ryA6vauWt%2F0ypHMkxJr3UNsCVGS%2FihiqQJoRpvFMTxcD90dueGro4FmxLNxe7ub6lwU0YnzVnS1%2BBJ2FOJIjcTK8s7wWTeW3bMqu5Q55h7MKjDfOQxidvJwhpJeOydTkVHnrDctQTG2qtdEWaVmxAIci9CJ8PoE7BRygdV1gPdB992yhT3z%2BHGOcJLk4QBdNI6NaDluwWnSg4NtnbmVapnVSzbUmBO6kUxl5zTiFX8tPEqszaN5F134L3HqslHQ%2FsdGzAx0I0udqGRkdBdH0w%3D%3D%7Ctkp%3ABk9SR-jA1sOqZw,28,1,1991 Stadium Club Baseball mark mcgwire #399,13
Mark McGwire - 1997 Stadium Club - # 5 - Athletics,$0.55,$0.00,"Sold Mar 9, 2026",misterd6937,New,https://www.ebay.com/itm/389692266063?_skw=1991+Stadium+Club+Baseball+mark+mcgwire+%23399&epid=9055939706&itmmeta=01KNA3NM12035FXTJA0832R1GT&hash=item5abb78164f:g:298AAeSwKeVppiug&itmprp=enc%3AAQALAAAA8GfYFPkwiKCW4ZNSs2u11xCMFQ8AweLRBIMWFFCOChu6tHG7luOje2y78phLuaqblK3AFkru4w8pHtJdla0JR4xnGJuMIcrZqKyk7gFzAAl3KJ4oDhiiW8LxZ6OYhc03PKB%2Fg1vBbARjq%2BxXpDzDvcMrHt9jUxsuV0bkQKCNOuSWWIX9qMJqAXaVBSa96aRoQA7MLZWbhQplWFWVnoErAPr%2FFsp%2FyoTrx%2BDxVLQ58VPTzZiDSf6YgAvNAfFxeH9yOZnOoWyttfOFTey9wxLMlEl2ZletSoT5b8h3V0PZxJWdxzxGg3KyuuJEvSZlRvlrcw%3D%3D%7Ctkp%3ABk9SR-jA1sOqZw,https://i.ebayimg.com/images/g/298AAeSwKeVppiug/s-l500.webp,N,,,Y,N,0.55,0.0,0.55,2026-03-09,auction,False,False,,5.0,,389692266063,https://www.ebay.com/sch/i.html?_nkw=1991+Stadium+Club+Baseball+mark+mcgwire+%23399&LH_Sold=1&LH_Complete=1&_sop=13,https://www.ebay.com/itm/389692266063?_skw=1991+Stadium+Club+Baseball+mark+mcgwire+%23399&epid=9055939706&itmmeta=01KNA3NM12035FXTJA0832R1GT&hash=item5abb78164f:g:298AAeSwKeVppiug&itmprp=enc%3AAQALAAAA8GfYFPkwiKCW4ZNSs2u11xCMFQ8AweLRBIMWFFCOChu6tHG7luOje2y78phLuaqblK3AFkru4w8pHtJdla0JR4xnGJuMIcrZqKyk7gFzAAl3KJ4oDhiiW8LxZ6OYhc03PKB%2Fg1vBbARjq%2BxXpDzDvcMrHt9jUxsuV0bkQKCNOuSWWIX9qMJqAXaVBSa96aRoQA7MLZWbhQplWFWVnoErAPr%2FFsp%2FyoTrx%2BDxVLQ58VPTzZiDSf6YgAvNAfFxeH9yOZnOoWyttfOFTey9wxLMlEl2ZletSoT5b8h3V0PZxJWdxzxGg3KyuuJEvSZlRvlrcw%3D%3D%7Ctkp%3ABk9SR-jA1sOqZw,29,1,1991 Stadium Club Baseball mark mcgwire #399,13
Mark McGwire 2016 Stadium Club #103 Oakland Athletics,$1.99,$0.00,"Sold Mar 22, 2026",montereysportscards,New,https://www.ebay.com/itm/236680864316?_skw=1991+Stadium+Club+Baseball+mark+mcgwire+%23399&epid=25055959099&itmmeta=01KNA3NM12NVX3823T7K7H8A7Y&hash=item371b47623c:g:574AAeSwjzloHNKx&itmprp=enc%3AAQALAAABEGfYFPkwiKCW4ZNSs2u11xCc1XDnpG1fKpB3pANZSShFgJAk2%2BbssTdoj8WmPVWJeNq9EUSjH2eA%2FVT6eOxi7zQTzoqjMWhKOFP8R5xVU1pmkUyZrbmxPtOoZByg1HGAONqsYntEtUg5M0JVcvLrvxX9KZDFtCVLdMmIb2MkKTQtXAJjfYMFQNoIjzprB9rQXA1cWp9gQkG8%2BhmmPSw%2FIdnehqRqt%2BTJLCZPZ4bnRGckvJ4rkiqnu0%2BjifWubHa%2BZ5bKs99RouO3r9YKgivKSeTqQAogvAO1xKfHobZQlEItHulDCuWHKj%2B7PHlwA%2F6OEfaExoPerxPTuZ4dRV9DffIKXREmujYdFmQdiZI9neol%7Ctkp%3ABk9SR-jA1sOqZw,https://i.ebayimg.com/images/g/574AAeSwjzloHNKx/s-l500.webp,N,,,N,Y,1.99,0.0,1.99,2026-03-22,bin,True,True,,,103,236680864316,https://www.ebay.com/sch/i.html?_nkw=1991+Stadium+Club+Baseball+mark+mcgwire+%23399&LH_Sold=1&LH_Complete=1&_sop=13,https://www.ebay.com/itm/236680864316?_skw=1991+Stadium+Club+Baseball+mark+mcgwire+%23399&epid=25055959099&itmmeta=01KNA3NM12NVX3823T7K7H8A7Y&hash=item371b47623c:g:574AAeSwjzloHNKx&itmprp=enc%3AAQALAAABEGfYFPkwiKCW4ZNSs2u11xCc1XDnpG1fKpB3pANZSShFgJAk2%2BbssTdoj8WmPVWJeNq9EUSjH2eA%2FVT6eOxi7zQTzoqjMWhKOFP8R5xVU1pmkUyZrbmxPtOoZByg1HGAONqsYntEtUg5M0JVcvLrvxX9KZDFtCVLdMmIb2MkKTQtXAJjfYMFQNoIjzprB9rQXA1cWp9gQkG8%2BhmmPSw%2FIdnehqRqt%2BTJLCZPZ4bnRGckvJ4rkiqnu0%2BjifWubHa%2BZ5bKs99RouO3r9YKgivKSeTqQAogvAO1xKfHobZQlEItHulDCuWHKj%2B7PHlwA%2F6OEfaExoPerxPTuZ4dRV9DffIKXREmujYdFmQdiZI9neol%7Ctkp%3ABk9SR-jA1sOqZw,30,1,1991 Stadium Club Baseball mark mcgwire #399,13
1994 Topps Stadium Club Mark McGwire #358,$1.45,$0.00,"Sold Feb 21, 2026",glmiller,New,https://www.ebay.com/itm/136083330537?_skw=1991+Stadium+Club+Baseball+mark+mcgwire+%23399&epid=25055930221&itmmeta=01KNA3NM12GZE1DN05CD69VY0W&hash=item1faf32d5e9:g:-RYAAeSwFm9oYwkM&itmprp=enc%3AAQALAAABEGfYFPkwiKCW4ZNSs2u11xA8VUEPU7MA8iWsDnB46P6H1%2Faj68n2zL7qStQn0TTfHAZNHpg77RMrOUQ9nLKKFH24uYy4wj728rBNF5696mbdGgu%2FtnRIK5huODiCE99c5ifBMXZjsX1x6Z5mMdmYEGEfgebEsu4S6pM3668eVahEBzYwcb1jTyZlhv3eI1V244CW3HTcFI8VSoHj%2BE3qwdbpNCJg23U8eXeep1pJRBMR4kgqJZiH8mCfiFdh0SDlzsfUVdVHviG2Ksf5D%2FMfVkVKy2X9ibNPOVnRwAlFDHwcQs%2FHAvdmNCNYWXJruhBkYC2PeaGCqx2Me%2FiksEBoq6QRVx6og3tI8pNgAlz4T8Kv%7Ctkp%3ABk9SR-jA1sOqZw,https://i.ebayimg.com/images/g/-RYAAeSwFm9oYwkM/s-l500.webp,N,,,N,N,1.45,0.0,1.45,2026-02-21,bin,False,False,,,358,136083330537,https://www.ebay.com/sch/i.html?_nkw=1991+Stadium+Club+Baseball+mark+mcgwire+%23399&LH_Sold=1&LH_Complete=1&_sop=13,https://www.ebay.com/itm/136083330537?_skw=1991+Stadium+Club+Baseball+mark+mcgwire+%23399&epid=25055930221&itmmeta=01KNA3NM12GZE1DN05CD69VY0W&hash=item1faf32d5e9:g:-RYAAeSwFm9oYwkM&itmprp=enc%3AAQALAAABEGfYFPkwiKCW4ZNSs2u11xA8VUEPU7MA8iWsDnB46P6H1%2Faj68n2zL7qStQn0TTfHAZNHpg77RMrOUQ9nLKKFH24uYy4wj728rBNF5696mbdGgu%2FtnRIK5huODiCE99c5ifBMXZjsX1x6Z5mMdmYEGEfgebEsu4S6pM3668eVahEBzYwcb1jTyZlhv3eI1V244CW3HTcFI8VSoHj%2BE3qwdbpNCJg23U8eXeep1pJRBMR4kgqJZiH8mCfiFdh0SDlzsfUVdVHviG2Ksf5D%2FMfVkVKy2X9ibNPOVnRwAlFDHwcQs%2FHAvdmNCNYWXJruhBkYC2PeaGCqx2Me%2FiksEBoq6QRVx6og3tI8pNgAlz4T8Kv%7Ctkp%3ABk9SR-jA1sOqZw,31,1,1991 Stadium Club Baseball mark mcgwire #399,13
2025 Topps Stadium Club - Mark McGwire #SCCA-MMC Chrome Autograph,$119.99,$5.52,"Sold Mar 21, 2026",trowee,New,https://www.ebay.com/itm/397733626708?_skw=1991+Stadium+Club+Baseball+mark+mcgwire+%23399&epid=18091285557&itmmeta=01KNA3NM12KMR2BKT4FNQCFRJK&hash=item5c9ac58354:g:GsMAAeSwVZdpu2WX&itmprp=enc%3AAQALAAABEGfYFPkwiKCW4ZNSs2u11xCr2KMHroPmYBI2B2DbM%2Bio7KbFXDZFnsEIyA1%2FV%2Bza5Hs9qwhIumovvGaOgc8lF1t5KmAoUhyJKK30XSlcqy4J2toefrwdxgUtcJ86Tbn8VWUVesKWNZBsMruORGw9aT%2B9kr2BFwGpC%2FlqXmYEa1gu5sAMx3uvYlzNGkMJ7GtNASmaN00nmb%2BPcZSanSF5K3QnzixVKLJcqtE6uOy1G0r54FtFO2D3SQ7AAXBnTOYUmR6Y2a%2FNdVky6kZmMUiyu%2Fz02WUFHuOdw0UhTpozWiG87Fmnps%2FR1x73ZA2FMcpJvNjWHTXNCFzjJtdKoQy5nbZl5IGfXZtIZaDHR9SmGKkk%7Ctkp%3ABk9SR-jA1sOqZw,https://i.ebayimg.com/images/g/GsMAAeSwVZdpu2WX/s-l500.webp,N,,,N,Y,119.99,5.52,125.51,2026-03-21,bin,True,False,,,,397733626708,https://www.ebay.com/sch/i.html?_nkw=1991+Stadium+Club+Baseball+mark+mcgwire+%23399&LH_Sold=1&LH_Complete=1&_sop=13,https://www.ebay.com/itm/397733626708?_skw=1991+Stadium+Club+Baseball+mark+mcgwire+%23399&epid=18091285557&itmmeta=01KNA3NM12KMR2BKT4FNQCFRJK&hash=item5c9ac58354:g:GsMAAeSwVZdpu2WX&itmprp=enc%3AAQALAAABEGfYFPkwiKCW4ZNSs2u11xCr2KMHroPmYBI2B2DbM%2Bio7KbFXDZFnsEIyA1%2FV%2Bza5Hs9qwhIumovvGaOgc8lF1t5KmAoUhyJKK30XSlcqy4J2toefrwdxgUtcJ86Tbn8VWUVesKWNZBsMruORGw9aT%2B9kr2BFwGpC%2FlqXmYEa1gu5sAMx3uvYlzNGkMJ7GtNASmaN00nmb%2BPcZSanSF5K3QnzixVKLJcqtE6uOy1G0r54FtFO2D3SQ7AAXBnTOYUmR6Y2a%2FNdVky6kZmMUiyu%2Fz02WUFHuOdw0UhTpozWiG87Fmnps%2FR1x73ZA2FMcpJvNjWHTXNCFzjJtdKoQy5nbZl5IGfXZtIZaDHR9SmGKkk%7Ctkp%3ABk9SR-jA1sOqZw,32,1,1991 Stadium Club Baseball mark mcgwire #399,13
1997 Stadium Club #5 Mark McGwire Oakland Athletics,$1.48,$0.00,"Sold Feb 13, 2026",lakesidecards-mi,New,https://www.ebay.com/itm/366138832171?_skw=1991+Stadium+Club+Baseball+mark+mcgwire+%23399&epid=9055939706&itmmeta=01KNA3NM1378W8Z3CQGP7B781B&hash=item553f93352b:g:qgoAAeSwYNFpb~rY&itmprp=enc%3AAQALAAABEGfYFPkwiKCW4ZNSs2u11xAvR%2FmQ0pbfvjsW2JA%2B1FmdsY3f6MO2us5OSyePw%2BkhC3T%2Fgev62AzG7jf%2FtHxclpM86IHKOVkFzAJb2xpkTaXWebAVxOlabO83B3lR8U6QQCitctPrm%2FEUTe3Xigb5sWVVVtNUfUZ0eYVpSD8QliUMaRGhtwUrrkj0CMFM25Z30xSBkIl3qdtThvUstsevaOPBeB0OLFo4SBNRG8D6OqFVDSnHs5KevmpWfIGsadSAwfCvg%2BF0z7ucVR712ipQLU0Mff0w3t6ogshqKECrC%2BNxrtCR4VuAKJWBi53KP0fj%2BjsMdLZb5BGG3yitiVZyczHkAakh2tP8XAS%2FKzJMTjQ7%7Ctkp%3ABk9SR-jA1sOqZw,https://i.ebayimg.com/images/g/qgoAAeSwYNFpb~rY/s-l500.webp,N,,,N,N,1.48,0.0,1.48,2026-02-13,bin,False,False,,5.0,,366138832171,https://www.ebay.com/sch/i.html?_nkw=1991+Stadium+Club+Baseball+mark+mcgwire+%23399&LH_Sold=1&LH_Complete=1&_sop=13,https://www.ebay.com/itm/366138832171?_skw=1991+Stadium+Club+Baseball+mark+mcgwire+%23399&epid=9055939706&itmmeta=01KNA3NM1378W8Z3CQGP7B781B&hash=item553f93352b:g:qgoAAeSwYNFpb~rY&itmprp=enc%3AAQALAAABEGfYFPkwiKCW4ZNSs2u11xAvR%2FmQ0pbfvjsW2JA%2B1FmdsY3f6MO2us5OSyePw%2BkhC3T%2Fgev62AzG7jf%2FtHxclpM86IHKOVkFzAJb2xpkTaXWebAVxOlabO83B3lR8U6QQCitctPrm%2FEUTe3Xigb5sWVVVtNUfUZ0eYVpSD8QliUMaRGhtwUrrkj0CMFM25Z30xSBkIl3qdtThvUstsevaOPBeB0OLFo4SBNRG8D6OqFVDSnHs5KevmpWfIGsadSAwfCvg%2BF0z7ucVR712ipQLU0Mff0w3t6ogshqKECrC%2BNxrtCR4VuAKJWBi53KP0fj%2BjsMdLZb5BGG3yitiVZyczHkAakh2tP8XAS%2FKzJMTjQ7%7Ctkp%3ABk9SR-jA1sOqZw,33,1,1991 Stadium Club Baseball mark mcgwire #399,13
2020 Topps Stadium Club Mark McGwire #96 Blue Foil Parallel 27/50 Bash Brothers,$75.00,$0.00,"Sold Mar 23, 2026",black_squirrel_1,New,https://www.ebay.com/itm/327042899700?_skw=1991+Stadium+Club+Baseball+mark+mcgwire+%23399&epid=27078539958&itmmeta=01KNA3NM13NNCC344EX87QW54G&hash=item4c25469ef4:g:X7YAAeSwlXFps0g-&itmprp=enc%3AAQALAAABEGfYFPkwiKCW4ZNSs2u11xCowUGIQHViiUBlPZXSOZK8jmxQNMxIuTQPsWM%2BMV6FnVEkI9aI0lDlGLjGa1rNW0bsjSW2gqVigqXQweJ9CtnBhX2RLYHB3dafNat4J198jndlUPJlEutwEj7EyQnwaCuG9dxxcflviSFGP5ZtWWGNSxNfHqh0v3Wwx6Qv8QiOmHU36mNzOHZ9juPQ5vW%2FOOskwFMbiO4UU%2FAyBt7%2FNofGNXyh%2BG9T9nN3VPFSe70EFlTHJwq44iXdX4pPI2L4IWt6orAs6yF9eXcYxleOoBcq6qCtq2wnhKhTmBaLXK9nadwK9KxkX3kzSfv%2B8HkiEmsFF2V3TmK6upVKWB%2F%2Boqvb%7Ctkp%3ABk9SR-jA1sOqZw,https://i.ebayimg.com/images/g/X7YAAeSwlXFps0g-/s-l500.webp,N,,,N,N,75.0,0.0,75.0,2026-03-23,bin,False,False,,,96,327042899700,https://www.ebay.com/sch/i.html?_nkw=1991+Stadium+Club+Baseball+mark+mcgwire+%23399&LH_Sold=1&LH_Complete=1&_sop=13,https://www.ebay.com/itm/327042899700?_skw=1991+Stadium+Club+Baseball+mark+mcgwire+%23399&epid=27078539958&itmmeta=01KNA3NM13NNCC344EX87QW54G&hash=item4c25469ef4:g:X7YAAeSwlXFps0g-&itmprp=enc%3AAQALAAABEGfYFPkwiKCW4ZNSs2u11xCowUGIQHViiUBlPZXSOZK8jmxQNMxIuTQPsWM%2BMV6FnVEkI9aI0lDlGLjGa1rNW0bsjSW2gqVigqXQweJ9CtnBhX2RLYHB3dafNat4J198jndlUPJlEutwEj7EyQnwaCuG9dxxcflviSFGP5ZtWWGNSxNfHqh0v3Wwx6Qv8QiOmHU36mNzOHZ9juPQ5vW%2FOOskwFMbiO4UU%2FAyBt7%2FNofGNXyh%2BG9T9nN3VPFSe70EFlTHJwq44iXdX4pPI2L4IWt6orAs6yF9eXcYxleOoBcq6qCtq2wnhKhTmBaLXK9nadwK9KxkX3kzSfv%2B8HkiEmsFF2V3TmK6upVKWB%2F%2Boqvb%7Ctkp%3ABk9SR-jA1sOqZw,34,1,1991 Stadium Club Baseball mark mcgwire #399,13
2021 TOPPS STADIUM CLUB #276 MARK McGWIRE POP 2 PSA 10,$39.99,$5.00,"Sold Apr 2, 2026",4_sharp_corners,New,https://www.ebay.com/itm/389830603935?_skw=1991+Stadium+Club+Baseball+mark+mcgwire+%23399&epid=25055916936&itmmeta=01KNA3NM13WWC8ZSHM0X68CSGD&hash=item5ac3b6f49f:g:2TgAAeSwuTxpzPZW&itmprp=enc%3AAQALAAABEGfYFPkwiKCW4ZNSs2u11xCUxEZiwncJtoUTzjZrhP%2B3IenE5GHBubbQiwiRnVpGLsOO4OD0%2B78AZIHD6Dg2BsLLvXOZ2W1yJwhBU2JQwOH6eiY9F5u%2BT7p9VGL6NPXew7V03Lb5tEFp3Y%2Flt2bQx02fAomtN5t6x%2FqaM6L%2BkeVFGh5FCKK9PTM%2FDmB0VxplGPybsUJo9WkNeOdx44vibeDFuB8AiwguRHrxvx3lYkhzcXV09S0ySvW2I7NY28XTgpc7OZU%2Bu6gtXKdvl0rgNfBA8emyQertRVuQA%2FwTCFY4a0fWh6qOvGTZqSXld9hEubEdwP83%2BuJrwJsCgqAIhPHS2jPGvS%2FTFL9eVeUS65tp%7Ctkp%3ABk9SR-rA1sOqZw,https://i.ebayimg.com/images/g/2TgAAeSwuTxpzPZW/s-l500.webp,Y,PSA,10,N,N,39.99,5.0,44.99,2026-04-02,bin,False,True,PSA,10.0,276,389830603935,https://www.ebay.com/sch/i.html?_nkw=1991+Stadium+Club+Baseball+mark+mcgwire+%23399&LH_Sold=1&LH_Complete=1&_sop=13,https://www.ebay.com/itm/389830603935?_skw=1991+Stadium+Club+Baseball+mark+mcgwire+%23399&epid=25055916936&itmmeta=01KNA3NM13WWC8ZSHM0X68CSGD&hash=item5ac3b6f49f:g:2TgAAeSwuTxpzPZW&itmprp=enc%3AAQALAAABEGfYFPkwiKCW4ZNSs2u11xCUxEZiwncJtoUTzjZrhP%2B3IenE5GHBubbQiwiRnVpGLsOO4OD0%2B78AZIHD6Dg2BsLLvXOZ2W1yJwhBU2JQwOH6eiY9F5u%2BT7p9VGL6NPXew7V03Lb5tEFp3Y%2Flt2bQx02fAomtN5t6x%2FqaM6L%2BkeVFGh5FCKK9PTM%2FDmB0VxplGPybsUJo9WkNeOdx44vibeDFuB8AiwguRHrxvx3lYkhzcXV09S0ySvW2I7NY28XTgpc7OZU%2Bu6gtXKdvl0rgNfBA8emyQertRVuQA%2FwTCFY4a0fWh6qOvGTZqSXld9hEubEdwP83%2BuJrwJsCgqAIhPHS2jPGvS%2FTFL9eVeUS65tp%7Ctkp%3ABk9SR-rA1sOqZw,35,1,1991 Stadium Club Baseball mark mcgwire #399,13
Mark McGwire 2022 Stadium Club Chrome #272 Oakland Athletics Baseball,$1.40,$0.00,"Sold Mar 7, 2026",make_it_rain_collectibles,New,https://www.ebay.com/itm/358239750258?_skw=1991+Stadium+Club+Baseball+mark+mcgwire+%23399&epid=25059443345&itmmeta=01KNA3NM132FCWKWT4F7ZQBTPB&hash=item5368c0c872:g:rtsAAeSw2bppmMBq&itmprp=enc%3AAQALAAABEGfYFPkwiKCW4ZNSs2u11xBmwxDHHOoOV69xfINc%2BEKFWf5hIVib22oHgidIEyiAaizq5TexwvMq3Py91QG27q1kFnwegwotFsBZcI3HpbNr4no7crvGAXfNNHXuHzZii0AWNNVi%2BFrI%2BwimObZOH5JTw4fmhW9iPKaZYYsyFeXywRd1bVCj%2Fm3xjL%2Bw2lgc0J1zU%2Bj7cnyx1b%2FkqstE4FC5%2BiPa4lz%2Flct6iyLlNZtzWoDNcutPLpHx3R2mDCga36uOYZAoANQQtmuarrdEy4cWmmPvWmQTGfaRcWRYcZqJzOx76jykFv7AorNTaTs1zxJFko309Lu3RlW2bXzy4BArelyM0QTtNOg6Mxa3N%2BZL%7Ctkp%3ABk9SR-rA1sOqZw,https://i.ebayimg.com/images/g/rtsAAeSw2bppmMBq/s-l500.webp,N,,,N,Y,1.4,0.0,1.4,2026-03-07,bin,True,False,,,272,358239750258,https://www.ebay.com/sch/i.html?_nkw=1991+Stadium+Club+Baseball+mark+mcgwire+%23399&LH_Sold=1&LH_Complete=1&_sop=13,https://www.ebay.com/itm/358239750258?_skw=1991+Stadium+Club+Baseball+mark+mcgwire+%23399&epid=25059443345&itmmeta=01KNA3NM132FCWKWT4F7ZQBTPB&hash=item5368c0c872:g:rtsAAeSw2bppmMBq&itmprp=enc%3AAQALAAABEGfYFPkwiKCW4ZNSs2u11xBmwxDHHOoOV69xfINc%2BEKFWf5hIVib22oHgidIEyiAaizq5TexwvMq3Py91QG27q1kFnwegwotFsBZcI3HpbNr4no7crvGAXfNNHXuHzZii0AWNNVi%2BFrI%2BwimObZOH5JTw4fmhW9iPKaZYYsyFeXywRd1bVCj%2Fm3xjL%2Bw2lgc0J1zU%2Bj7cnyx1b%2FkqstE4FC5%2BiPa4lz%2Flct6iyLlNZtzWoDNcutPLpHx3R2mDCga36uOYZAoANQQtmuarrdEy4cWmmPvWmQTGfaRcWRYcZqJzOx76jykFv7AorNTaTs1zxJFko309Lu3RlW2bXzy4BArelyM0QTtNOg6Mxa3N%2BZL%7Ctkp%3ABk9SR-rA1sOqZw,36,1,1991 Stadium Club Baseball mark mcgwire #399,13
2025 Topps Stadium Club Mark McGwire SP Green #15 Cardinals /199,$5.00,$0.74,"Sold Mar 30, 2026",cricketcollectibles25,New,https://www.ebay.com/itm/389654307644?_skw=1991+Stadium+Club+Baseball+mark+mcgwire+%23399&epid=2362307950&itmmeta=01KNA3NM131BS94PT2WMGWTFAR&hash=item5ab934e33c:g:qpwAAeSwCOppmokv&itmprp=enc%3AAQALAAAA8GfYFPkwiKCW4ZNSs2u11xBBMUYZ0kHDXOLLKv79D20F0pbKm%2BngWOfgi48g4jptd0CgbrDqaMGBaU0gIsinhZDCrAapCTT36Cosmnk5l04Yi%2FkODakhIa8iE%2FBO21v%2F1Yc%2FCdlOs9cmjgpjsuT5jxuR2OsiKZANMIhjhHjqylBk%2BfPpVLQXGkDj8DeMv6mwozna9NdGFUNGgZ3m4kQ0MH9uIRMohziRAikRr8KHHs7wvhUjwBE6pZADLPDPhbjRPq97walKh9Jv3%2FtDzdsLz35N7JC7mrCHYncvbF1LhJGAU9qXjLgDiqeNQ7d9U7CTMA%3D%3D%7Ctkp%3ABk9SR-rA1sOqZw,https://i.ebayimg.com/images/g/qpwAAeSwCOppmokv/s-l500.webp,N,,,N,Y,5.0,0.74,5.74,2026-03-30,bin,True,False,,,15,389654307644,https://www.ebay.com/sch/i.html?_nkw=1991+Stadium+Club+Baseball+mark+mcgwire+%23399&LH_Sold=1&LH_Complete=1&_sop=13,https://www.ebay.com/itm/389654307644?_skw=1991+Stadium+Club+Baseball+mark+mcgwire+%23399&epid=2362307950&itmmeta=01KNA3NM131BS94PT2WMGWTFAR&hash=item5ab934e33c:g:qpwAAeSwCOppmokv&itmprp=enc%3AAQALAAAA8GfYFPkwiKCW4ZNSs2u11xBBMUYZ0kHDXOLLKv79D20F0pbKm%2BngWOfgi48g4jptd0CgbrDqaMGBaU0gIsinhZDCrAapCTT36Cosmnk5l04Yi%2FkODakhIa8iE%2FBO21v%2F1Yc%2FCdlOs9cmjgpjsuT5jxuR2OsiKZANMIhjhHjqylBk%2BfPpVLQXGkDj8DeMv6mwozna9NdGFUNGgZ3m4kQ0MH9uIRMohziRAikRr8KHHs7wvhUjwBE6pZADLPDPhbjRPq97walKh9Jv3%2FtDzdsLz35N7JC7mrCHYncvbF1LhJGAU9qXjLgDiqeNQ7d9U7CTMA%3D%3D%7Ctkp%3ABk9SR-rA1sOqZw,37,1,1991 Stadium Club Baseball mark mcgwire #399,13
Mark McGwire - 1998 Stadium Club #203 - St. Louis Cardinals,$1.60,$0.00,"Sold Mar 13, 2026",omc718,New,https://www.ebay.com/itm/227247431998?_skw=1991+Stadium+Club+Baseball+mark+mcgwire+%23399&epid=22055896475&itmmeta=01KNA3NM13QKB7HBMVBMSQ2N0F&hash=item34e900a13e:g:KGkAAeSwi3pprZx9&itmprp=enc%3AAQALAAAA8GfYFPkwiKCW4ZNSs2u11xCAPVV0IobpvK7PvZ4ZI6tVe6S6CzHjucN%2BOEgWSywsYetrZN0mQLzMS4MLInDaBKO8paVog1Z0Komn4t9ERva1Gb1GK0eZPnxBZRbEHNofO%2BTjPfo5%2F%2BxyfnF5uqmXtLwYkQWqWj1bKS023HFr5DSZtpJIcmMuQgBPDgQUTTok%2BsVXTi8tK0MZso8iGTb04FtVrQSXapjrZitoBkTss67wEkWZkz8WxrrjnJ4OoriNMRvgN6VPfWGJKw7vCjRpsT6HbmBcEIr5iL644Uf%2BOGbctF4dgJHo%2B4o2SWWkNdpngw%3D%3D%7Ctkp%3ABk9SR-rA1sOqZw,https://i.ebayimg.com/images/g/KGkAAeSwi3pprZx9/s-l500.webp,N,,,N,Y,1.6,0.0,1.6,2026-03-13,bin,True,False,,,203,227247431998,https://www.ebay.com/sch/i.html?_nkw=1991+Stadium+Club+Baseball+mark+mcgwire+%23399&LH_Sold=1&LH_Complete=1&_sop=13,https://www.ebay.com/itm/227247431998?_skw=1991+Stadium+Club+Baseball+mark+mcgwire+%23399&epid=22055896475&itmmeta=01KNA3NM13QKB7HBMVBMSQ2N0F&hash=item34e900a13e:g:KGkAAeSwi3pprZx9&itmprp=enc%3AAQALAAAA8GfYFPkwiKCW4ZNSs2u11xCAPVV0IobpvK7PvZ4ZI6tVe6S6CzHjucN%2BOEgWSywsYetrZN0mQLzMS4MLInDaBKO8paVog1Z0Komn4t9ERva1Gb1GK0eZPnxBZRbEHNofO%2BTjPfo5%2F%2BxyfnF5uqmXtLwYkQWqWj1bKS023HFr5DSZtpJIcmMuQgBPDgQUTTok%2BsVXTi8tK0MZso8iGTb04FtVrQSXapjrZitoBkTss67wEkWZkz8WxrrjnJ4OoriNMRvgN6VPfWGJKw7vCjRpsT6HbmBcEIr5iL644Uf%2BOGbctF4dgJHo%2B4o2SWWkNdpngw%3D%3D%7Ctkp%3ABk9SR-rA1sOqZw,38,1,1991 Stadium Club Baseball mark mcgwire #399,13
1994 Topps Stadium Club Golden Rainbow Mark McGwire #358 Oakland Athletics,$1.79,$0.00,"Sold Feb 13, 2026",bossmancards,New,https://www.ebay.com/itm/175866378645?_skw=1991+Stadium+Club+Baseball+mark+mcgwire+%23399&epid=20055955682&itmmeta=01KNA3NM1341V6DYME77519S4S&hash=item28f273f995:g:B10AAOSwKfZk4QHb&itmprp=enc%3AAQALAAABEGfYFPkwiKCW4ZNSs2u11xA8Ov8tMCYOEcEyHb4wblPYBKZYMCMnqF9yV1SjQHtQ2O8QjJweFAssVc%2F6lpjAJF3xv2AhIUITWhVNmpz9Ot7URKtSZIouG54hJppmPAq9UiMgD3hKtAJODSEHUQOPC9Ung9hmfRTXj2lWxRTAx%2Fjiy6rM95EsrrytJ1kURtbo9BMvNqDrxrJVLWDZf1%2FYmRZxAil%2B1UoX9pVkKy4AJhW30B8chI79%2ByIfFA3lqAtKcWLjLvnzdUmxZuA%2B0FzffGnR4oOQmEJx6s8DiD3sGe975yfDbrlnUYngkbjkI8qLTNPmazpopmJH%2F2QB5BkcdO460oHqTXmc4BjPhEulxwNe%7Ctkp%3ABk9SR-rA1sOqZw,https://i.ebayimg.com/images/g/B10AAOSwKfZk4QHb/s-l500.webp,N,,,N,Y,1.79,0.0,1.79,2026-02-13,bin,True,False,,,358,175866378645,https://www.ebay.com/sch/i.html?_nkw=1991+Stadium+Club+Baseball+mark+mcgwire+%23399&LH_Sold=1&LH_Complete=1&_sop=13,https://www.ebay.com/itm/175866378645?_skw=1991+Stadium+Club+Baseball+mark+mcgwire+%23399&epid=20055955682&itmmeta=01KNA3NM1341V6DYME77519S4S&hash=item28f273f995:g:B10AAOSwKfZk4QHb&itmprp=enc%3AAQALAAABEGfYFPkwiKCW4ZNSs2u11xA8Ov8tMCYOEcEyHb4wblPYBKZYMCMnqF9yV1SjQHtQ2O8QjJweFAssVc%2F6lpjAJF3xv2AhIUITWhVNmpz9Ot7URKtSZIouG54hJppmPAq9UiMgD3hKtAJODSEHUQOPC9Ung9hmfRTXj2lWxRTAx%2Fjiy6rM95EsrrytJ1kURtbo9BMvNqDrxrJVLWDZf1%2FYmRZxAil%2B1UoX9pVkKy4AJhW30B8chI79%2ByIfFA3lqAtKcWLjLvnzdUmxZuA%2B0FzffGnR4oOQmEJx6s8DiD3sGe975yfDbrlnUYngkbjkI8qLTNPmazpopmJH%2F2QB5BkcdO460oHqTXmc4BjPhEulxwNe%7Ctkp%3ABk9SR-rA1sOqZw,39,1,1991 Stadium Club Baseball mark mcgwire #399,13
1993 Stadium Club Athletics #7 Mark McGwire,$1.60,$1.00,"Sold Mar 1, 2026",mavmil,New,https://www.ebay.com/itm/365910779349?_skw=1991+Stadium+Club+Baseball+mark+mcgwire+%23399&epid=26089741861&itmmeta=01KNA3NM139BBS39D4SEX4CG56&hash=item5531fb65d5:g:aDcAAeSw7QZo5unQ&itmprp=enc%3AAQALAAAA8GfYFPkwiKCW4ZNSs2u11xCGZDXLvgQSPusNhOWhlQnXKTsGagDf2iE1w8i1RU8Z3Jnxtn2HYeKA8yirS1gSU%2Bt13ho%2FUHFlLKLZa%2FFr0nGMlrBbfsJL%2B8L%2BtiLWXhmbLDsCcwW%2BJTLH%2B5zpuSX7Kzf%2BNuMnTIOKZ6GON9Z9M7GaPov%2Fh5imm0n8vwoDcWBCEy8LIbLT3gCwb5WOrcPXFpxOu%2BymWTKBYGa4mefrBS%2BYd%2BSy25TtPg7BSAHbxv%2B3uyHQIIvzuO3%2Bb%2BwUaJuI0vYSjTIxDucgDkAnAaqHXTFN1N%2BhspZiBwTbJWRob4UCew%3D%3D%7Ctkp%3ABk9SR-rA1sOqZw,https://i.ebayimg.com/images/g/aDcAAeSw7QZo5unQ/s-l500.webp,N,,,N,N,1.6,1.0,2.6,2026-03-01,bin,False,False,,7.0,,365910779349,https://www.ebay.com/sch/i.html?_nkw=1991+Stadium+Club+Baseball+mark+mcgwire+%23399&LH_Sold=1&LH_Complete=1&_sop=13,https://www.ebay.com/itm/365910779349?_skw=1991+Stadium+Club+Baseball+mark+mcgwire+%23399&epid=26089741861&itmmeta=01KNA3NM139BBS39D4SEX4CG56&hash=item5531fb65d5:g:aDcAAeSw7QZo5unQ&itmprp=enc%3AAQALAAAA8GfYFPkwiKCW4ZNSs2u11xCGZDXLvgQSPusNhOWhlQnXKTsGagDf2iE1w8i1RU8Z3Jnxtn2HYeKA8yirS1gSU%2Bt13ho%2FUHFlLKLZa%2FFr0nGMlrBbfsJL%2B8L%2BtiLWXhmbLDsCcwW%2BJTLH%2B5zpuSX7Kzf%2BNuMnTIOKZ6GON9Z9M7GaPov%2Fh5imm0n8vwoDcWBCEy8LIbLT3gCwb5WOrcPXFpxOu%2BymWTKBYGa4mefrBS%2BYd%2BSy25TtPg7BSAHbxv%2B3uyHQIIvzuO3%2Bb%2BwUaJuI0vYSjTIxDucgDkAnAaqHXTFN1N%2BhspZiBwTbJWRob4UCew%3D%3D%7Ctkp%3ABk9SR-rA1sOqZw,40,1,1991 Stadium Club Baseball mark mcgwire #399,13
2025 Stadium Club #15 Mark McGwire,$2.00,$0.00,"Sold Mar 16, 2026",bensouthsportscards,New,https://www.ebay.com/itm/257399852240?_skw=1991+Stadium+Club+Baseball+mark+mcgwire+%23399&itmmeta=01KNA3NM13V3J51VH4VN993RJ9&hash=item3bee3a0cd0:g:4DgAAeSwy3xpsMdi&itmprp=enc%3AAQALAAAA8GfYFPkwiKCW4ZNSs2u11xCak4ru2cEWFWdqM0fvyaQFRZiCn4Br32k2m21pL7rrRljKdsaskoc5d4FtGxo7RTCprRBvPnaJg3ZuRPSCnbfcyvVNrvMZLwfjGJeWD8mKUXZw8moB1ogRNSxbqa182fNIeEkWEfqIp5xQvyPK%2B%2B%2F23QRK9Nn070b6zwtgYGXb%2BnMc5sxyt86owZ5Rlg8SQ9ASOOW4Q5EihQ3DWMMKXss9z4Q728yjXuRXUvzYPzJv75wA4eznU3mMIMEITEm6%2F14kBgmr89U8nldcHRvTeGYQmmzkHqgpFGM3a5wb4WxnzA%3D%3D%7Ctkp%3ABk9SR-rA1sOqZw,https://i.ebayimg.com/images/g/4DgAAeSwy3xpsMdi/s-l500.webp,N,,,N,N,2.0,0.0,2.0,2026-03-16,bin,False,False,,,15,257399852240,https://www.ebay.com/sch/i.html?_nkw=1991+Stadium+Club+Baseball+mark+mcgwire+%23399&LH_Sold=1&LH_Complete=1&_sop=13,https://www.ebay.com/itm/257399852240?_skw=1991+Stadium+Club+Baseball+mark+mcgwire+%23399&itmmeta=01KNA3NM13V3J51VH4VN993RJ9&hash=item3bee3a0cd0:g:4DgAAeSwy3xpsMdi&itmprp=enc%3AAQALAAAA8GfYFPkwiKCW4ZNSs2u11xCak4ru2cEWFWdqM0fvyaQFRZiCn4Br32k2m21pL7rrRljKdsaskoc5d4FtGxo7RTCprRBvPnaJg3ZuRPSCnbfcyvVNrvMZLwfjGJeWD8mKUXZw8moB1ogRNSxbqa182fNIeEkWEfqIp5xQvyPK%2B%2B%2F23QRK9Nn070b6zwtgYGXb%2BnMc5sxyt86owZ5Rlg8SQ9ASOOW4Q5EihQ3DWMMKXss9z4Q728yjXuRXUvzYPzJv75wA4eznU3mMIMEITEm6%2F14kBgmr89U8nldcHRvTeGYQmmzkHqgpFGM3a5wb4WxnzA%3D%3D%7Ctkp%3ABk9SR-rA1sOqZw,41,1,1991 Stadium Club Baseball mark mcgwire #399,13
Mark McGwire 2023 Stadium Club Oversized Box Toppers,$0.99,$1.35,"Sold Mar 16, 2026",capricecollections,New,https://www.ebay.com/itm/267449215801?_skw=1991+Stadium+Club+Baseball+mark+mcgwire+%23399&epid=25063156164&itmmeta=01KNA3NM13YSBTHZ7D9CB4MCBP&hash=item3e45372b39:g:disAAeSwoAxo~rJd&itmprp=enc%3AAQALAAAA8GfYFPkwiKCW4ZNSs2u11xCaBR5ogxbHfdsaWgBweyfQyz5Q%2FFAJ8aH1bKTP6t6PQrxQETNgbOEhJKjBAzPH%2B0zTmOV%2F2KFb5TaUWxBQro5YuHaHe7g7R76YryFx27x50A4f0YLMIY5zmdVuUURGQPTmuUvX7UdKY83shqxnesf3ZqflRzzR5bukjlcOlWFZAkpppCnYkKYcnCD9tKKBZUeaZe8huExp6v6dftG5L0KZ1dj8PY1z%2FMzFqlsNP36P17znGYvoFCyCfrCKs8HX5i88771gEQNAO2ZqreL5cuEkNXhZNG1tYvXDgsM7Ms%2FsLg%3D%3D%7Ctkp%3ABk9SR-rA1sOqZw,https://i.ebayimg.com/images/g/disAAeSwoAxo~rJd/s-l500.webp,N,,,N,Y,0.99,1.35,2.34,2026-03-16,bin,True,False,,,,267449215801,https://www.ebay.com/sch/i.html?_nkw=1991+Stadium+Club+Baseball+mark+mcgwire+%23399&LH_Sold=1&LH_Complete=1&_sop=13,https://www.ebay.com/itm/267449215801?_skw=1991+Stadium+Club+Baseball+mark+mcgwire+%23399&epid=25063156164&itmmeta=01KNA3NM13YSBTHZ7D9CB4MCBP&hash=item3e45372b39:g:disAAeSwoAxo~rJd&itmprp=enc%3AAQALAAAA8GfYFPkwiKCW4ZNSs2u11xCaBR5ogxbHfdsaWgBweyfQyz5Q%2FFAJ8aH1bKTP6t6PQrxQETNgbOEhJKjBAzPH%2B0zTmOV%2F2KFb5TaUWxBQro5YuHaHe7g7R76YryFx27x50A4f0YLMIY5zmdVuUURGQPTmuUvX7UdKY83shqxnesf3ZqflRzzR5bukjlcOlWFZAkpppCnYkKYcnCD9tKKBZUeaZe8huExp6v6dftG5L0KZ1dj8PY1z%2FMzFqlsNP36P17znGYvoFCyCfrCKs8HX5i88771gEQNAO2ZqreL5cuEkNXhZNG1tYvXDgsM7Ms%2FsLg%3D%3D%7Ctkp%3ABk9SR-rA1sOqZw,42,1,1991 Stadium Club Baseball mark mcgwire #399,13
2025 Topps Stadium Club Baseball #1-200 Pick Your Card Complete Your Set,$0.99,$0.00,"Sold Apr 1, 2026",bbnick77-69,New,https://www.ebay.com/itm/227247578141?_skw=1991+Stadium+Club+Baseball+mark+mcgwire+%23399&itmmeta=01KNA3NM13BG4JGNQNX76DZ863&hash=item34e902dc1d:g:5TEAAeSwXQJprb3Z&itmprp=enc%3AAQALAAABEGfYFPkwiKCW4ZNSs2u11xBif%2FbXKw5Nfgxa%2Bd3ohzXwKlLf7bT2LvTJSfXTlX2s%2B9fwM21D2UPMXLXuWVpZgNfohTwZ%2FQoLBJHY%2BXSDd3yKsLpupMdOs38aRgsOBQk2T%2FAo7kIReTlKHKL9HhSnnx%2BJjU0MbtV%2BbhebUIkORPNprE5HRexOqOB43tzPs8U94jCLTo2MzF3WfwunMoWJ1pVQkIh%2BlOOx7%2Bu1BGn9RTRx21NSrBJ6RLMr5yoVI%2BKLo28%2FXQklCuIQ%2FErCGYL2NAEZYTAdiGHdugTmw8tGNi8GkpD%2BPxMSTu8TMn7E4jt5%2BIQn4WDZ%2FUoM4JTULAZVrDnMcAg6167La%2F%2Bg86A%2FiMWc%7Ctkp%3ABk9SR-rA1sOqZw,https://i.ebayimg.com/images/g/5TEAAeSwXQJprb3Z/s-l500.webp,N,,,N,N,0.99,0.0,0.99,2026-04-01,bin,False,False,,1.0,200,227247578141,https://www.ebay.com/sch/i.html?_nkw=1991+Stadium+Club+Baseball+mark+mcgwire+%23399&LH_Sold=1&LH_Complete=1&_sop=13,https://www.ebay.com/itm/227247578141?_skw=1991+Stadium+Club+Baseball+mark+mcgwire+%23399&itmmeta=01KNA3NM13BG4JGNQNX76DZ863&hash=item34e902dc1d:g:5TEAAeSwXQJprb3Z&itmprp=enc%3AAQALAAABEGfYFPkwiKCW4ZNSs2u11xBif%2FbXKw5Nfgxa%2Bd3ohzXwKlLf7bT2LvTJSfXTlX2s%2B9fwM21D2UPMXLXuWVpZgNfohTwZ%2FQoLBJHY%2BXSDd3yKsLpupMdOs38aRgsOBQk2T%2FAo7kIReTlKHKL9HhSnnx%2BJjU0MbtV%2BbhebUIkORPNprE5HRexOqOB43tzPs8U94jCLTo2MzF3WfwunMoWJ1pVQkIh%2BlOOx7%2Bu1BGn9RTRx21NSrBJ6RLMr5yoVI%2BKLo28%2FXQklCuIQ%2FErCGYL2NAEZYTAdiGHdugTmw8tGNi8GkpD%2BPxMSTu8TMn7E4jt5%2BIQn4WDZ%2FUoM4JTULAZVrDnMcAg6167La%2F%2Bg86A%2FiMWc%7Ctkp%3ABk9SR-rA1sOqZw,43,1,1991 Stadium Club Baseball mark mcgwire #399,13
2025 Stadium Club Mark McGwire Light Blue Foil #15 St. Louis Cardinals,$2.99,$0.00,"Sold Apr 1, 2026",wrestlingwithcardboard,New,https://www.ebay.com/itm/198146950830?_skw=1991+Stadium+Club+Baseball+mark+mcgwire+%23399&itmmeta=01KNA3NM131YCEPP756ST930RN&hash=item2e227a86ae:g:12cAAeSw2ZtppIHq&itmprp=enc%3AAQALAAAA8GfYFPkwiKCW4ZNSs2u11xBOanB4Oiq3KBw9SNl%2B4KvNGcIEZjtXTMC0mB87YBp1KNHpaGW8EUsHgat7IQ9wL%2BGnqxSZMhZqPZKLrcXFshK9hHGHbLfvjRVCF%2B8T%2B%2FKA7uSp23wZW%2BV10%2BLrAi7aWzqvPfKtsU%2F6EjyxNG9JsPjRJeXVZKWcH3QvYSknfKz2GwDvfju4d5%2Ff%2FOVb22XYt8OGkauEnPQYkW5cJ5H82TDWZOgFVpwwen58Fo6NxR9GLlBUzBRW2VWN6IziVU%2F2jdXujes1t0A1hlE%2BVb7bpX0N%2BbA%2B7B6fiwzl82Fy%2BRlJ%2BQ%3D%3D%7Ctkp%3ABk9SR-rA1sOqZw,https://i.ebayimg.com/images/g/12cAAeSw2ZtppIHq/s-l500.webp,N,,,N,N,2.99,0.0,2.99,2026-04-01,bin,False,False,,,15,198146950830,https://www.ebay.com/sch/i.html?_nkw=1991+Stadium+Club+Baseball+mark+mcgwire+%23399&LH_Sold=1&LH_Complete=1&_sop=13,https://www.ebay.com/itm/198146950830?_skw=1991+Stadium+Club+Baseball+mark+mcgwire+%23399&itmmeta=01KNA3NM131YCEPP756ST930RN&hash=item2e227a86ae:g:12cAAeSw2ZtppIHq&itmprp=enc%3AAQALAAAA8GfYFPkwiKCW4ZNSs2u11xBOanB4Oiq3KBw9SNl%2B4KvNGcIEZjtXTMC0mB87YBp1KNHpaGW8EUsHgat7IQ9wL%2BGnqxSZMhZqPZKLrcXFshK9hHGHbLfvjRVCF%2B8T%2B%2FKA7uSp23wZW%2BV10%2BLrAi7aWzqvPfKtsU%2F6EjyxNG9JsPjRJeXVZKWcH3QvYSknfKz2GwDvfju4d5%2Ff%2FOVb22XYt8OGkauEnPQYkW5cJ5H82TDWZOgFVpwwen58Fo6NxR9GLlBUzBRW2VWN6IziVU%2F2jdXujes1t0A1hlE%2BVb7bpX0N%2BbA%2B7B6fiwzl82Fy%2BRlJ%2BQ%3D%3D%7Ctkp%3ABk9SR-rA1sOqZw,44,1,1991 Stadium Club Baseball mark mcgwire #399,13
2025 Topps Stadium Club Baseball Singles You Pick Complete Your Set,$0.99,$0.00,"Sold Apr 2, 2026",naypriz_collectibles,New,https://www.ebay.com/itm/406709500857?_skw=1991+Stadium+Club+Baseball+mark+mcgwire+%23399&itmmeta=01KNA3NM13E116FNHDKY24AC91&hash=item5eb1c67bb9:g:7PkAAeSwG-xpsfbG&itmprp=enc%3AAQALAAAA8GfYFPkwiKCW4ZNSs2u11xBkYhWg4WdSIGsIVwEMvkvS%2BGTY2gFV7l6tsLQ51A3tYTyxuwVZSDCZHUqVC9kYUivzrsrwzTEOTg8yGLfniCIKaFWiistz0QicNs2r%2FdIaQDjWNHQzrwU2nUCXCo1tC6sbfXgVbIb3Fa%2BnxTn7q8eB3GiTweYbtGuYIJeHuIh9TslFAy30aZnivnMuep04B3WANy%2BKRnjM7whYpN0MtE7i3HuMz%2F0H8%2BARHseW8%2FB0rtUPV2lf0oyWrOLZw%2FQjH2dzMsnWsHTZeFdNyWFR%2BIloUGvafFMcks4uBexPVhFQUA%3D%3D%7Ctkp%3ABk9SR-rA1sOqZw,https://i.ebayimg.com/images/g/7PkAAeSwG-xpsfbG/s-l500.webp,N,,,N,N,0.99,0.0,0.99,2026-04-02,bin,False,False,,,,406709500857,https://www.ebay.com/sch/i.html?_nkw=1991+Stadium+Club+Baseball+mark+mcgwire+%23399&LH_Sold=1&LH_Complete=1&_sop=13,https://www.ebay.com/itm/406709500857?_skw=1991+Stadium+Club+Baseball+mark+mcgwire+%23399&itmmeta=01KNA3NM13E116FNHDKY24AC91&hash=item5eb1c67bb9:g:7PkAAeSwG-xpsfbG&itmprp=enc%3AAQALAAAA8GfYFPkwiKCW4ZNSs2u11xBkYhWg4WdSIGsIVwEMvkvS%2BGTY2gFV7l6tsLQ51A3tYTyxuwVZSDCZHUqVC9kYUivzrsrwzTEOTg8yGLfniCIKaFWiistz0QicNs2r%2FdIaQDjWNHQzrwU2nUCXCo1tC6sbfXgVbIb3Fa%2BnxTn7q8eB3GiTweYbtGuYIJeHuIh9TslFAy30aZnivnMuep04B3WANy%2BKRnjM7whYpN0MtE7i3HuMz%2F0H8%2BARHseW8%2FB0rtUPV2lf0oyWrOLZw%2FQjH2dzMsnWsHTZeFdNyWFR%2BIloUGvafFMcks4uBexPVhFQUA%3D%3D%7Ctkp%3ABk9SR-rA1sOqZw,45,1,1991 Stadium Club Baseball mark mcgwire #399,13
1993 Stadium Club #595 Mark McGwire Members Only,$0.99,$0.00,"Sold Feb 21, 2026",tford107175ktg,New,https://www.ebay.com/itm/376787165044?_skw=1991+Stadium+Club+Baseball+mark+mcgwire+%23399&epid=15055880751&itmmeta=01KNA3NM131PH6VWT0EXHA0WP8&hash=item57ba43df74:g:Fd8AAeSwaxtpREOw&itmprp=enc%3AAQALAAAA8GfYFPkwiKCW4ZNSs2u11xDhFEwjepJwmMklKB%2FKhPzY6dS%2FIY8yn6%2FWhUCKk5xyNI4RVAFpdqj12823hdZ5mCJPOohFvt6r1RkmUObt0xAkl4Sm5OcJT45D6nYW7N6yRhUyDcGpzJATQOjGQ%2BzG3cvbjdFMCfjL7QCszMqmF%2FHM3Jzf2Yec4FXc%2BryAyPWIU8PmZdlgMh89Z5JMvT4a4uKUZxOM1wyEon0aGlR398%2FYgFn21skedc3JEsXFxxRSwifp8CKTFCNlMiQk7hhr5ZB3e6bihnE5FByMU35rbxyb9CKDUC89X7cejMUW%2F8os%2BA%3D%3D%7Ctkp%3ABk9SR-rA1sOqZw,https://i.ebayimg.com/images/g/Fd8AAeSwaxtpREOw/s-l500.webp,N,,,N,Y,0.99,0.0,0.99,2026-02-21,bin,True,False,,,595,376787165044,https://www.ebay.com/sch/i.html?_nkw=1991+Stadium+Club+Baseball+mark+mcgwire+%23399&LH_Sold=1&LH_Complete=1&_sop=13,https://www.ebay.com/itm/376787165044?_skw=1991+Stadium+Club+Baseball+mark+mcgwire+%23399&epid=15055880751&itmmeta=01KNA3NM131PH6VWT0EXHA0WP8&hash=item57ba43df74:g:Fd8AAeSwaxtpREOw&itmprp=enc%3AAQALAAAA8GfYFPkwiKCW4ZNSs2u11xDhFEwjepJwmMklKB%2FKhPzY6dS%2FIY8yn6%2FWhUCKk5xyNI4RVAFpdqj12823hdZ5mCJPOohFvt6r1RkmUObt0xAkl4Sm5OcJT45D6nYW7N6yRhUyDcGpzJATQOjGQ%2BzG3cvbjdFMCfjL7QCszMqmF%2FHM3Jzf2Yec4FXc%2BryAyPWIU8PmZdlgMh89Z5JMvT4a4uKUZxOM1wyEon0aGlR398%2FYgFn21skedc3JEsXFxxRSwifp8CKTFCNlMiQk7hhr5ZB3e6bihnE5FByMU35rbxyb9CKDUC89X7cejMUW%2F8os%2BA%3D%3D%7Ctkp%3ABk9SR-rA1sOqZw,46,1,1991 Stadium Club Baseball mark mcgwire #399,13
Mark McGwire 2025 Stadium Club - Blue Foil - #15 Cardinals,$10.00,$1.99,"Sold Mar 5, 2026",mark_n_heidi_collector_cards,New,https://www.ebay.com/itm/127699934525?_skw=1991+Stadium+Club+Baseball+mark+mcgwire+%23399&itmmeta=01KNA3NM130W1905K0GPGAJSMY&hash=item1dbb825d3d:g:xU8AAeSwKBBpm8tJ&itmprp=enc%3AAQALAAAA8GfYFPkwiKCW4ZNSs2u11xBZOTaS4Pejjuhbzk5wylaha%2BEKB29y4G2Hhpjp0zwJpK%2BiGufjHr9Y8hnQt7nbiQy8dzwmfc9GInbsvu97WkWA91bUaWFIuiulgwJisqbbg5bnSR9yimOv%2Fob4QrpRdWV0Lb%2BGAoIKhRbk2kSPK1NM3fAO%2FdfIUnH937i1rCp91%2BC7jRX3lXliUZY4%2F9qZtC0AtoqmW%2FRAo%2BDMChhXAN3DDBrRP2XF9B7QFLd7wPbt4PL20LKTwqBLoSLFi4LadihXD4QPE038cZQFmp5H1vIb6VaP2MNNS5Phrok%2B80pumw%3D%3D%7Ctkp%3ABk9SR-rA1sOqZw,https://i.ebayimg.com/images/g/xU8AAeSwKBBpm8tJ/s-l500.webp,N,,,N,N,10.0,1.99,11.99,2026-03-05,bin,False,False,,,15,127699934525,https://www.ebay.com/sch/i.html?_nkw=1991+Stadium+Club+Baseball+mark+mcgwire+%23399&LH_Sold=1&LH_Complete=1&_sop=13,https://www.ebay.com/itm/127699934525?_skw=1991+Stadium+Club+Baseball+mark+mcgwire+%23399&itmmeta=01KNA3NM130W1905K0GPGAJSMY&hash=item1dbb825d3d:g:xU8AAeSwKBBpm8tJ&itmprp=enc%3AAQALAAAA8GfYFPkwiKCW4ZNSs2u11xBZOTaS4Pejjuhbzk5wylaha%2BEKB29y4G2Hhpjp0zwJpK%2BiGufjHr9Y8hnQt7nbiQy8dzwmfc9GInbsvu97WkWA91bUaWFIuiulgwJisqbbg5bnSR9yimOv%2Fob4QrpRdWV0Lb%2BGAoIKhRbk2kSPK1NM3fAO%2FdfIUnH937i1rCp91%2BC7jRX3lXliUZY4%2F9qZtC0AtoqmW%2FRAo%2BDMChhXAN3DDBrRP2XF9B7QFLd7wPbt4PL20LKTwqBLoSLFi4LadihXD4QPE038cZQFmp5H1vIb6VaP2MNNS5Phrok%2B80pumw%3D%3D%7Ctkp%3ABk9SR-rA1sOqZw,47,1,1991 Stadium Club Baseball mark mcgwire #399,13
2022 Topps Stadium Club MARK MCGWIRE Red Foil ATHLETICS #272,$1.00,$0.74,"Sold Mar 15, 2026",liftbridgecards,New,https://www.ebay.com/itm/146873368513?_skw=1991+Stadium+Club+Baseball+mark+mcgwire+%23399&epid=5058265614&itmmeta=01KNA3NM13DCXRRGM376GR9SB4&hash=item223255bfc1:g:Gw4AAeSwb25o4Ve7&itmprp=enc%3AAQALAAAA8GfYFPkwiKCW4ZNSs2u11xD8lKaafo7sz4twM4RgE9yutybryovMnt5Pfehz3MG24ugHj8rt22Nl4vOYrJXH%2BVVuZ2fgcXfbhS1LoB9lKZXgIOTmtnjWoFxunY%2F2OGMUmF8eTQDJW6YyMqQugK5g%2FyY3eLWB8q9R3ATX542iJ9r4mSOfgbtAqsxmZx612nCE0JaSfrBl9M%2FqruVRczKJmmDH1uQPrztS%2BL3V%2BaK0uHiVfpcUcLXsNqZWDyLEw8klX92KzO2MEup2gUbgyiEtVaReezq%2BN6YXwnD0YxghLE099KfFpxRQCJ4HYVs2UuThVg%3D%3D%7Ctkp%3ABk9SR-rA1sOqZw,https://i.ebayimg.com/images/g/Gw4AAeSwb25o4Ve7/s-l500.webp,N,,,N,Y,1.0,0.74,1.74,2026-03-15,bin,True,False,,,272,146873368513,https://www.ebay.com/sch/i.html?_nkw=1991+Stadium+Club+Baseball+mark+mcgwire+%23399&LH_Sold=1&LH_Complete=1&_sop=13,https://www.ebay.com/itm/146873368513?_skw=1991+Stadium+Club+Baseball+mark+mcgwire+%23399&epid=5058265614&itmmeta=01KNA3NM13DCXRRGM376GR9SB4&hash=item223255bfc1:g:Gw4AAeSwb25o4Ve7&itmprp=enc%3AAQALAAAA8GfYFPkwiKCW4ZNSs2u11xD8lKaafo7sz4twM4RgE9yutybryovMnt5Pfehz3MG24ugHj8rt22Nl4vOYrJXH%2BVVuZ2fgcXfbhS1LoB9lKZXgIOTmtnjWoFxunY%2F2OGMUmF8eTQDJW6YyMqQugK5g%2FyY3eLWB8q9R3ATX542iJ9r4mSOfgbtAqsxmZx612nCE0JaSfrBl9M%2FqruVRczKJmmDH1uQPrztS%2BL3V%2BaK0uHiVfpcUcLXsNqZWDyLEw8klX92KzO2MEup2gUbgyiEtVaReezq%2BN6YXwnD0YxghLE099KfFpxRQCJ4HYVs2UuThVg%3D%3D%7Ctkp%3ABk9SR-rA1sOqZw,48,1,1991 Stadium Club Baseball mark mcgwire #399,13
1993 Stadium Club #595 Mark McGwire MC Oakland Athletics,$0.99,$1.00,"Sold Mar 1, 2026",mavmil,New,https://www.ebay.com/itm/146813548864?_skw=1991+Stadium+Club+Baseball+mark+mcgwire+%23399&itmmeta=01KNA3NM14A93XZEBY2FHSHAYY&hash=item222ec4f940:g:-oUAAeSwSCloukwS&itmprp=enc%3AAQALAAABEGfYFPkwiKCW4ZNSs2u11xCIz2XYqeOpkPdXtaqzyOilLK23xCHpqMQ7oV0bEDllV%2B435lEStvLF%2Bfrwu8j6z8ONbrsWPr%2FICgU5zvCNLOgY%2F2dcKRvOmXWLkwZtoGClCoxSrX%2FVOF7H5h4%2FGzLt%2BUZv8ymQg3v7GiPy4r72me%2Fau16O3W64h1PNRaIfQGI%2FnOucwPTfRcSz6JsDrENhm5gH9wkEgkev4U5lKPtFypRFAKx26Dkt2IW%2BEEkquSoFWm6E3etw%2FUgjWU4%2FfR2zlcb4Ndu%2B80As6pa%2BpwQYvClbsF9gh4nbYxWG6HiUqfmHEoIlUFEAAnbBDEK1xSK150%2Bh%2B9zirVf22ClvAyMMiwFD%7Ctkp%3ABk9SR-rA1sOqZw,https://i.ebayimg.com/images/g/-oUAAeSwSCloukwS/s-l500.webp,N,,,N,N,0.99,1.0,1.99,2026-03-01,bin,False,False,,,595,146813548864,https://www.ebay.com/sch/i.html?_nkw=1991+Stadium+Club+Baseball+mark+mcgwire+%23399&LH_Sold=1&LH_Complete=1&_sop=13,https://www.ebay.com/itm/146813548864?_skw=1991+Stadium+Club+Baseball+mark+mcgwire+%23399&itmmeta=01KNA3NM14A93XZEBY2FHSHAYY&hash=item222ec4f940:g:-oUAAeSwSCloukwS&itmprp=enc%3AAQALAAABEGfYFPkwiKCW4ZNSs2u11xCIz2XYqeOpkPdXtaqzyOilLK23xCHpqMQ7oV0bEDllV%2B435lEStvLF%2Bfrwu8j6z8ONbrsWPr%2FICgU5zvCNLOgY%2F2dcKRvOmXWLkwZtoGClCoxSrX%2FVOF7H5h4%2FGzLt%2BUZv8ymQg3v7GiPy4r72me%2Fau16O3W64h1PNRaIfQGI%2FnOucwPTfRcSz6JsDrENhm5gH9wkEgkev4U5lKPtFypRFAKx26Dkt2IW%2BEEkquSoFWm6E3etw%2FUgjWU4%2FfR2zlcb4Ndu%2B80As6pa%2BpwQYvClbsF9gh4nbYxWG6HiUqfmHEoIlUFEAAnbBDEK1xSK150%2Bh%2B9zirVf22ClvAyMMiwFD%7Ctkp%3ABk9SR-rA1sOqZw,49,1,1991 Stadium Club Baseball mark mcgwire #399,13
1994 Topps Stadium Club #358 Mark McGwire Oakland Athletics D2,$0.99,$0.00,"Sold Jan 7, 2026",tford107175ktg,New,https://www.ebay.com/itm/406494464782?_skw=1991+Stadium+Club+Baseball+mark+mcgwire+%23399&epid=25055930221&itmmeta=01KNA3NM14B9AWZ4GJXAX42ZTP&hash=item5ea4f54b0e:g:ZwwAAeSwAyxpREUn&itmprp=enc%3AAQALAAABEGfYFPkwiKCW4ZNSs2u11xCjnM%2BaNGxNDyK6gpOQ8OmQCSh6iMD1DbgI2FzuCOR7zt%2BzdJPfBLG6mMP%2Bx4L6Lw%2B569joJ04g3EossRBGUBOgR17a4tZltsH5%2BgJHMDtssN51JWCCY%2BmrAVXeIkXw0aMlPFnp9r5oJ%2FF%2BoRO4GPhRG1BtPxyimZSgMJ0YZ9xzbc3JWsXu7n%2BzWsPWBMy9yD4zctyr4SfsczUnK%2BduyXQhk1Hut2C68rU%2Bv1kV3dmTwuspP7CjDNLfUpTdQtOiVzeJu71Uvu5pmLNTLEszKIJ1bl%2BmVvpjIBOsdAtvYf6A%2BiUd3iQtHOdsLVRsssxOdOQo%2BUc8%2BtQagUbiJ6YD1BMF%7Ctkp%3ABk9SR-rA1sOqZw,https://i.ebayimg.com/images/g/ZwwAAeSwAyxpREUn/s-l500.webp,N,,,N,Y,0.99,0.0,0.99,2026-01-07,bin,True,False,,,358,406494464782,https://www.ebay.com/sch/i.html?_nkw=1991+Stadium+Club+Baseball+mark+mcgwire+%23399&LH_Sold=1&LH_Complete=1&_sop=13,https://www.ebay.com/itm/406494464782?_skw=1991+Stadium+Club+Baseball+mark+mcgwire+%23399&epid=25055930221&itmmeta=01KNA3NM14B9AWZ4GJXAX42ZTP&hash=item5ea4f54b0e:g:ZwwAAeSwAyxpREUn&itmprp=enc%3AAQALAAABEGfYFPkwiKCW4ZNSs2u11xCjnM%2BaNGxNDyK6gpOQ8OmQCSh6iMD1DbgI2FzuCOR7zt%2BzdJPfBLG6mMP%2Bx4L6Lw%2B569joJ04g3EossRBGUBOgR17a4tZltsH5%2BgJHMDtssN51JWCCY%2BmrAVXeIkXw0aMlPFnp9r5oJ%2FF%2BoRO4GPhRG1BtPxyimZSgMJ0YZ9xzbc3JWsXu7n%2BzWsPWBMy9yD4zctyr4SfsczUnK%2BduyXQhk1Hut2C68rU%2Bv1kV3dmTwuspP7CjDNLfUpTdQtOiVzeJu71Uvu5pmLNTLEszKIJ1bl%2BmVvpjIBOsdAtvYf6A%2BiUd3iQtHOdsLVRsssxOdOQo%2BUc8%2BtQagUbiJ6YD1BMF%7Ctkp%3ABk9SR-rA1sOqZw,50,1,1991 Stadium Club Baseball mark mcgwire #399,13
1993 STADIUM CLUB PACIFICMTERR. MEMBERS ONLY MARK MCGWIRE NM/MT INV 387,$0.99,$1.25,"Sold Mar 21, 2026",b_bsportscards,New,https://www.ebay.com/itm/236686130152?_skw=1991+Stadium+Club+Baseball+mark+mcgwire+%23399&itmmeta=01KNA3NM14JNGRR5B6RZMMX2XG&hash=item371b97bbe8:g:sT4AAeSwwXdptHEe&itmprp=enc%3AAQALAAAA8GfYFPkwiKCW4ZNSs2u11xAUZ%2Bk2%2BLhJiqnez5MJmhRAy9mrtkowEYMUf9%2Bd8dcL5vhkqRH8P9dTQzpj%2F6M8AFpj%2FaUCxzDrNGBY8I1x65ic2y2H1Nj3hP2auFJhgnm%2BtJeDiK%2FPe2tsu1TVOkyxosM7BO3MBWIZQ7a1Pu8UZsQppaE62DeyQ7gmCtWSh6yYXf9OEz0cLF%2FxudgJp4g8Uuyv%2BixF%2Ff9IlbgESAlGDO9pAzKybs5YQzBR5FDb%2Fl1Yrg6wa05exx%2FCmur%2F7TnMTynD0YcSk7jeGXunMGh4x9N7uDxWP4WMNEztm0by2pFhfw%3D%3D%7Ctkp%3ABk9SR-rA1sOqZw,https://i.ebayimg.com/images/g/sT4AAeSwwXdptHEe/s-l500.webp,N,,,N,N,0.99,1.25,2.24,2026-03-21,bin,False,False,,,387,236686130152,https://www.ebay.com/sch/i.html?_nkw=1991+Stadium+Club+Baseball+mark+mcgwire+%23399&LH_Sold=1&LH_Complete=1&_sop=13,https://www.ebay.com/itm/236686130152?_skw=1991+Stadium+Club+Baseball+mark+mcgwire+%23399&itmmeta=01KNA3NM14JNGRR5B6RZMMX2XG&hash=item371b97bbe8:g:sT4AAeSwwXdptHEe&itmprp=enc%3AAQALAAAA8GfYFPkwiKCW4ZNSs2u11xAUZ%2Bk2%2BLhJiqnez5MJmhRAy9mrtkowEYMUf9%2Bd8dcL5vhkqRH8P9dTQzpj%2F6M8AFpj%2FaUCxzDrNGBY8I1x65ic2y2H1Nj3hP2auFJhgnm%2BtJeDiK%2FPe2tsu1TVOkyxosM7BO3MBWIZQ7a1Pu8UZsQppaE62DeyQ7gmCtWSh6yYXf9OEz0cLF%2FxudgJp4g8Uuyv%2BixF%2Ff9IlbgESAlGDO9pAzKybs5YQzBR5FDb%2Fl1Yrg6wa05exx%2FCmur%2F7TnMTynD0YcSk7jeGXunMGh4x9N7uDxWP4WMNEztm0by2pFhfw%3D%3D%7Ctkp%3ABk9SR-rA1sOqZw,51,1,1991 Stadium Club Baseball mark mcgwire #399,13
2025 Stadium Club Mark McGwire Sepia Parallel,$4.99,$1.32,"Sold Feb 18, 2026",sba220,New,https://www.ebay.com/itm/327006970718?_skw=1991+Stadium+Club+Baseball+mark+mcgwire+%23399&itmmeta=01KNA3NM14JWASSEB1H2W745ZV&hash=item4c2322635e:g:k5EAAeSwtNpplWbi&itmprp=enc%3AAQALAAAA8GfYFPkwiKCW4ZNSs2u11xByUKZuymGqB2FsIjw%2FCbXDvYia50xsT2xG0YhI9P05v4sJD3D6WPlHu%2FYpm0GIq1xxCKk7FNX8Iq7qSe3xvdQHSitiEzQtOQ9BhinnUwBLbKJ1WugU10K2912BeOmeUDJ%2B9vOeYRJY7p54gYiLIGs%2FDtvTQ2tyRPBpaW12ea2osPbagugiBusvjQh52A22FYGaIRPL3iN35lEepdG1gaW27Q0gc9p7kiu0Bc4zvAJbQ1IPOBiZWfTRTpL5UMazIQuVw%2BZm3RD4v2gdfF7qtE1y5EUADAvz4Vr4H1C3Vphqbg%3D%3D%7Ctkp%3ABk9SR-zA1sOqZw,https://i.ebayimg.com/images/g/k5EAAeSwtNpplWbi/s-l500.webp,N,,,N,N,4.99,1.32,6.31,2026-02-18,bin,False,False,,,,327006970718,https://www.ebay.com/sch/i.html?_nkw=1991+Stadium+Club+Baseball+mark+mcgwire+%23399&LH_Sold=1&LH_Complete=1&_sop=13,https://www.ebay.com/itm/327006970718?_skw=1991+Stadium+Club+Baseball+mark+mcgwire+%23399&itmmeta=01KNA3NM14JWASSEB1H2W745ZV&hash=item4c2322635e:g:k5EAAeSwtNpplWbi&itmprp=enc%3AAQALAAAA8GfYFPkwiKCW4ZNSs2u11xByUKZuymGqB2FsIjw%2FCbXDvYia50xsT2xG0YhI9P05v4sJD3D6WPlHu%2FYpm0GIq1xxCKk7FNX8Iq7qSe3xvdQHSitiEzQtOQ9BhinnUwBLbKJ1WugU10K2912BeOmeUDJ%2B9vOeYRJY7p54gYiLIGs%2FDtvTQ2tyRPBpaW12ea2osPbagugiBusvjQh52A22FYGaIRPL3iN35lEepdG1gaW27Q0gc9p7kiu0Bc4zvAJbQ1IPOBiZWfTRTpL5UMazIQuVw%2BZm3RD4v2gdfF7qtE1y5EUADAvz4Vr4H1C3Vphqbg%3D%3D%7Ctkp%3ABk9SR-zA1sOqZw,52,1,1991 Stadium Club Baseball mark mcgwire #399,13
1997 STADIUM CLUB #5 MARK MCGWIRE PSA 9,$34.99,$5.99,"Sold Mar 30, 2026",psa,New,https://www.ebay.com/itm/306710985453?_skw=1991+Stadium+Club+Baseball+mark+mcgwire+%23399&epid=9055939706&itmmeta=01KNA3NM14WM11YZ5ZVERP70WC&hash=item4769663aed:g:PbQAAeSwSRxpZ~Uy&itmprp=enc%3AAQALAAAA8GfYFPkwiKCW4ZNSs2u11xA4K2vhDWKou4u9KraCWNmJdrCju%2Fr2inej8fJ7aUVXpaUKMSok%2BcQlx7i8vq3B1cxMiFPwzCldITntwF9wpv5kW2Cyzy%2FSsSJMPbTGA02ciYTxCvx31FvnL5d%2F6ohyNx4sA5zUmLMx6Qtm44n%2B3b9mcL09cPtsjbr9KM99iJe36BiSuSSKQlX5FueHGhhnrbqME7uemEtbI3qRek5xBvqXp8pbqKE9K%2B7sqXfXWQCmCNrEmOSqUl3MkYcvOqF6hherrZGF3firw4ulihPcxanMBL6YGmWCMIYdhGaDLL037w%3D%3D%7Ctkp%3ABk9SR-zA1sOqZw,https://i.ebayimg.com/images/g/PbQAAeSwSRxpZ~Uy/s-l500.webp,Y,PSA,9,N,N,34.99,5.99,40.98,2026-03-30,bin,False,True,PSA,9.0,,306710985453,https://www.ebay.com/sch/i.html?_nkw=1991+Stadium+Club+Baseball+mark+mcgwire+%23399&LH_Sold=1&LH_Complete=1&_sop=13,https://www.ebay.com/itm/306710985453?_skw=1991+Stadium+Club+Baseball+mark+mcgwire+%23399&epid=9055939706&itmmeta=01KNA3NM14WM11YZ5ZVERP70WC&hash=item4769663aed:g:PbQAAeSwSRxpZ~Uy&itmprp=enc%3AAQALAAAA8GfYFPkwiKCW4ZNSs2u11xA4K2vhDWKou4u9KraCWNmJdrCju%2Fr2inej8fJ7aUVXpaUKMSok%2BcQlx7i8vq3B1cxMiFPwzCldITntwF9wpv5kW2Cyzy%2FSsSJMPbTGA02ciYTxCvx31FvnL5d%2F6ohyNx4sA5zUmLMx6Qtm44n%2B3b9mcL09cPtsjbr9KM99iJe36BiSuSSKQlX5FueHGhhnrbqME7uemEtbI3qRek5xBvqXp8pbqKE9K%2B7sqXfXWQCmCNrEmOSqUl3MkYcvOqF6hherrZGF3firw4ulihPcxanMBL6YGmWCMIYdhGaDLL037w%3D%3D%7Ctkp%3ABk9SR-zA1sOqZw,53,1,1991 Stadium Club Baseball mark mcgwire #399,13
1993 Topps Stadium Club Mark McGwire #595 Baseball Card Oakland Athletics A’s,$1.99,$0.00,"Sold Feb 20, 2026",oldskoolcollectables,New,https://www.ebay.com/itm/266346071513?_skw=1991+Stadium+Club+Baseball+mark+mcgwire+%23399&itmmeta=01KNA3NM148VYFW7E3WEJ6M3XM&hash=item3e037685d9:g:9KwAAOSwKfVkvoFc&itmprp=enc%3AAQALAAAA8GfYFPkwiKCW4ZNSs2u11xALrhYG%2BTghorNxnHb9Zb8MWma3XMoqU7UqDndSvUJc3v%2BIpB88DZowcdS%2BbQ4ukTdfvgmJKNBHLXD0BOpm3rMW5uaip78eSjKfn02EZiBUHjpte2D6TQpf3X7xvmpQcaK2w%2FOQtbVb5QFikX2%2Bh07vTph4ibHRUmC2W%2FVWf%2FPaLWUPCdqKQ3r1kZavShS2TMs97JokvYjg6qERC%2BzCW3oY7ZJ3vorwXjP7jhjVbeTcGT63MVaMZl5dJNrSkpX4HV0LJTcF8ibtJ14%2BHgeZoVufXQWBo4VuLT4pPCx%2FCQyGEw%3D%3D%7Ctkp%3ABk9SR-zA1sOqZw,https://i.ebayimg.com/images/g/9KwAAOSwKfVkvoFc/s-l500.webp,N,,,N,N,1.99,0.0,1.99,2026-02-20,bin,False,False,,,595,266346071513,https://www.ebay.com/sch/i.html?_nkw=1991+Stadium+Club+Baseball+mark+mcgwire+%23399&LH_Sold=1&LH_Complete=1&_sop=13,https://www.ebay.com/itm/266346071513?_skw=1991+Stadium+Club+Baseball+mark+mcgwire+%23399&itmmeta=01KNA3NM148VYFW7E3WEJ6M3XM&hash=item3e037685d9:g:9KwAAOSwKfVkvoFc&itmprp=enc%3AAQALAAAA8GfYFPkwiKCW4ZNSs2u11xALrhYG%2BTghorNxnHb9Zb8MWma3XMoqU7UqDndSvUJc3v%2BIpB88DZowcdS%2BbQ4ukTdfvgmJKNBHLXD0BOpm3rMW5uaip78eSjKfn02EZiBUHjpte2D6TQpf3X7xvmpQcaK2w%2FOQtbVb5QFikX2%2Bh07vTph4ibHRUmC2W%2FVWf%2FPaLWUPCdqKQ3r1kZavShS2TMs97JokvYjg6qERC%2BzCW3oY7ZJ3vorwXjP7jhjVbeTcGT63MVaMZl5dJNrSkpX4HV0LJTcF8ibtJ14%2BHgeZoVufXQWBo4VuLT4pPCx%2FCQyGEw%3D%3D%7Ctkp%3ABk9SR-zA1sOqZw,54,1,1991 Stadium Club Baseball mark mcgwire #399,13
2025 Topps Stadium Club Mark Mcgwire Members Only SSP Cardinals,$50.00,$0.00,"Sold Mar 3, 2026",,New,https://www.ebay.com/itm/188114494524?_skw=1991+Stadium+Club+Baseball+mark+mcgwire+%23399&itmmeta=01KNA3NM14DBCZGH332M4QBE84&hash=item2bcc7f643c:g:9sIAAeSwdbZppivB&itmprp=enc%3AAQALAAABEGfYFPkwiKCW4ZNSs2u11xDblDqFqgkjBFRSbymPlR%2F3jPELpNun38NRBvE9C2XYS1o83VuJHPF4lSee8HpWob46%2FpZTo%2FSbWd%2FU6UpWRvCgNlY4KAblAMjg%2FaGgqGEJYQccsuoNzji3Nea6ZrOC%2BwAJRVaklufuZ7WljBUa%2B1S4xJ7DZtojUsMX39WVzNdwN7ZqNxZDhLDkOvUbqyENfbmIamIVkY%2BAZPw7ftgR4wQlCx94kYRk%2FmX%2BUoGGAj0%2FzpmkL6LBnJudZMmN7nNmAC88JVaQmHkc%2BYC27fGDLbz3ZfFWSgrkgd5C2dXZixQVW0Mb0GMvDfcBIFDhDdjvM7Wj3fTjUfrbuHPLAsByWEB4%7Ctkp%3ABk9SR-zA1sOqZw,https://i.ebayimg.com/images/g/9sIAAeSwdbZppivB/s-l500.webp,N,,,N,N,50.0,0.0,50.0,2026-03-03,bin,False,False,,,,188114494524,https://www.ebay.com/sch/i.html?_nkw=1991+Stadium+Club+Baseball+mark+mcgwire+%23399&LH_Sold=1&LH_Complete=1&_sop=13,https://www.ebay.com/itm/188114494524?_skw=1991+Stadium+Club+Baseball+mark+mcgwire+%23399&itmmeta=01KNA3NM14DBCZGH332M4QBE84&hash=item2bcc7f643c:g:9sIAAeSwdbZppivB&itmprp=enc%3AAQALAAABEGfYFPkwiKCW4ZNSs2u11xDblDqFqgkjBFRSbymPlR%2F3jPELpNun38NRBvE9C2XYS1o83VuJHPF4lSee8HpWob46%2FpZTo%2FSbWd%2FU6UpWRvCgNlY4KAblAMjg%2FaGgqGEJYQccsuoNzji3Nea6ZrOC%2BwAJRVaklufuZ7WljBUa%2B1S4xJ7DZtojUsMX39WVzNdwN7ZqNxZDhLDkOvUbqyENfbmIamIVkY%2BAZPw7ftgR4wQlCx94kYRk%2FmX%2BUoGGAj0%2FzpmkL6LBnJudZMmN7nNmAC88JVaQmHkc%2BYC27fGDLbz3ZfFWSgrkgd5C2dXZixQVW0Mb0GMvDfcBIFDhDdjvM7Wj3fTjUfrbuHPLAsByWEB4%7Ctkp%3ABk9SR-zA1sOqZw,55,1,1991 Stadium Club Baseball mark mcgwire #399,13
2025 Topps STADIUM CLUB Base Singles Baseball U-PICK! Complete Your Set! 🔥💎🔥,$0.99,$0.00,"Sold Apr 1, 2026",bcsportscardshop,New,https://www.ebay.com/itm/397528010288?_skw=1991+Stadium+Club+Baseball+mark+mcgwire+%23399&itmmeta=01KNA3NM14R6PPCEWP0RGCV4Z8&hash=item5c8e840e30:g:7bIAAeSw6lxpu1tb&itmprp=enc%3AAQALAAAA8GfYFPkwiKCW4ZNSs2u11xBKmeuUsOPf6Jh9UgkgjTmnl5BQpE2mIglR7pNQqbc9ulyr%2BCH1wB%2BmiN7IYnq5QwKq8awwxxSwGE3UMuZaF6gmQSGajXEX6ZmGcAIxg8nrpBoaRSHUeEyciYdzmOPprJ21GIURuWtCF7mj00RSm6ND7GZ0b0lpiJuSit1Uw1JmgM2qr6p5p6AAEn3KyaPV%2BLhNo5Sc3I0S%2BTlX9NsU6apEnDjB7qHjhH5kNAvnlhZ1mAZo5Rybx4c29IOlTeyj1EQIhbGfS%2FwDkmD36C9rWR2RkTD5nunGO5zNdqBncSI10g%3D%3D%7Ctkp%3ABk9SR-zA1sOqZw,https://i.ebayimg.com/images/g/7bIAAeSw6lxpu1tb/s-l500.webp,N,,,N,N,0.99,0.0,0.99,2026-04-01,bin,False,False,,,,397528010288,https://www.ebay.com/sch/i.html?_nkw=1991+Stadium+Club+Baseball+mark+mcgwire+%23399&LH_Sold=1&LH_Complete=1&_sop=13,https://www.ebay.com/itm/397528010288?_skw=1991+Stadium+Club+Baseball+mark+mcgwire+%23399&itmmeta=01KNA3NM14R6PPCEWP0RGCV4Z8&hash=item5c8e840e30:g:7bIAAeSw6lxpu1tb&itmprp=enc%3AAQALAAAA8GfYFPkwiKCW4ZNSs2u11xBKmeuUsOPf6Jh9UgkgjTmnl5BQpE2mIglR7pNQqbc9ulyr%2BCH1wB%2BmiN7IYnq5QwKq8awwxxSwGE3UMuZaF6gmQSGajXEX6ZmGcAIxg8nrpBoaRSHUeEyciYdzmOPprJ21GIURuWtCF7mj00RSm6ND7GZ0b0lpiJuSit1Uw1JmgM2qr6p5p6AAEn3KyaPV%2BLhNo5Sc3I0S%2BTlX9NsU6apEnDjB7qHjhH5kNAvnlhZ1mAZo5Rybx4c29IOlTeyj1EQIhbGfS%2FwDkmD36C9rWR2RkTD5nunGO5zNdqBncSI10g%3D%3D%7Ctkp%3ABk9SR-zA1sOqZw,56,1,1991 Stadium Club Baseball mark mcgwire #399,13
MARK MCGWIRE 2020 Topps Stadium Club #96 Oakland Athletics Baseball Card,$1.82,$0.00,"Sold Jan 10, 2026",thatseventiescardstore,New,https://www.ebay.com/itm/395110945299?_skw=1991+Stadium+Club+Baseball+mark+mcgwire+%23399&itmmeta=01KNA3NM14MMQ5ZN4M4S930RP8&hash=item5bfe729213:g:BhcAAOSwwppllpGh&itmprp=enc%3AAQALAAAA8GfYFPkwiKCW4ZNSs2u11xA4cW5BEMx9f6cudTwoNyrmB2oLJu2jsU0%2BIseDi5gesBRUmDQ53RHH7ktuQXF9nSAuVg0G%2F%2B7OOQURTg2%2B0h5IOCnW885WOfTYl0vRFi5LHOk8h32pR%2Fm13wuf9pEVAB18zv1FAcdwDEuOJ8AJaSYdNJ87XpBJTOOSaFv%2B%2BzrwaQ2ff4Azx%2FmgFdXCNq83Q2bg89UHudNfYe7koJWQjwsBH6mNuKjRUhifFLlowW1%2FEA9l1Hf%2B48KHiUAlxFgfR8Fb10GHLjwhkU%2FE%2FxQdqoeXMMhiFna4rJOiXCIR0sLAlA%3D%3D%7Ctkp%3ABk9SR-zA1sOqZw,https://i.ebayimg.com/images/g/BhcAAOSwwppllpGh/s-l500.webp,N,,,N,N,1.82,0.0,1.82,2026-01-10,bin,False,False,,,96,395110945299,https://www.ebay.com/sch/i.html?_nkw=1991+Stadium+Club+Baseball+mark+mcgwire+%23399&LH_Sold=1&LH_Complete=1&_sop=13,https://www.ebay.com/itm/395110945299?_skw=1991+Stadium+Club+Baseball+mark+mcgwire+%23399&itmmeta=01KNA3NM14MMQ5ZN4M4S930RP8&hash=item5bfe729213:g:BhcAAOSwwppllpGh&itmprp=enc%3AAQALAAAA8GfYFPkwiKCW4ZNSs2u11xA4cW5BEMx9f6cudTwoNyrmB2oLJu2jsU0%2BIseDi5gesBRUmDQ53RHH7ktuQXF9nSAuVg0G%2F%2B7OOQURTg2%2B0h5IOCnW885WOfTYl0vRFi5LHOk8h32pR%2Fm13wuf9pEVAB18zv1FAcdwDEuOJ8AJaSYdNJ87XpBJTOOSaFv%2B%2BzrwaQ2ff4Azx%2FmgFdXCNq83Q2bg89UHudNfYe7koJWQjwsBH6mNuKjRUhifFLlowW1%2FEA9l1Hf%2B48KHiUAlxFgfR8Fb10GHLjwhkU%2FE%2FxQdqoeXMMhiFna4rJOiXCIR0sLAlA%3D%3D%7Ctkp%3ABk9SR-zA1sOqZw,57,1,1991 Stadium Club Baseball mark mcgwire #399,13
2025 Topps Stadium Club - Mark McGwire #SCCA-MMC Chrome Autograph,$149.99,$7.02,"Sold Mar 28, 2026",tireddadcards,New,https://www.ebay.com/itm/318003986127?_skw=1991+Stadium+Club+Baseball+mark+mcgwire+%23399&epid=18091285557&itmmeta=01KNA3NM142YPJYR9713WP894P&hash=item4a0a83becf:g:J3sAAeSwE51ptZSM&itmprp=enc%3AAQALAAAA8GfYFPkwiKCW4ZNSs2u11xBzZXOFaguBFEM3P%2Bdk5FY4VO7E71oEPeqwiVdWT31Iz8UDvwbvjeNvfAOVEVryRdmCIfJ%2Bxbsw0OelQ3YTvBVj1T8AqSU3azlozTijsUIJQHh5sjZGIrbZnYaLSJnzBWQz4tSgpbltPnBA2mVgaEDyjUhaakStDqmWXJntU6tAi%2F08zSWbpAsQCHZ--GOa74C4yT5FcidboCDfvKa3QFEgFRkFEtrpCjmTWDEV62nlVC2zxQUYIHk8xgVgEoCCsBffbLNC3lpNt46iyYpvEjGiWzr4T6BiZFrzYOUhmHH4Ng%3D%3D%7Ctkp%3ABk9SR-zA1sOqZw,https://i.ebayimg.com/images/g/J3sAAeSwE51ptZSM/s-l500.webp,N,,,N,N,149.99,7.02,157.01,2026-03-28,bin,False,False,,,,318003986127,https://www.ebay.com/sch/i.html?_nkw=1991+Stadium+Club+Baseball+mark+mcgwire+%23399&LH_Sold=1&LH_Complete=1&_sop=13,https://www.ebay.com/itm/318003986127?_skw=1991+Stadium+Club+Baseball+mark+mcgwire+%23399&epid=18091285557&itmmeta=01KNA3NM142YPJYR9713WP894P&hash=item4a0a83becf:g:J3sAAeSwE51ptZSM&itmprp=enc%3AAQALAAAA8GfYFPkwiKCW4ZNSs2u11xBzZXOFaguBFEM3P%2Bdk5FY4VO7E71oEPeqwiVdWT31Iz8UDvwbvjeNvfAOVEVryRdmCIfJ%2Bxbsw0OelQ3YTvBVj1T8AqSU3azlozTijsUIJQHh5sjZGIrbZnYaLSJnzBWQz4tSgpbltPnBA2mVgaEDyjUhaakStDqmWXJntU6tAi%2F08zSWbpAsQCHZ--GOa74C4yT5FcidboCDfvKa3QFEgFRkFEtrpCjmTWDEV62nlVC2zxQUYIHk8xgVgEoCCsBffbLNC3lpNt46iyYpvEjGiWzr4T6BiZFrzYOUhmHH4Ng%3D%3D%7Ctkp%3ABk9SR-zA1sOqZw,58,1,1991 Stadium Club Baseball mark mcgwire #399,13
2025 Topps Stadium Club - You Choose! 2 CARD MINIMUM!,$0.99,$0.00,"Sold Apr 2, 2026",foodaddy6,New,https://www.ebay.com/itm/277783437920?_skw=1991+Stadium+Club+Baseball+mark+mcgwire+%23399&epid=4091281855&itmmeta=01KNA3NM14SFX60Z7ETSJXTVM2&hash=item40ad2ee260:g:UhMAAeSwNYFprLcX&itmprp=enc%3AAQALAAAA8GfYFPkwiKCW4ZNSs2u11xDbJ4gVP%2FLu5KWuFlhHXMyx5%2F5LKmvoAz41KILaWgTze%2FfZYSBckJto%2Bmy3FnqkgmG0CEzIXpg1rHa6nWkB4dU%2BY1EFI8UwyuGHfB6208mRjasb%2F0Vq7hUJbN50n3BllqURBmzYBbdmyche1zJnuqZgOri36%2FKkIT2LAxPj2X2Tl5QFnuLaJIJO4fMKm8cXa3RlP24ITbJKN8xKEgL31eoLjnPkTiQ1lnh9AXBJdTPlk0vrZWR%2BcOOnUwU%2BsdKjWQ8agKmf1m%2BvlGCDkKQHexa2wHC1sPweTXdxTRrJgNojaw%3D%3D%7Ctkp%3ABk9SR-zA1sOqZw,https://i.ebayimg.com/images/g/UhMAAeSwNYFprLcX/s-l500.webp,N,,,N,N,0.99,0.0,0.99,2026-04-02,bin,False,False,,2.0,,277783437920,https://www.ebay.com/sch/i.html?_nkw=1991+Stadium+Club+Baseball+mark+mcgwire+%23399&LH_Sold=1&LH_Complete=1&_sop=13,https://www.ebay.com/itm/277783437920?_skw=1991+Stadium+Club+Baseball+mark+mcgwire+%23399&epid=4091281855&itmmeta=01KNA3NM14SFX60Z7ETSJXTVM2&hash=item40ad2ee260:g:UhMAAeSwNYFprLcX&itmprp=enc%3AAQALAAAA8GfYFPkwiKCW4ZNSs2u11xDbJ4gVP%2FLu5KWuFlhHXMyx5%2F5LKmvoAz41KILaWgTze%2FfZYSBckJto%2Bmy3FnqkgmG0CEzIXpg1rHa6nWkB4dU%2BY1EFI8UwyuGHfB6208mRjasb%2F0Vq7hUJbN50n3BllqURBmzYBbdmyche1zJnuqZgOri36%2FKkIT2LAxPj2X2Tl5QFnuLaJIJO4fMKm8cXa3RlP24ITbJKN8xKEgL31eoLjnPkTiQ1lnh9AXBJdTPlk0vrZWR%2BcOOnUwU%2BsdKjWQ8agKmf1m%2BvlGCDkKQHexa2wHC1sPweTXdxTRrJgNojaw%3D%3D%7Ctkp%3ABk9SR-zA1sOqZw,59,1,1991 Stadium Club Baseball mark mcgwire #399,13
Mark McGwire 2025 Stadium Club #15 Green 100/199,$9.99,$1.35,"Sold Mar 16, 2026",antoniomartinez2002,New,https://www.ebay.com/itm/298099761423?_skw=1991+Stadium+Club+Baseball+mark+mcgwire+%23399&itmmeta=01KNA3NM14M1HY1Q91PGH3NYJK&hash=item456821610f:g:D3YAAeSwjLdprNIw&itmprp=enc%3AAQALAAABEGfYFPkwiKCW4ZNSs2u11xBRiQPccg5UjV3%2FIxKG6FxtQrWmX3t0mAK%2B%2FVp1N9i0rAOInENZ7AM%2FKrhWsLw8C02bbMAEL%2FUV%2FJ2GQi7tg0X2veag1h00BeomAmnGqu658hbL4VHayMxUElXmlWc%2FoSdvPI9LB0X%2F9BLPlcQgo12jCmyo0DgNYL4%2FBNCLXitOHBOuEuPiT4da8A6AsoFreqnFpf6AWmInG5bIlKlR0jUVbVLIUjvJOjmArtmuOc7DY4VA7QzYwK27INd%2BKkbfgD7UOZ20zsHcu56ePjQRVAi6s5YyhinRjS4Kx8IP%2FY5rdilzHTmx8QePChBa0seFfHO5qBJDVt3ZTBW1pJhbHWWh%7Ctkp%3ABk9SR-zA1sOqZw,https://i.ebayimg.com/images/g/D3YAAeSwjLdprNIw/s-l500.webp,N,,,N,Y,9.99,1.35,11.34,2026-03-16,bin,True,True,,,15,298099761423,https://www.ebay.com/sch/i.html?_nkw=1991+Stadium+Club+Baseball+mark+mcgwire+%23399&LH_Sold=1&LH_Complete=1&_sop=13,https://www.ebay.com/itm/298099761423?_skw=1991+Stadium+Club+Baseball+mark+mcgwire+%23399&itmmeta=01KNA3NM14M1HY1Q91PGH3NYJK&hash=item456821610f:g:D3YAAeSwjLdprNIw&itmprp=enc%3AAQALAAABEGfYFPkwiKCW4ZNSs2u11xBRiQPccg5UjV3%2FIxKG6FxtQrWmX3t0mAK%2B%2FVp1N9i0rAOInENZ7AM%2FKrhWsLw8C02bbMAEL%2FUV%2FJ2GQi7tg0X2veag1h00BeomAmnGqu658hbL4VHayMxUElXmlWc%2FoSdvPI9LB0X%2F9BLPlcQgo12jCmyo0DgNYL4%2FBNCLXitOHBOuEuPiT4da8A6AsoFreqnFpf6AWmInG5bIlKlR0jUVbVLIUjvJOjmArtmuOc7DY4VA7QzYwK27INd%2BKkbfgD7UOZ20zsHcu56ePjQRVAi6s5YyhinRjS4Kx8IP%2FY5rdilzHTmx8QePChBa0seFfHO5qBJDVt3ZTBW1pJhbHWWh%7Ctkp%3ABk9SR-zA1sOqZw,60,1,1991 Stadium Club Baseball mark mcgwire #399,13
2023 Topps Stadium Club Black Foil - Mark McGwire #293 Athletics,$1.94,$0.74,"Sold Mar 18, 2026",new2ucards,New,https://www.ebay.com/itm/316626427880?_skw=1991+Stadium+Club+Baseball+mark+mcgwire+%23399&epid=3063174087&itmmeta=01KNA3NM1440ETY6BPZN3HQX22&hash=item49b867dfe8:g:EC0AAOSwoGxn7iyL&itmprp=enc%3AAQALAAABEGfYFPkwiKCW4ZNSs2u11xDyCU7Kuo3koUfjlRPqKvK9zsCViCo%2BeMtO5ApU18a87OxYZgO6oW6%2FzkLXtoFlG1mZaiQWPolGYO6RQxfI95%2F4Pn%2B10bZXSgLXmVn4TQXLrtB1MDBEZND0pHM32ObBmopmB6YEPXD74esPBpQzbfuB82Jc%2BgPMsuQopb%2B3YEPvb7H9Ee5X--hk0Bx0IS5v%2FgZsawW1an4Z%2FJqfp%2BLwPrZAWXN7%2FRcKNIPUUaxVexC9F5Q2xZKkU82xOa%2BqHYFf2Ah%2BuAQbb1ZEY%2FfnNOSIE4sRACvWOXUjZW%2FIbjCqna52haXRhpEhTMkdqb7Ti0yKNh9QRs9LEkHzyvIV60ixsWDP%7Ctkp%3ABk9SR-zA1sOqZw,https://i.ebayimg.com/images/g/EC0AAOSwoGxn7iyL/s-l500.webp,N,,,N,Y,1.94,0.74,2.68,2026-03-18,bin,True,False,,,293,316626427880,https://www.ebay.com/sch/i.html?_nkw=1991+Stadium+Club+Baseball+mark+mcgwire+%23399&LH_Sold=1&LH_Complete=1&_sop=13,https://www.ebay.com/itm/316626427880?_skw=1991+Stadium+Club+Baseball+mark+mcgwire+%23399&epid=3063174087&itmmeta=01KNA3NM1440ETY6BPZN3HQX22&hash=item49b867dfe8:g:EC0AAOSwoGxn7iyL&itmprp=enc%3AAQALAAABEGfYFPkwiKCW4ZNSs2u11xDyCU7Kuo3koUfjlRPqKvK9zsCViCo%2BeMtO5ApU18a87OxYZgO6oW6%2FzkLXtoFlG1mZaiQWPolGYO6RQxfI95%2F4Pn%2B10bZXSgLXmVn4TQXLrtB1MDBEZND0pHM32ObBmopmB6YEPXD74esPBpQzbfuB82Jc%2BgPMsuQopb%2B3YEPvb7H9Ee5X--hk0Bx0IS5v%2FgZsawW1an4Z%2FJqfp%2BLwPrZAWXN7%2FRcKNIPUUaxVexC9F5Q2xZKkU82xOa%2BqHYFf2Ah%2BuAQbb1ZEY%2FfnNOSIE4sRACvWOXUjZW%2FIbjCqna52haXRhpEhTMkdqb7Ti0yKNh9QRs9LEkHzyvIV60ixsWDP%7Ctkp%3ABk9SR-zA1sOqZw,61,1,1991 Stadium Club Baseball mark mcgwire #399,13
2021 Mark McGwire Stadium Club Chrome #276 Free Shipping (D2272),$1.99,$0.00,"Sold Mar 17, 2026",teamse_5,New,https://www.ebay.com/itm/389590776334?_skw=1991+Stadium+Club+Baseball+mark+mcgwire+%23399&epid=9055878296&itmmeta=01KNA3NM14YB6HS4CHE3GG4DXN&hash=item5ab56b7a0e:g:ogQAAeSwH35ph6jX&itmprp=enc%3AAQALAAAA8GfYFPkwiKCW4ZNSs2u11xBqSm8GUr%2BI%2BtJc41YMOrsz%2FUiDEru8EeDvQ7fvyv0DzUZM%2FV028ec%2BAYcZ4q7RgVIhdd7taxzOcAnevJhAgJdn%2BetsE%2F6kY6Ts12LN0bUI8Yw2f99rPQP4C7a1QwD39oTKTRWi4aWiIH5cXNUHiGBM3x%2BZ3JV%2B5YA3Nt5hrilFAbzLnqYTu%2BsExcHzWhOERG7UWSrUm7vpweXCE8AOB%2Flaz7yf4O%2Fu%2BZINfZx3xRsUJyiXyjz8gu%2Bu991dYN%2BwNmPSAxmvCPKWG8rjY89Miig53ICx0KhXevqQrglV2yLthg%3D%3D%7Ctkp%3ABk9SR-zA1sOqZw,https://i.ebayimg.com/images/g/ogQAAeSwH35ph6jX/s-l500.webp,N,,,N,N,1.99,0.0,1.99,2026-03-17,bin,False,False,,,276,389590776334,https://www.ebay.com/sch/i.html?_nkw=1991+Stadium+Club+Baseball+mark+mcgwire+%23399&LH_Sold=1&LH_Complete=1&_sop=13,https://www.ebay.com/itm/389590776334?_skw=1991+Stadium+Club+Baseball+mark+mcgwire+%23399&epid=9055878296&itmmeta=01KNA3NM14YB6HS4CHE3GG4DXN&hash=item5ab56b7a0e:g:ogQAAeSwH35ph6jX&itmprp=enc%3AAQALAAAA8GfYFPkwiKCW4ZNSs2u11xBqSm8GUr%2BI%2BtJc41YMOrsz%2FUiDEru8EeDvQ7fvyv0DzUZM%2FV028ec%2BAYcZ4q7RgVIhdd7taxzOcAnevJhAgJdn%2BetsE%2F6kY6Ts12LN0bUI8Yw2f99rPQP4C7a1QwD39oTKTRWi4aWiIH5cXNUHiGBM3x%2BZ3JV%2B5YA3Nt5hrilFAbzLnqYTu%2BsExcHzWhOERG7UWSrUm7vpweXCE8AOB%2Flaz7yf4O%2Fu%2BZINfZx3xRsUJyiXyjz8gu%2Bu991dYN%2BwNmPSAxmvCPKWG8rjY89Miig53ICx0KhXevqQrglV2yLthg%3D%3D%7Ctkp%3ABk9SR-zA1sOqZw,62,1,1991 Stadium Club Baseball mark mcgwire #399,13
