price_value,shipping_value,total_value,sold_date_value,listing_type,is_best_offer,card_number_guess,grader_norm,grade_value,title_short,valuation_range,valuation_note,valuation_lane
20.0,0.0,20.0,2026-03-21,bin,False,,,,NEW LISTING1991 Upper Deck #SP1 Michael Jordan Baseball R...,$25-$112-$112,eBay Raw | Model B - Star / High Liquidity | 321 comps,eBay Raw
29.99,1.99,31.98,2026-03-21,bin,True,,,,1991 Upper Deck - #SP1 Michael Jordan NM. GOAT!,$25-$112-$112,eBay Raw | Model B - Star / High Liquidity | 321 comps,eBay Raw
21.5,0.0,21.5,2026-03-21,auction,False,,,,1991 Upper Deck Michael Jordan SP1 Short Print Chicago **...,$25-$112-$112,eBay Raw | Model B - Star / High Liquidity | 321 comps,eBay Raw
22.5,4.99,27.49,2026-03-21,auction,False,,,,1991 Upper Deck Michael Jordan Inserts #SP1 White Sox,$25-$112-$112,eBay Raw | Model B - Star / High Liquidity | 321 comps,eBay Raw
21.5,4.99,26.49,2026-03-21,auction,False,,,,1991 Upper Deck Michael Jordan Inserts RC Rookie #SP1 Whi...,$25-$112-$112,eBay Raw | Model B - Star / High Liquidity | 321 comps,eBay Raw
17.5,13.62,31.12,2026-03-21,auction,False,,,,Michael Jordan 1991 Upper Deck - Short Print #SP1 1st Bas...,$25-$112-$112,eBay Raw | Model B - Star / High Liquidity | 321 comps,eBay Raw
109.31,20.75,130.06,2026-03-21,bin,False,,,,1991 Upper Deck - Michael Jordan #SP1,$25-$112-$112,eBay Raw | Model B - Star / High Liquidity | 321 comps,eBay Raw
19.99,0.0,19.99,2026-03-21,bin,False,,,,NEW LISTINGUpper Deck 1991 Michael Jordan #SP1 Short Prin...,$25-$112-$112,eBay Raw | Model B - Star / High Liquidity | 321 comps,eBay Raw
18.99,5.2,24.19,2026-03-21,bin,True,,,,NEW LISTING1991 Upper Deck Michael Jordan #SP1 Baseball C...,$25-$112-$112,eBay Raw | Model B - Star / High Liquidity | 321 comps,eBay Raw
23.99,5.52,29.51,2026-03-21,bin,False,,,,Upper Deck 1991 Michael Jordan #SP1 Short Print Chicago W...,$25-$112-$112,eBay Raw | Model B - Star / High Liquidity | 321 comps,eBay Raw
23.0,5.52,28.52,2026-03-21,bin,False,,,,1991 Upper Deck - Short Print Michael Jordan #SP1,$25-$112-$112,eBay Raw | Model B - Star / High Liquidity | 321 comps,eBay Raw
20.0,5.52,25.52,2026-03-21,bin,True,,,,1991 Upper Deck Michael Jordan #SP1,$25-$112-$112,eBay Raw | Model B - Star / High Liquidity | 321 comps,eBay Raw
22.0,5.89,27.89,2026-03-20,auction,False,,,,1991 Upper Deck - Short Print Michael Jordan #SP1 Rookie ...,$25-$112-$112,eBay Raw | Model B - Star / High Liquidity | 321 comps,eBay Raw
23.0,0.0,23.0,2026-03-20,bin,True,,,,1991 Upper Deck Michael Jordan #SP1,$25-$112-$112,eBay Raw | Model B - Star / High Liquidity | 321 comps,eBay Raw
19.99,1.99,21.98,2026-03-20,bin,False,,,,1991 Upper Deck - Short Print Michael Jordan #SP1,$25-$112-$112,eBay Raw | Model B - Star / High Liquidity | 321 comps,eBay Raw
39.0,5.2,44.2,2026-03-20,auction,False,,,,Upper Deck 1991 Michael Jordan #SP1 Short Print Chicago W...,$25-$112-$112,eBay Raw | Model B - Star / High Liquidity | 321 comps,eBay Raw
16.5,5.0,21.5,2026-03-20,auction,False,,,,1991 Upper Deck - Michael Jordan #SP1,$25-$112-$112,eBay Raw | Model B - Star / High Liquidity | 321 comps,eBay Raw
19.99,0.0,19.99,2026-03-20,bin,True,,,,Upper Deck 1991 Michael Jordan SP1 Short Print Insert Chi...,$25-$112-$112,eBay Raw | Model B - Star / High Liquidity | 321 comps,eBay Raw
19.99,0.74,20.73,2026-03-20,bin,True,,,,1991 Upper Deck Michael Jordan #SP1,$25-$112-$112,eBay Raw | Model B - Star / High Liquidity | 321 comps,eBay Raw
26.0,1.99,27.99,2026-03-20,auction,False,,,,1991 Upper Deck - Michael Jordan #SP1 (RC) NM-MT or Better,$25-$112-$112,eBay Raw | Model B - Star / High Liquidity | 321 comps,eBay Raw
45.0,5.95,50.95,2026-03-20,bin,False,,,,1991 Upper Deck - Short Print Michael Jordan #SP1,$25-$112-$112,eBay Raw | Model B - Star / High Liquidity | 321 comps,eBay Raw
22.0,5.07,27.07,2026-03-20,auction,False,,,8.0,1991 Upper Deck Michael Jordan #SP1 Grade 8 Chicago White...,$25-$112-$112,eBay Raw | Model B - Star / High Liquidity | 321 comps,eBay Raw
26.0,7.95,33.95,2026-03-20,auction,False,,,,1991 Upper Deck SP1 Michael Jordan White Sox,$25-$112-$112,eBay Raw | Model B - Star / High Liquidity | 321 comps,eBay Raw
23.25,5.52,28.77,2026-03-20,bin,False,,,,1991 Upper Deck - Short Print Michael Jordan #SP1,$25-$112-$112,eBay Raw | Model B - Star / High Liquidity | 321 comps,eBay Raw
20.0,1.32,21.32,2026-03-20,bin,True,,,,1991 Upper Deck - Short Print Michael Jordan #SP1,$25-$112-$112,eBay Raw | Model B - Star / High Liquidity | 321 comps,eBay Raw
24.95,4.75,29.7,2026-03-20,bin,False,,,8.0,1991 Upper Deck - Short Print #SP1 Michael Jordan PGS 8 N...,$25-$112-$112,eBay Raw | Model B - Star / High Liquidity | 321 comps,eBay Raw
19.99,1.32,21.31,2026-03-20,bin,True,,,,Upper Deck 1991 Michael Jordan SP1 Short Print Insert Chi...,$25-$112-$112,eBay Raw | Model B - Star / High Liquidity | 321 comps,eBay Raw
18.26,1.32,19.58,2026-03-19,auction,False,,,,1991 Upper Deck Baseball MICHAEL JORDAN Card #SP1 White Sox,$25-$112-$112,eBay Raw | Model B - Star / High Liquidity | 321 comps,eBay Raw
16.0,5.52,21.52,2026-03-19,auction,False,,,,1991 Upper Deck - Short Print Michael Jordan #SP1,$25-$112-$112,eBay Raw | Model B - Star / High Liquidity | 321 comps,eBay Raw
24.5,4.99,29.49,2026-03-19,auction,False,,,,1991 Upper Deck Michael Jordan Inserts RC #SP1 White Sox ...,$25-$112-$112,eBay Raw | Model B - Star / High Liquidity | 321 comps,eBay Raw
27.0,4.99,31.99,2026-03-19,auction,False,,,,1991 Upper Deck Michael Jordan Inserts RC #SP1 White Sox ...,$25-$112-$112,eBay Raw | Model B - Star / High Liquidity | 321 comps,eBay Raw
19.5,4.99,24.49,2026-03-19,auction,False,,,,Michael Jordan 1991 Upper Deck - Short Print #SP1 1st Bas...,$25-$112-$112,eBay Raw | Model B - Star / High Liquidity | 321 comps,eBay Raw
22.59,12.75,35.34,2026-03-19,auction,False,,,,1991 UPPER DECK #SP1 MICHAEL JORDAN INSERTS,$25-$112-$112,eBay Raw | Model B - Star / High Liquidity | 321 comps,eBay Raw
25.0,5.52,30.52,2026-03-19,bin,True,,,,1990 Upper Deck MICHAEL JORDAN Baseball Rookie Card #SP1 ...,$25-$112-$112,eBay Raw | Model B - Star / High Liquidity | 321 comps,eBay Raw
15.01,5.5,20.51,2026-03-19,auction,False,,,,1991 Upper Deck - Short Print Michael Jordan #SP1 Bulls H...,$25-$112-$112,eBay Raw | Model B - Star / High Liquidity | 321 comps,eBay Raw
14.58,10.92,25.5,2026-03-19,auction,False,,,,1991 Upper Deck Michael Jordan #SP1 Chicago Cubs,$25-$112-$112,eBay Raw | Model B - Star / High Liquidity | 321 comps,eBay Raw
14.95,4.0,18.95,2026-03-19,auction,False,,,,1991 Upper Deck - #SP1 Michael Jordan (SP) Chicago White Sox,$25-$112-$112,eBay Raw | Model B - Star / High Liquidity | 321 comps,eBay Raw
10.5,5.0,15.5,2026-03-19,auction,False,,,,Upper Deck 1991 Michael Jordan SP1 Insert Chicago White S...,$25-$112-$112,eBay Raw | Model B - Star / High Liquidity | 321 comps,eBay Raw
19.99,5.99,25.98,2026-03-19,bin,False,,,,1991 Upper Deck #SP1 Michael Jordan,$25-$112-$112,eBay Raw | Model B - Star / High Liquidity | 321 comps,eBay Raw
11.49,1.03,12.52,2026-03-19,bin,False,,,,1991 Upper Deck Michael Jordan #SP1 (*See Corner Pics*),$25-$112-$112,eBay Raw | Model B - Star / High Liquidity | 321 comps,eBay Raw
23.5,4.95,28.45,2026-03-19,auction,False,,,,1991 Upper Deck: #SP1 Michael Jordan NM-MT OR BETTER,$25-$112-$112,eBay Raw | Model B - Star / High Liquidity | 321 comps,eBay Raw
40.0,4.95,44.95,2026-03-19,auction,False,,,,1991 Upper Deck: #SP1 Michael Jordan NM-MT OR BETTER,$25-$112-$112,eBay Raw | Model B - Star / High Liquidity | 321 comps,eBay Raw
53.0,4.95,57.95,2026-03-19,auction,False,,,,1991 Upper Deck: #SP1 Michael Jordan RC NM-MT OR BETTER,$25-$112-$112,eBay Raw | Model B - Star / High Liquidity | 321 comps,eBay Raw
20.0,1.32,21.32,2026-03-19,auction,False,,,,1991 Upper Deck Baseball # SP1 Michael Jordan Chicago Whi...,$25-$112-$112,eBay Raw | Model B - Star / High Liquidity | 321 comps,eBay Raw
22.36,5.0,27.36,2026-03-19,bin,False,,,,1991 Upper Deck #SP1 Michael Jordan Baseball Rookie Card,$25-$112-$112,eBay Raw | Model B - Star / High Liquidity | 321 comps,eBay Raw
17.0,0.0,17.0,2026-02-15,bin,True,,,,1991 Upper Deck - Short Print Michael Jordan #SP1,$25-$112-$112,eBay Raw | Model B - Star / High Liquidity | 321 comps,eBay Raw
16.0,5.07,21.07,2026-03-19,bin,False,,,,1991 Upper Deck Michael Jordan SP1 Short Print Insert Chi...,$25-$112-$112,eBay Raw | Model B - Star / High Liquidity | 321 comps,eBay Raw
19.99,2.0,21.99,2026-03-19,bin,False,,,,1991 Upper Deck #SP1 Michael Jordan,$25-$112-$112,eBay Raw | Model B - Star / High Liquidity | 321 comps,eBay Raw
14.99,4.85,19.84,2026-03-19,bin,True,,,,1991 Upper Deck - Short Print Michael Jordan #SP1,$25-$112-$112,eBay Raw | Model B - Star / High Liquidity | 321 comps,eBay Raw
19.99,5.52,25.51,2026-03-18,bin,True,,,,Upper Deck 1991 Michael Jordan SP1 Chicago White Sox Shor...,$25-$112-$112,eBay Raw | Model B - Star / High Liquidity | 321 comps,eBay Raw
34.55,1.54,36.09,2026-03-18,auction,False,,,,1991 Upper Deck Michael Jordan #SP1 NrMint+ or better Com...,$25-$112-$112,eBay Raw | Model B - Star / High Liquidity | 321 comps,eBay Raw
23.0,0.0,23.0,2026-03-18,bin,False,,,,1991 Upper Deck Michael Jordan #SP1,$25-$112-$112,eBay Raw | Model B - Star / High Liquidity | 321 comps,eBay Raw
19.99,3.0,22.99,2026-03-18,bin,False,,,,1991 Upper Deck Short Print Michael Jordan Baseball Rooki...,$25-$112-$112,eBay Raw | Model B - Star / High Liquidity | 321 comps,eBay Raw
22.17,4.99,27.16,2026-03-18,auction,False,,,,1991 Upper Deck Michael Jordan Inserts #SP1 White Sox,$25-$112-$112,eBay Raw | Model B - Star / High Liquidity | 321 comps,eBay Raw
36.0,5.52,41.52,2026-03-18,bin,False,,,,1991 Upper Deck - Short Print Michael Jordan #SP1,$25-$112-$112,eBay Raw | Model B - Star / High Liquidity | 321 comps,eBay Raw
20.0,0.0,20.0,2026-03-18,bin,False,,,,1991 Upper Deck Michael Jordan #SP1,$25-$112-$112,eBay Raw | Model B - Star / High Liquidity | 321 comps,eBay Raw
35.0,4.78,39.78,2026-03-18,bin,True,,,,1991 Upper Deck SP1 Michael Jordan Chicago White Sox Base...,$25-$112-$112,eBay Raw | Model B - Star / High Liquidity | 321 comps,eBay Raw
20.0,1.03,21.03,2026-03-18,bin,True,,,,1991 Upper Deck - Michael Jordan #SP1 Chicago White Sox S...,$25-$112-$112,eBay Raw | Model B - Star / High Liquidity | 321 comps,eBay Raw
19.99,0.74,20.73,2026-03-18,bin,False,,,,1991 Upper Deck #SP1 Michael Jordan,$25-$112-$112,eBay Raw | Model B - Star / High Liquidity | 321 comps,eBay Raw
29.95,0.0,29.95,2026-03-18,bin,True,,,,1991 Upper Deck #SP1 Michael Jordan ROOKIE!,$25-$112-$112,eBay Raw | Model B - Star / High Liquidity | 321 comps,eBay Raw
69.3,7.95,77.25,2026-03-18,bin,False,,,,1991 Upper Deck - Short Print Michael Jordan #SP1,$25-$112-$112,eBay Raw | Model B - Star / High Liquidity | 321 comps,eBay Raw
19.0,5.07,24.07,2026-03-18,bin,False,,,,1991 Upper Deck - Short Print Michael Jordan #SP1,$25-$112-$112,eBay Raw | Model B - Star / High Liquidity | 321 comps,eBay Raw
15.0,1.03,16.03,2026-03-18,bin,False,,,,1991 Upper Deck - Short Print Michael Jordan #SP1,$25-$112-$112,eBay Raw | Model B - Star / High Liquidity | 321 comps,eBay Raw
20.0,5.07,25.07,2026-03-18,bin,True,,,,1991 Upper Deck - Short Print Michael Jordan #SP1,$25-$112-$112,eBay Raw | Model B - Star / High Liquidity | 321 comps,eBay Raw
17.5,4.85,22.35,2026-03-18,bin,False,,,,1991 Upper Deck - Short Print Michael Jordan #SP1,$25-$112-$112,eBay Raw | Model B - Star / High Liquidity | 321 comps,eBay Raw
39.99,5.07,45.06,2026-03-18,bin,False,,,,1991 Upper Deck - Short Print Michael Jordan #SP1,$25-$112-$112,eBay Raw | Model B - Star / High Liquidity | 321 comps,eBay Raw
17.0,7.07,24.07,2026-03-18,bin,False,,,,1991 Upper Deck - Short Print #SP1 Michael Jordan,$25-$112-$112,eBay Raw | Model B - Star / High Liquidity | 321 comps,eBay Raw
19.99,0.0,19.99,2026-03-18,bin,True,,,,1991 Upper Deck - Short Print Michael Jordan #SP1 No Holo...,$25-$112-$112,eBay Raw | Model B - Star / High Liquidity | 321 comps,eBay Raw
189.0,0.0,189.0,2026-03-17,bin,False,,,,1991 Upper Deck - Short Print Michael Jordan #SP1,$25-$112-$112,eBay Raw | Model B - Star / High Liquidity | 321 comps,eBay Raw
32.85,5.0,37.85,2026-03-17,bin,True,,,,🔥Upper Deck Michael Jordan #SP1 Rookie SP AIR JORDAN GOLD...,$25-$112-$112,eBay Raw | Model B - Star / High Liquidity | 321 comps,eBay Raw
20.0,5.52,25.52,2026-03-17,bin,True,,,,1991 Upper Deck - Short Print Michael Jordan #SP1,$25-$112-$112,eBay Raw | Model B - Star / High Liquidity | 321 comps,eBay Raw
20.0,1.99,21.99,2026-03-17,bin,False,,,,1991 Upper Deck - Short Print Michael Jordan #SP1,$25-$112-$112,eBay Raw | Model B - Star / High Liquidity | 321 comps,eBay Raw
30.0,5.49,35.49,2026-03-17,auction,False,,,,1991 Upper Deck MICHAEL JORDAN #SP1 RC Prospect White Sox...,$25-$112-$112,eBay Raw | Model B - Star / High Liquidity | 321 comps,eBay Raw
22.95,5.5,28.45,2026-03-17,bin,False,,,,1991 Upper Deck - Short Print Michael Jordan #SP1 - NM *T...,$25-$112-$112,eBay Raw | Model B - Star / High Liquidity | 321 comps,eBay Raw
25.0,5.52,30.52,2026-03-17,bin,False,,,,1991 Upper Deck - Short Print Michael Jordan #SP1,$25-$112-$112,eBay Raw | Model B - Star / High Liquidity | 321 comps,eBay Raw
23.0,5.52,28.52,2026-03-17,bin,False,,,,1991 Upper Deck Michael Jordan Baseball #SP1 Chicago Whit...,$25-$112-$112,eBay Raw | Model B - Star / High Liquidity | 321 comps,eBay Raw
15.5,3.5,19.0,2026-03-17,auction,False,,,,Upper Deck 1991 Michael Jordan Insert SP1 Short Print Chi...,$25-$112-$112,eBay Raw | Model B - Star / High Liquidity | 321 comps,eBay Raw
15.5,8.75,24.25,2026-03-17,auction,False,,,,1991 Upper Deck Michael Jordan #SP1 Short Print Baseball,$25-$112-$112,eBay Raw | Model B - Star / High Liquidity | 321 comps,eBay Raw
27.0,5.2,32.2,2026-03-17,auction,False,,,,1991 Upper Deck - Short Print Michael Jordan #SP1,$25-$112-$112,eBay Raw | Model B - Star / High Liquidity | 321 comps,eBay Raw
20.0,1.32,21.32,2026-03-17,bin,False,,,,Upper Deck 1991 Short Print Michael Jordan #SP1 Chicago W...,$25-$112-$112,eBay Raw | Model B - Star / High Liquidity | 321 comps,eBay Raw
18.0,5.2,23.2,2026-03-17,bin,True,,,,1991 Upper Deck - Short Print Michael Jordan #SP1,$25-$112-$112,eBay Raw | Model B - Star / High Liquidity | 321 comps,eBay Raw
16.5,5.52,22.02,2026-03-16,auction,False,,,,Upper Deck 1991 Michael Jordan SP1 Short Print Insert Chi...,$25-$112-$112,eBay Raw | Model B - Star / High Liquidity | 321 comps,eBay Raw
19.99,0.0,19.99,2026-03-16,bin,False,,,,1991 Upper Deck #SP1 Michael Jordan Chicago White Sox,$25-$112-$112,eBay Raw | Model B - Star / High Liquidity | 321 comps,eBay Raw
16.5,4.99,21.49,2026-03-16,auction,False,,,,1991 Upper Deck Short Print Michael Jordan #SP1 HOF,$25-$112-$112,eBay Raw | Model B - Star / High Liquidity | 321 comps,eBay Raw
19.99,5.07,25.06,2026-03-16,bin,False,,,,1991 Upper Deck Michael Jordan Baseball #SP1 Chicago Whit...,$25-$112-$112,eBay Raw | Model B - Star / High Liquidity | 321 comps,eBay Raw
15.51,4.99,20.5,2026-03-16,auction,False,,,,1991 Upper Deck Short Print Michael Jordan #SP1 HOF,$25-$112-$112,eBay Raw | Model B - Star / High Liquidity | 321 comps,eBay Raw
13.5,4.99,18.49,2026-03-16,auction,False,,,,1991 Upper Deck Short Print Michael Jordan #SP1 HOF,$25-$112-$112,eBay Raw | Model B - Star / High Liquidity | 321 comps,eBay Raw
45.0,5.2,50.2,2026-03-16,bin,True,,,,1991 Upper Deck - Short Print Michael Jordan #SP1,$25-$112-$112,eBay Raw | Model B - Star / High Liquidity | 321 comps,eBay Raw
13.5,6.0,19.5,2026-03-16,auction,False,,,,Michael Jordan 1991 Upper Deck #SP1 Insert,$25-$112-$112,eBay Raw | Model B - Star / High Liquidity | 321 comps,eBay Raw
18.0,1.15,19.15,2026-03-16,bin,True,,,,1991 Upper Deck Baseball - Michael Jordan #SP1 White Sox ...,$25-$112-$112,eBay Raw | Model B - Star / High Liquidity | 321 comps,eBay Raw
19.0,0.0,19.0,2026-03-16,bin,False,,,,1991 Upper Deck - Michael Jordan #SP1,$25-$112-$112,eBay Raw | Model B - Star / High Liquidity | 321 comps,eBay Raw
18.5,4.99,23.49,2026-03-16,auction,False,,,,1991 Upper Deck Michael Jordan Inserts #SP1 White Sox,$25-$112-$112,eBay Raw | Model B - Star / High Liquidity | 321 comps,eBay Raw
30.0,4.99,34.99,2026-03-16,auction,False,,,,1991 Upper Deck Michael Jordan Inserts RC Rookie #SP1 Whi...,$25-$112-$112,eBay Raw | Model B - Star / High Liquidity | 321 comps,eBay Raw
16.05,4.99,21.04,2026-03-16,auction,False,,,,1991 Upper Deck Michael Jordan Inserts RC Rookie #SP1 Whi...,$25-$112-$112,eBay Raw | Model B - Star / High Liquidity | 321 comps,eBay Raw
23.5,4.99,28.49,2026-03-16,auction,False,,,,1991 Upper Deck Michael Jordan Inserts RC Rookie #SP1 Whi...,$25-$112-$112,eBay Raw | Model B - Star / High Liquidity | 321 comps,eBay Raw
22.0,5.52,27.52,2026-03-16,bin,True,,,,1991 Upper Deck - Short Print Michael Jordan #SP1,$25-$112-$112,eBay Raw | Model B - Star / High Liquidity | 321 comps,eBay Raw
19.99,5.2,25.19,2026-03-16,bin,False,,,,1991 Upper Deck - Short Print Michael Jordan #SP1,$25-$112-$112,eBay Raw | Model B - Star / High Liquidity | 321 comps,eBay Raw
19.0,5.29,24.29,2026-03-16,bin,False,,,,Upper Deck 1991 Michael Jordan SP1 Short Print Chicago Wh...,$25-$112-$112,eBay Raw | Model B - Star / High Liquidity | 321 comps,eBay Raw
20.0,4.25,24.25,2026-03-16,bin,False,,,,1991 Upper Deck #SP1 Michael Jordan Baseball White Sox!,$25-$112-$112,eBay Raw | Model B - Star / High Liquidity | 321 comps,eBay Raw
15.5,5.52,21.02,2026-03-16,auction,False,,,,1991 Upper Deck - Short Print Michael Jordan #SP1,$25-$112-$112,eBay Raw | Model B - Star / High Liquidity | 321 comps,eBay Raw
25.0,5.07,30.07,2026-03-16,bin,False,,,,1991 Upper Deck - Short Print Michael Jordan #SP1,$25-$112-$112,eBay Raw | Model B - Star / High Liquidity | 321 comps,eBay Raw
25.0,3.99,28.99,2026-03-16,bin,True,,,,1991 Upper Deck - Short Print Michael Jordan #SP1,$25-$112-$112,eBay Raw | Model B - Star / High Liquidity | 321 comps,eBay Raw
10.45,5.82,16.27,2026-03-16,auction,False,,,,1991 Upper Deck - Short Print Michael Jordan #SP1 W/ Crea...,$25-$112-$112,eBay Raw | Model B - Star / High Liquidity | 321 comps,eBay Raw
95.0,10.0,105.0,2026-03-16,bin,False,,,,1991 Upper Deck - Short Print Michael Jordan #SP1,$25-$112-$112,eBay Raw | Model B - Star / High Liquidity | 321 comps,eBay Raw
19.99,5.07,25.06,2026-03-16,bin,False,,,,1991 Upper Deck Michael Jordan #SP1 Short Print Insert Ch...,$25-$112-$112,eBay Raw | Model B - Star / High Liquidity | 321 comps,eBay Raw
24.99,5.99,30.98,2026-03-16,bin,False,,,,1991 UPPER DECK MICHAEL JORDAN SP1 BASEBALL CARDNO. SP1 C...,$25-$112-$112,eBay Raw | Model B - Star / High Liquidity | 321 comps,eBay Raw
35.0,5.2,40.2,2026-03-16,bin,False,,,,1991 Upper Deck - Short Print Michael Jordan #SP1,$25-$112-$112,eBay Raw | Model B - Star / High Liquidity | 321 comps,eBay Raw
19.99,1.32,21.31,2026-03-16,bin,False,,,,Michael Jordan 1991 Upper Deck Baseball #SP1 Chicago Whit...,$25-$112-$112,eBay Raw | Model B - Star / High Liquidity | 321 comps,eBay Raw
15.01,4.0,19.01,2026-03-15,auction,False,,,,1991 Upper Deck #SP1 Michael Jordan,$25-$112-$112,eBay Raw | Model B - Star / High Liquidity | 321 comps,eBay Raw
21.39,0.0,21.39,2026-03-15,auction,False,,,,1991 Upper Deck Michael Jordan Rookie Card Baseball #SP1 ...,$25-$112-$112,eBay Raw | Model B - Star / High Liquidity | 321 comps,eBay Raw
19.78,5.07,24.85,2026-03-15,bin,False,,,,1991 Upper Deck - Short Print Michael Jordan #SP1,$25-$112-$112,eBay Raw | Model B - Star / High Liquidity | 321 comps,eBay Raw
19.09,4.99,24.08,2026-03-15,auction,False,,,,1991 Upper Deck Michael Jordan Inserts RC #SP1 White Sox ...,$25-$112-$112,eBay Raw | Model B - Star / High Liquidity | 321 comps,eBay Raw
19.99,5.07,25.06,2026-03-15,bin,False,,,,Upper Deck 1991 Michael Jordan SP1 Chicago White Sox Shor...,$25-$112-$112,eBay Raw | Model B - Star / High Liquidity | 321 comps,eBay Raw
31.0,5.99,36.99,2026-03-15,auction,False,,,,1991 Upper Deck Short Print Baseball #SP1 Michael Jordan,$25-$112-$112,eBay Raw | Model B - Star / High Liquidity | 321 comps,eBay Raw
20.0,5.99,25.99,2026-03-15,auction,False,,,,1991 Upper Deck Short Print Baseball #SP1 Michael Jordan,$25-$112-$112,eBay Raw | Model B - Star / High Liquidity | 321 comps,eBay Raw
32.77,4.99,37.76,2026-03-15,auction,False,,,,1991 Upper Deck Michael Jordan Inserts RC #SP1 White Sox ...,$25-$112-$112,eBay Raw | Model B - Star / High Liquidity | 321 comps,eBay Raw
22.78,4.95,27.73,2026-03-15,bin,False,,,,1991 Upper Deck #SP1 Michael Jordan,$25-$112-$112,eBay Raw | Model B - Star / High Liquidity | 321 comps,eBay Raw
15.5,4.99,20.49,2026-03-15,auction,False,,,,1991 Upper Deck Michael Jordan Inserts #SP1 White Sox,$25-$112-$112,eBay Raw | Model B - Star / High Liquidity | 321 comps,eBay Raw
35.0,4.99,39.99,2026-03-15,auction,False,,,,1991 Upper Deck Michael Jordan Inserts RC #SP1 White Sox ...,$25-$112-$112,eBay Raw | Model B - Star / High Liquidity | 321 comps,eBay Raw
18.27,4.99,23.26,2026-03-15,auction,False,,,,1991 Upper Deck Michael Jordan Inserts RC #SP1 White Sox ...,$25-$112-$112,eBay Raw | Model B - Star / High Liquidity | 321 comps,eBay Raw
34.33,4.99,39.32,2026-03-15,auction,False,,,,1991 Upper Deck Michael Jordan Inserts RC Rookie #SP1 Whi...,$25-$112-$112,eBay Raw | Model B - Star / High Liquidity | 321 comps,eBay Raw
26.0,6.0,32.0,2026-03-15,bin,True,,,,1991 Upper Deck - Short Print Michael Jordan #SP1,$25-$112-$112,eBay Raw | Model B - Star / High Liquidity | 321 comps,eBay Raw
20.5,0.0,20.5,2026-03-15,auction,False,,,,1991 Upper Deck - Short Print Michael Jordan #SP1,$25-$112-$112,eBay Raw | Model B - Star / High Liquidity | 321 comps,eBay Raw
18.0,5.99,23.99,2026-03-15,bin,True,,,,1991 Upper Deck Michael Jordan Inserts #SP1 Chicago White...,$25-$112-$112,eBay Raw | Model B - Star / High Liquidity | 321 comps,eBay Raw
10.5,8.75,19.25,2026-03-15,auction,False,,,,1991 Upper Deck - Short Print Michael Jordan #SP1,$25-$112-$112,eBay Raw | Model B - Star / High Liquidity | 321 comps,eBay Raw
19.99,0.0,19.99,2026-03-15,bin,True,,,,1991 Upper Deck Michael Jordan Inserts #SP1 White Sox,$25-$112-$112,eBay Raw | Model B - Star / High Liquidity | 321 comps,eBay Raw
20.0,0.74,20.74,2026-03-15,bin,True,,,,1991 Upper Deck #SP1 Michael Jordan,$25-$112-$112,eBay Raw | Model B - Star / High Liquidity | 321 comps,eBay Raw
10.52,7.1,17.62,2026-03-15,auction,False,,,,1991 Upper Deck - Short Print Michael Jordan #SP1,$25-$112-$112,eBay Raw | Model B - Star / High Liquidity | 321 comps,eBay Raw
32.5,5.75,38.25,2026-03-15,bin,False,,,,1991 Upper Deck - Michael Jordan #SP1,$25-$112-$112,eBay Raw | Model B - Star / High Liquidity | 321 comps,eBay Raw
23.99,4.99,28.98,2026-03-15,bin,True,,,,1991 Upper Deck #SP1 Michael JORDAN Iconic Short Print SP1,$25-$112-$112,eBay Raw | Model B - Star / High Liquidity | 321 comps,eBay Raw
15.39,1.03,16.42,2026-03-15,auction,False,,,,Upper Deck 1991 SP1 Michael Jordan Short Print Chicago Wh...,$25-$112-$112,eBay Raw | Model B - Star / High Liquidity | 321 comps,eBay Raw
23.5,5.0,28.5,2026-03-15,bin,True,,,,Upper Deck 1991 Short Print Insert Michael Jordan #SP1 Wh...,$25-$112-$112,eBay Raw | Model B - Star / High Liquidity | 321 comps,eBay Raw
14.99,1.32,16.31,2026-03-14,bin,False,,,,1991 Upper Deck #SP1 Michael Jordan,$25-$112-$112,eBay Raw | Model B - Star / High Liquidity | 321 comps,eBay Raw
21.39,5.79,27.18,2026-03-14,auction,False,,,,1991 Upper Deck Short Print Michael Jordan #SP1 HOF EX+ /...,$25-$112-$112,eBay Raw | Model B - Star / High Liquidity | 321 comps,eBay Raw
29.99,0.0,29.99,2026-03-14,bin,False,,,,1991 Upper Deck Short Print Michael Jordan #SP1,$25-$112-$112,eBay Raw | Model B - Star / High Liquidity | 321 comps,eBay Raw
20.0,3.74,23.74,2026-03-14,auction,False,,,,1991 Upper Deck - Short Print Michael Jordan #SP1,$25-$112-$112,eBay Raw | Model B - Star / High Liquidity | 321 comps,eBay Raw
29.99,8.75,38.74,2026-03-14,bin,True,,,,Michael Jordan Short Print RC #SP1 1991 Upper Deck Chicag...,$25-$112-$112,eBay Raw | Model B - Star / High Liquidity | 321 comps,eBay Raw
39.0,4.95,43.95,2026-03-14,auction,False,,,,1991 Upper Deck: SP1 Michael Jordan RC NR-MINT,$25-$112-$112,eBay Raw | Model B - Star / High Liquidity | 321 comps,eBay Raw
22.39,5.99,28.38,2026-03-14,auction,False,,,,1991 Upper Deck #SP1 Michael Jordan Chicago White Sox RC ...,$25-$112-$112,eBay Raw | Model B - Star / High Liquidity | 321 comps,eBay Raw
42.69,4.99,47.68,2026-03-14,auction,False,,,,1991 Upper Deck Michael Jordan Inserts #SP1 White Sox,$25-$112-$112,eBay Raw | Model B - Star / High Liquidity | 321 comps,eBay Raw
37.0,4.99,41.99,2026-03-14,auction,False,,,,1991 Upper Deck Michael Jordan Inserts #SP1 White Sox,$25-$112-$112,eBay Raw | Model B - Star / High Liquidity | 321 comps,eBay Raw
13.5,5.2,18.7,2026-03-14,auction,False,,,2.0,1991 Upper Deck - Short Print Michael Jordan #SP1 2,$25-$112-$112,eBay Raw | Model B - Star / High Liquidity | 321 comps,eBay Raw
16.68,5.2,21.88,2026-03-14,auction,False,,,1.0,1991 Upper Deck - Short Print Michael Jordan #SP1 1,$25-$112-$112,eBay Raw | Model B - Star / High Liquidity | 321 comps,eBay Raw
19.51,1.32,20.83,2026-03-14,auction,False,,,,1991 Upper Deck - Short Print Michael Jordan #SP1,$25-$112-$112,eBay Raw | Model B - Star / High Liquidity | 321 comps,eBay Raw
18.0,5.0,23.0,2026-03-14,bin,False,,,,Michael Jordan 1991 Upper Deck #SP1 Short Print Baseball RC,$25-$112-$112,eBay Raw | Model B - Star / High Liquidity | 321 comps,eBay Raw
19.99,1.32,21.31,2026-03-14,bin,False,,,,1991 Upper Deck - Short Print Michael Jordan #SP1,$25-$112-$112,eBay Raw | Model B - Star / High Liquidity | 321 comps,eBay Raw
18.99,4.0,22.99,2026-03-14,bin,False,,,,1991 UPPER DECK #SP1 MICHAEL JORDAN CHICAGO WHITE SOX MAJ...,$25-$112-$112,eBay Raw | Model B - Star / High Liquidity | 321 comps,eBay Raw
23.0,0.0,23.0,2026-03-14,bin,True,,,,1991 Upper Deck Michael Jordan #SP1,$25-$112-$112,eBay Raw | Model B - Star / High Liquidity | 321 comps,eBay Raw
20.0,5.52,25.52,2026-03-14,auction,False,,,,1991 Upper Deck Michael Jordan SP1 Chicago White Sox Shor...,$25-$112-$112,eBay Raw | Model B - Star / High Liquidity | 321 comps,eBay Raw
35.0,5.07,40.07,2026-03-14,bin,True,,,,1991 Upper Deck - Short Print Michael Jordan #SP1,$25-$112-$112,eBay Raw | Model B - Star / High Liquidity | 321 comps,eBay Raw
24.0,0.0,24.0,2026-03-14,bin,True,,,,1991 Upper Deck #SP1 Michael Jordan,$25-$112-$112,eBay Raw | Model B - Star / High Liquidity | 321 comps,eBay Raw
25.0,5.89,30.89,2026-03-14,bin,False,,,,1991 Upper Deck - Short Print Michael Jordan #SP1,$25-$112-$112,eBay Raw | Model B - Star / High Liquidity | 321 comps,eBay Raw
25.0,5.0,30.0,2026-02-12,bin,False,,,,1991 Upper Deck Michael Jordan SP1 Short Print Chicago Wh...,$25-$112-$112,eBay Raw | Model B - Star / High Liquidity | 321 comps,eBay Raw
19.99,1.5,21.49,2026-03-13,bin,False,,,,1991 Upper Deck #SP1 Michael Jordan,$25-$112-$112,eBay Raw | Model B - Star / High Liquidity | 321 comps,eBay Raw
24.47,5.99,30.46,2026-03-13,auction,False,,,,1991 Upper Deck #SP1 Michael Jordan Chicago White Sox RC ...,$25-$112-$112,eBay Raw | Model B - Star / High Liquidity | 321 comps,eBay Raw
59.0,6.0,65.0,2026-03-13,auction,False,,,,1991 Upper Deck Short Print - Michael Jordan #SP1,$25-$112-$112,eBay Raw | Model B - Star / High Liquidity | 321 comps,eBay Raw
19.99,5.0,24.99,2026-03-13,bin,False,,,,Upper Deck 1991 Michael Jordan #SP1 Short Print Insert Ch...,$25-$112-$112,eBay Raw | Model B - Star / High Liquidity | 321 comps,eBay Raw
13.01,3.5,16.51,2026-03-13,auction,False,,,,1991 Upper Deck - Short Print Michael Jordan #SP1,$25-$112-$112,eBay Raw | Model B - Star / High Liquidity | 321 comps,eBay Raw
18.0,2.0,20.0,2026-03-13,bin,False,,,,1991 Upper Deck - Short Print Michael Jordan #SP1 Read,$25-$112-$112,eBay Raw | Model B - Star / High Liquidity | 321 comps,eBay Raw
24.5,2.0,26.5,2026-03-13,auction,False,,,,1991 Upper Deck Michael Jordan SP1 Short Print Insert Chi...,$25-$112-$112,eBay Raw | Model B - Star / High Liquidity | 321 comps,eBay Raw
40.0,5.2,45.2,2026-03-13,auction,False,,,,1991 Upper Deck - Michael Jordan #SP1,$25-$112-$112,eBay Raw | Model B - Star / High Liquidity | 321 comps,eBay Raw
19.99,5.5,25.49,2026-03-13,bin,False,,,,1991 Upper Deck - Short Print Michael Jordan #SP1,$25-$112-$112,eBay Raw | Model B - Star / High Liquidity | 321 comps,eBay Raw
22.5,0.0,22.5,2026-03-13,auction,False,,,,Michael Jordan 1991 Upper Deck - Short Print #SP1 1st Bas...,$25-$112-$112,eBay Raw | Model B - Star / High Liquidity | 321 comps,eBay Raw
24.99,5.7,30.69,2026-03-13,bin,True,,,,Michael Jordan 1991 Upper Deck Baseball #SP1 Chicago Whit...,$25-$112-$112,eBay Raw | Model B - Star / High Liquidity | 321 comps,eBay Raw
26.0,5.2,31.2,2026-03-13,bin,True,,,,1991 Upper Deck - Short Print Michael Jordan #SP1,$25-$112-$112,eBay Raw | Model B - Star / High Liquidity | 321 comps,eBay Raw
34.99,6.0,40.99,2026-03-13,bin,False,,,,1991 Upper Deck SP1 Michael Jordan White Sox,$25-$112-$112,eBay Raw | Model B - Star / High Liquidity | 321 comps,eBay Raw
35.34,12.75,48.09,2026-03-12,auction,False,,,,1991 UPPER DECK #SP1 MICHAEL JORDAN INSERTS,$25-$112-$112,eBay Raw | Model B - Star / High Liquidity | 321 comps,eBay Raw
885.0,5.2,890.2,2026-03-12,auction,False,,,,1991 Upper Deck - Short Print Michael Jordan #SP1,$25-$112-$112,eBay Raw | Model B - Star / High Liquidity | 321 comps,eBay Raw
30.61,12.75,43.36,2026-03-12,auction,False,,,,1991 UPPER DECK #SP1 MICHAEL JORDAN INSERTS,$25-$112-$112,eBay Raw | Model B - Star / High Liquidity | 321 comps,eBay Raw
19.99,5.07,25.06,2026-03-12,bin,True,,,,1991 Upper Deck Michael Jordan Short Print #SP1 Chicago W...,$25-$112-$112,eBay Raw | Model B - Star / High Liquidity | 321 comps,eBay Raw
25.0,5.52,30.52,2026-03-12,bin,False,,,,1991 Upper Deck Baseball Michael Jordan #SP1 Super clean NM!,$25-$112-$112,eBay Raw | Model B - Star / High Liquidity | 321 comps,eBay Raw
21.39,5.99,27.38,2026-03-12,auction,False,,,,1991 Upper Deck #SP1 Michael Jordan Chicago White Sox RC ...,$25-$112-$112,eBay Raw | Model B - Star / High Liquidity | 321 comps,eBay Raw
32.0,4.99,36.99,2026-03-12,auction,False,,,,1991 Upper Deck Michael Jordan Inserts #SP1 White Sox,$25-$112-$112,eBay Raw | Model B - Star / High Liquidity | 321 comps,eBay Raw
21.86,12.75,34.61,2026-03-12,auction,False,,,,1991 UPPER DECK #SP1 MICHAEL JORDAN INSERTS,$25-$112-$112,eBay Raw | Model B - Star / High Liquidity | 321 comps,eBay Raw
20.5,1.49,21.99,2026-03-12,auction,False,,,,1991 Upper Deck #SP1 Michael Jordan Chicago White Sox RC ...,$25-$112-$112,eBay Raw | Model B - Star / High Liquidity | 321 comps,eBay Raw
19.95,0.99,20.94,2026-03-12,bin,False,,,,Upper Deck 1991 Michael Jordan SP1 Short Print Insert Chi...,$25-$112-$112,eBay Raw | Model B - Star / High Liquidity | 321 comps,eBay Raw
24.97,12.75,37.72,2026-03-12,auction,False,,,,1991 UPPER DECK #SP1 MICHAEL JORDAN INSERTS BATTING,$25-$112-$112,eBay Raw | Model B - Star / High Liquidity | 321 comps,eBay Raw
19.67,12.75,32.42,2026-03-12,auction,False,,,,1991 UPPER DECK #SP1 MICHAEL JORDAN INSERTS BATTING,$25-$112-$112,eBay Raw | Model B - Star / High Liquidity | 321 comps,eBay Raw
25.0,5.0,30.0,2026-03-12,bin,True,,,,1991 Upper Deck - Short Print Michael Jordan #SP1,$25-$112-$112,eBay Raw | Model B - Star / High Liquidity | 321 comps,eBay Raw
20.0,0.0,20.0,2026-03-12,bin,False,,,,1991 Upper Deck - Short Print Michael Jordan #SP1,$25-$112-$112,eBay Raw | Model B - Star / High Liquidity | 321 comps,eBay Raw
28.3,1.32,29.62,2026-03-12,auction,False,,,,1991 Upper Deck - Michael Jordan #SP1; Near Mint,$25-$112-$112,eBay Raw | Model B - Star / High Liquidity | 321 comps,eBay Raw
25.0,8.75,33.75,2026-03-12,bin,False,,,,1991 Upper Deck Short Print Michael Jordan RC #SP1,$25-$112-$112,eBay Raw | Model B - Star / High Liquidity | 321 comps,eBay Raw
19.99,5.5,25.49,2026-03-11,bin,False,,,,1991 Upper Deck Baseball Card #SP1 Michael Jordan (Chicag...,$25-$112-$112,eBay Raw | Model B - Star / High Liquidity | 321 comps,eBay Raw
15.5,7.95,23.45,2026-03-11,auction,False,,,,1991 Upper Deck Michael Jordan #SP1 Chicago White Sox HOF,$25-$112-$112,eBay Raw | Model B - Star / High Liquidity | 321 comps,eBay Raw
26.0,1.5,27.5,2026-03-11,auction,False,,,,1991 Upper Deck #SP1 Michael Jordan Chicago White Sox MIN...,$25-$112-$112,eBay Raw | Model B - Star / High Liquidity | 321 comps,eBay Raw
21.27,4.99,26.26,2026-03-11,bin,False,,,,1991 Upper Deck #SP1 Michael Jordan,$25-$112-$112,eBay Raw | Model B - Star / High Liquidity | 321 comps,eBay Raw
21.39,4.0,25.39,2026-03-11,auction,False,,,,1991 Upper Deck - #SP1 Michael Jordan (SP) Chicago White Sox,$25-$112-$112,eBay Raw | Model B - Star / High Liquidity | 321 comps,eBay Raw
18.0,0.0,18.0,2026-03-11,bin,True,,,,1991 Upper Deck - Short Print Michael Jordan #SP1,$25-$112-$112,eBay Raw | Model B - Star / High Liquidity | 321 comps,eBay Raw
19.49,1.32,20.81,2026-03-11,bin,False,,,,1991 Upper Deck Michael Jordan RC Baseball SP1 Chicago Ro...,$25-$112-$112,eBay Raw | Model B - Star / High Liquidity | 321 comps,eBay Raw
19.98,3.0,22.98,2026-03-11,bin,False,,,,1991 Upper Deck Michael Jordan SP1 Short Print Baseball C...,$25-$112-$112,eBay Raw | Model B - Star / High Liquidity | 321 comps,eBay Raw
27.33,0.0,27.33,2026-03-11,bin,False,,,,1991 Upper Deck Baseball Card #SP1 Michael Jordan Chicago...,$25-$112-$112,eBay Raw | Model B - Star / High Liquidity | 321 comps,eBay Raw
19.99,5.2,25.19,2026-03-11,bin,False,,,,Upper Deck 1991 Michael Jordan SP1 Chicago White Sox Shor...,$25-$112-$112,eBay Raw | Model B - Star / High Liquidity | 321 comps,eBay Raw
25.0,4.0,29.0,2026-03-11,bin,False,,,,1991 Upper Deck Michael Jordan #SP1,$25-$112-$112,eBay Raw | Model B - Star / High Liquidity | 321 comps,eBay Raw
22.0,4.88,26.88,2026-03-11,bin,False,,,,1991 Upper Deck Michael Jordan SP1 Baseball Card,$25-$112-$112,eBay Raw | Model B - Star / High Liquidity | 321 comps,eBay Raw
17.0,5.2,22.2,2026-03-11,auction,False,,,,1991 Upper Deck Michael Jordan SP1 Short Print Baseball C...,$25-$112-$112,eBay Raw | Model B - Star / High Liquidity | 321 comps,eBay Raw
24.99,5.29,30.28,2026-03-11,bin,False,,,,1991 Upper Deck MICHAEL JORDAN #SP1 Rookie RC Chicago Whi...,$25-$112-$112,eBay Raw | Model B - Star / High Liquidity | 321 comps,eBay Raw
24.0,4.99,28.99,2026-03-11,bin,True,,,,1991 Upper Deck Michael Jordan SP1 Short Print Baseball C...,$25-$112-$112,eBay Raw | Model B - Star / High Liquidity | 321 comps,eBay Raw
19.5,0.0,19.5,2026-03-11,bin,False,,,,1991 Upper Deck #SP1 Michael Jordan,$25-$112-$112,eBay Raw | Model B - Star / High Liquidity | 321 comps,eBay Raw
12.26,0.74,13.0,2026-03-10,bin,True,,,,1991 Upper Deck #SP1 Michael Jordan,$25-$112-$112,eBay Raw | Model B - Star / High Liquidity | 321 comps,eBay Raw
15.0,5.07,20.07,2026-03-10,bin,True,,,,1991 Upper Deck Michael Jordan SP1 Short Print Insert Chi...,$25-$112-$112,eBay Raw | Model B - Star / High Liquidity | 321 comps,eBay Raw
19.8,1.0,20.8,2026-03-10,bin,False,,,,1991 Upper Deck Michael Jordan RC Baseball SP1 Chicago Ro...,$25-$112-$112,eBay Raw | Model B - Star / High Liquidity | 321 comps,eBay Raw
29.0,0.0,29.0,2026-03-10,auction,False,,,,Michael Jordan #SP1 - 1991 Upper Deck,$25-$112-$112,eBay Raw | Model B - Star / High Liquidity | 321 comps,eBay Raw
13.5,4.49,17.99,2026-03-10,auction,False,,,,1991 Upper Deck Short Print Baseball #SP1 Michael Jordan ...,$25-$112-$112,eBay Raw | Model B - Star / High Liquidity | 321 comps,eBay Raw
18.0,3.0,21.0,2026-03-10,auction,False,,,,1991 Upper Deck Short Print Michael Jordan #SP1 HOF Chica...,$25-$112-$112,eBay Raw | Model B - Star / High Liquidity | 321 comps,eBay Raw
34.0,5.07,39.07,2026-03-10,bin,True,,,,MICHAEL JORDAN 1991 Upper Deck Rookie RC #SP1 Chicago Whi...,$25-$112-$112,eBay Raw | Model B - Star / High Liquidity | 321 comps,eBay Raw
22.0,5.2,27.2,2026-03-10,bin,True,,,,1991 Upper Deck - Short Print Michael Jordan #SP1,$25-$112-$112,eBay Raw | Model B - Star / High Liquidity | 321 comps,eBay Raw
18.5,5.52,24.02,2026-03-10,bin,False,,,,1991 Upper Deck - Short Print Michael Jordan #SP1,$25-$112-$112,eBay Raw | Model B - Star / High Liquidity | 321 comps,eBay Raw
61.0,5.95,66.95,2026-03-10,auction,False,,,,1991 Upper Deck - Short Print Michael Jordan #SP1,$25-$112-$112,eBay Raw | Model B - Star / High Liquidity | 321 comps,eBay Raw
19.5,5.2,24.7,2026-03-10,bin,False,,,,1991 Upper Deck - Short Print Michael Jordan #SP1,$25-$112-$112,eBay Raw | Model B - Star / High Liquidity | 321 comps,eBay Raw
25.0,5.07,30.07,2026-03-10,bin,True,,,,1990 Upper Deck MICHAEL JORDAN Baseball Rookie Card #SP1 ...,$25-$112-$112,eBay Raw | Model B - Star / High Liquidity | 321 comps,eBay Raw
19.95,5.52,25.47,2026-02-20,bin,False,,,,1991 Upper Deck - Short Print Michael Jordan #SP1,$25-$112-$112,eBay Raw | Model B - Star / High Liquidity | 321 comps,eBay Raw
21.39,5.59,26.98,2026-03-09,auction,False,,,,1991 Upper Deck Short Print Michael Jordan #SP1 HOF EX+ /...,$25-$112-$112,eBay Raw | Model B - Star / High Liquidity | 321 comps,eBay Raw
12.02,13.09,25.11,2026-03-09,auction,False,,,,1991 Upper Deck #SP1 MICHAEL JORDAN Baseball RC * SP,$25-$112-$112,eBay Raw | Model B - Star / High Liquidity | 321 comps,eBay Raw
36.0,4.95,40.95,2026-03-09,auction,False,,,,1991 Upper Deck: #SP1 Michael Jordan RC NM-MT OR BETTER,$25-$112-$112,eBay Raw | Model B - Star / High Liquidity | 321 comps,eBay Raw
29.0,4.95,33.95,2026-03-09,auction,False,,,,1991 Upper Deck: #SP1 Michael Jordan RC NR-MINT,$25-$112-$112,eBay Raw | Model B - Star / High Liquidity | 321 comps,eBay Raw
33.51,4.95,38.46,2026-03-09,auction,False,,,,1991 Upper Deck: #SP1 Michael Jordan RC NR-MINT,$25-$112-$112,eBay Raw | Model B - Star / High Liquidity | 321 comps,eBay Raw
19.0,1.32,20.32,2026-03-09,bin,False,,,,1991 Upper Deck - Short Print Michael Jordan #SP1 No Holo...,$25-$112-$112,eBay Raw | Model B - Star / High Liquidity | 321 comps,eBay Raw
17.38,1.32,18.7,2026-03-09,auction,False,,,,1991 Upper Deck - Michael Jordan #SP1,$25-$112-$112,eBay Raw | Model B - Star / High Liquidity | 321 comps,eBay Raw
19.99,1.32,21.31,2026-03-09,bin,False,,,,Upper Deck 1991 Michael Jordan SP1 Short Print Chicago Wh...,$25-$112-$112,eBay Raw | Model B - Star / High Liquidity | 321 comps,eBay Raw
19.0,5.52,24.52,2026-03-09,bin,False,,,,1991 Upper Deck - Short Print Michael Jordan #SP1,$25-$112-$112,eBay Raw | Model B - Star / High Liquidity | 321 comps,eBay Raw
19.49,1.32,20.81,2026-03-09,bin,False,,,,1991 Upper Deck Michael Jordan RC Baseball SP1 Chicago Ro...,$25-$112-$112,eBay Raw | Model B - Star / High Liquidity | 321 comps,eBay Raw
19.99,1.32,21.31,2026-03-09,bin,False,,,,1991 Upper Deck - Short Print Michael Jordan #SP1,$25-$112-$112,eBay Raw | Model B - Star / High Liquidity | 321 comps,eBay Raw
19.99,1.32,21.31,2026-03-09,bin,False,,,,1991 Upper Deck - Short Print Michael Jordan #SP1,$25-$112-$112,eBay Raw | Model B - Star / High Liquidity | 321 comps,eBay Raw
5.5,5.82,11.32,2026-03-09,auction,False,,,,1991 Upper Deck - Short Print Michael Jordan #SP1 W/ Crea...,$25-$112-$112,eBay Raw | Model B - Star / High Liquidity | 321 comps,eBay Raw
21.85,5.09,26.94,2026-03-09,bin,False,,,,1991 Upper Deck Michael Jordan #SP1 Chicago White Sox HOF...,$25-$112-$112,eBay Raw | Model B - Star / High Liquidity | 321 comps,eBay Raw
23.99,4.99,28.98,2026-03-08,bin,False,,,,1991 Upper Deck - Short Print Michael Jordan #SP1,$25-$112-$112,eBay Raw | Model B - Star / High Liquidity | 321 comps,eBay Raw
18.5,5.89,24.39,2026-03-08,auction,False,,,,1991 Upper Deck - Short Print Michael Jordan #SP1,$25-$112-$112,eBay Raw | Model B - Star / High Liquidity | 321 comps,eBay Raw
34.99,8.75,43.74,2026-03-08,bin,True,,,,Michael Jordan #SP1 RC 1991 Upper Deck Chicago White Sox ...,$25-$112-$112,eBay Raw | Model B - Star / High Liquidity | 321 comps,eBay Raw
19.67,12.38,32.05,2026-03-08,bin,False,,,,1991 Upper Deck - Short Print Michael Jordan #SP1 Hot hot...,$25-$112-$112,eBay Raw | Model B - Star / High Liquidity | 321 comps,eBay Raw
15.0,1.32,16.32,2026-03-08,auction,False,,,,Upper Deck Michael Jordan #SP1 Chicago White Sox Short Pr...,$25-$112-$112,eBay Raw | Model B - Star / High Liquidity | 321 comps,eBay Raw
21.5,4.99,26.49,2026-03-08,auction,False,,,,1991 Upper Deck Michael Jordan Inserts #SP1 White Sox,$25-$112-$112,eBay Raw | Model B - Star / High Liquidity | 321 comps,eBay Raw
24.99,6.2,31.19,2026-03-08,bin,False,,,,1991 Upper Deck - Short Print Michael Jordan #SP1,$25-$112-$112,eBay Raw | Model B - Star / High Liquidity | 321 comps,eBay Raw
40.56,4.99,45.55,2026-03-08,auction,False,,,,1991 Upper Deck Michael Jordan Inserts #SP1 White Sox,$25-$112-$112,eBay Raw | Model B - Star / High Liquidity | 321 comps,eBay Raw
18.5,0.85,19.35,2026-03-08,auction,False,,,,MICHAEL JORDAN Short Print 1991 Upper Deck SP1 NM or Bett...,$25-$112-$112,eBay Raw | Model B - Star / High Liquidity | 321 comps,eBay Raw
19.67,13.33,33.0,2026-03-08,auction,False,,,,MICHAEL JORDAN 1991 Upper Deck Baseball Rookie RC Card #S...,$25-$112-$112,eBay Raw | Model B - Star / High Liquidity | 321 comps,eBay Raw
60.0,5.07,65.07,2026-03-08,bin,False,,,,1991 Upper Deck - Short Print Michael Jordan #SP1,$25-$112-$112,eBay Raw | Model B - Star / High Liquidity | 321 comps,eBay Raw
30.0,5.45,35.45,2026-03-08,bin,True,,,,1991 UPPER DECK MICHAEL JORDAN #SP1 SHORT PRINT BASEBALL ...,$25-$112-$112,eBay Raw | Model B - Star / High Liquidity | 321 comps,eBay Raw
15.5,5.2,20.7,2026-03-08,auction,False,,,,1991 Upper Deck - Short Print #SP1 Michael Jordan White S...,$25-$112-$112,eBay Raw | Model B - Star / High Liquidity | 321 comps,eBay Raw
20.0,4.75,24.75,2026-03-08,bin,False,,,,1991 Upper Deck Baseball - Short Print Michael Jordan #SP1,$25-$112-$112,eBay Raw | Model B - Star / High Liquidity | 321 comps,eBay Raw
36.0,4.95,40.95,2026-03-08,auction,False,,,,1991 Upper Deck: #SP1 Michael Jordan NM-MT OR BETTER,$25-$112-$112,eBay Raw | Model B - Star / High Liquidity | 321 comps,eBay Raw
52.78,4.95,57.73,2026-03-08,auction,False,,,,1991 Upper Deck: #SP1 Michael Jordan NM-MT OR BETTER,$25-$112-$112,eBay Raw | Model B - Star / High Liquidity | 321 comps,eBay Raw
19.83,4.99,24.82,2026-03-08,auction,False,,,,1991 Upper Deck Michael Jordan Inserts #SP1 White Sox,$25-$112-$112,eBay Raw | Model B - Star / High Liquidity | 321 comps,eBay Raw
19.95,5.49,25.44,2026-03-08,bin,False,,,,1991 Upper Deck - Short Print Michael Jordan #SP1 No Holo...,$25-$112-$112,eBay Raw | Model B - Star / High Liquidity | 321 comps,eBay Raw
18.0,1.99,19.99,2026-03-08,auction,False,,,,1990 Upper Deck Michael Jordan Chicago White Sox #SP1 Bas...,$25-$112-$112,eBay Raw | Model B - Star / High Liquidity | 321 comps,eBay Raw
18.5,1.32,19.82,2026-03-08,auction,False,,,,1991 Upper Deck Michael Jordan RC SP1 Chicago White Sox E...,$25-$112-$112,eBay Raw | Model B - Star / High Liquidity | 321 comps,eBay Raw
25.0,5.52,30.52,2026-03-08,bin,True,,,,1991 Upper Deck - Short Print Michael Jordan #SP1,$25-$112-$112,eBay Raw | Model B - Star / High Liquidity | 321 comps,eBay Raw
35.0,5.2,40.2,2026-03-08,bin,True,,,,1991 UPPER DECK MICHAEL JORDAN #SP1 SHORT PRINT BASEBALL ...,$25-$112-$112,eBay Raw | Model B - Star / High Liquidity | 321 comps,eBay Raw
59.23,8.1,67.33,2026-03-08,bin,False,,,,1991 Upper Deck - Short Print Michael Jordan #SP1,$25-$112-$112,eBay Raw | Model B - Star / High Liquidity | 321 comps,eBay Raw
20.0,5.07,25.07,2026-03-08,bin,True,,,,1991 Upper Deck - Short Print Michael Jordan #SP1,$25-$112-$112,eBay Raw | Model B - Star / High Liquidity | 321 comps,eBay Raw
29.99,0.0,29.99,2026-03-08,bin,False,,,,Michael Jordan 1991 Upper Deck #SP1,$25-$112-$112,eBay Raw | Model B - Star / High Liquidity | 321 comps,eBay Raw
18.5,1.32,19.82,2026-03-08,auction,False,,,,1991 Upper Deck - Michael Jordan #SP1 ⚾💥WOW!⚾💥,$25-$112-$112,eBay Raw | Model B - Star / High Liquidity | 321 comps,eBay Raw
18.0,5.0,23.0,2026-03-08,bin,False,,,,1991 Upper Deck - Short Print Michael Jordan #SP1,$25-$112-$112,eBay Raw | Model B - Star / High Liquidity | 321 comps,eBay Raw
9.99,0.0,9.99,2026-03-08,bin,False,,,,1991 Upper Deck SP1 Michael Jordan Chicago White Sox base...,$25-$112-$112,eBay Raw | Model B - Star / High Liquidity | 321 comps,eBay Raw
25.0,5.0,30.0,2026-03-08,bin,False,,,,1991 UPPER DECK BASEBALL SHORT PRINT MICHAEL JORDAN NO. S...,$25-$112-$112,eBay Raw | Model B - Star / High Liquidity | 321 comps,eBay Raw
22.99,6.76,29.75,2026-03-08,bin,False,,,,1991 Upper Deck - #SP1 Michael Jordan - Chicago White Sox,$25-$112-$112,eBay Raw | Model B - Star / High Liquidity | 321 comps,eBay Raw
19.99,5.29,25.28,2026-03-08,bin,False,,,,1991 Upper Deck - Short Print Michael Jordan #SP1,$25-$112-$112,eBay Raw | Model B - Star / High Liquidity | 321 comps,eBay Raw
8.0,1.32,9.32,2026-03-08,auction,False,,,,1991 Upper Deck Michael Jordan SP1 White Sox,$25-$112-$112,eBay Raw | Model B - Star / High Liquidity | 321 comps,eBay Raw
25.0,0.75,25.75,2026-03-08,bin,True,,,,1991 Upper Deck Michael Jordan Rookie #SP1 baseball card ...,$25-$112-$112,eBay Raw | Model B - Star / High Liquidity | 321 comps,eBay Raw
19.99,5.29,25.28,2026-03-08,bin,True,,,,1991 Upper Deck MICHAEL JORDAN #SP1 Rookie RC Chicago Whi...,$25-$112-$112,eBay Raw | Model B - Star / High Liquidity | 321 comps,eBay Raw
19.99,5.29,25.28,2026-03-07,bin,False,,,,1991 Upper Deck - Short Print Michael Jordan #SP1,$25-$112-$112,eBay Raw | Model B - Star / High Liquidity | 321 comps,eBay Raw
29.99,0.0,29.99,2026-03-07,bin,False,,,,1991 Upper Deck Michael Jordan #SP1 - White Sox,$25-$112-$112,eBay Raw | Model B - Star / High Liquidity | 321 comps,eBay Raw
19.02,4.95,23.97,2026-03-07,auction,False,,,,1991 Upper Deck: #SP1 Michael Jordan NM-MT OR BETTER,$25-$112-$112,eBay Raw | Model B - Star / High Liquidity | 321 comps,eBay Raw
29.99,4.99,34.98,2026-03-07,bin,False,,,,Michael Jordan Short Print #SP1 1991 Upper Deck Chicago W...,$25-$112-$112,eBay Raw | Model B - Star / High Liquidity | 321 comps,eBay Raw
16.75,0.0,16.75,2026-03-07,bin,False,,,,1991 Upper Deck #SP1 Michael Jordan Chicago White Sox ***...,$25-$112-$112,eBay Raw | Model B - Star / High Liquidity | 321 comps,eBay Raw
23.0,5.07,28.07,2026-03-07,bin,True,,,,1991 Upper Deck Michael Jordan SP1 Short Print Baseball C...,$25-$112-$112,eBay Raw | Model B - Star / High Liquidity | 321 comps,eBay Raw
23.5,0.0,23.5,2026-03-07,auction,False,,,,1991 Upper Deck - Short Print Michael Jordan #SP1 No Holo...,$25-$112-$112,eBay Raw | Model B - Star / High Liquidity | 321 comps,eBay Raw
15.75,1.25,17.0,2026-03-07,auction,False,,,,1991 Upper Deck - Short Print Michael Jordan #SP1,$25-$112-$112,eBay Raw | Model B - Star / High Liquidity | 321 comps,eBay Raw
14.5,1.32,15.82,2026-03-07,auction,False,,,,Upper Deck Michael Jordan 1991 Chicago White Sox Short Pr...,$25-$112-$112,eBay Raw | Model B - Star / High Liquidity | 321 comps,eBay Raw
19.99,5.52,25.51,2026-03-07,bin,True,,,,1991 Upper Deck Baseball Michael Jordan #SP1 Rare Bulls W...,$25-$112-$112,eBay Raw | Model B - Star / High Liquidity | 321 comps,eBay Raw
24.99,5.2,30.19,2026-03-07,bin,True,,,,Michael Jordan 1991 Upper Deck #SP1 Chicago White Sox HOF...,$25-$112-$112,eBay Raw | Model B - Star / High Liquidity | 321 comps,eBay Raw
19.99,2.0,21.99,2026-03-07,bin,False,,,,1991 Upper Deck - Short Print #SP1 Michael Jordan basebal...,$25-$112-$112,eBay Raw | Model B - Star / High Liquidity | 321 comps,eBay Raw
15.37,5.2,20.57,2026-03-07,auction,False,,,,1991 Upper Deck - Short Print Michael Jordan #SP1,$25-$112-$112,eBay Raw | Model B - Star / High Liquidity | 321 comps,eBay Raw
22.0,5.0,27.0,2026-03-07,auction,False,,,,1991 Upper Deck - Short Print Michael Jordan #SP1 Chicago...,$25-$112-$112,eBay Raw | Model B - Star / High Liquidity | 321 comps,eBay Raw
19.5,1.32,20.82,2026-03-07,bin,True,,,,1991 Upper Deck - Short Print Michael Jordan #SP1,$25-$112-$112,eBay Raw | Model B - Star / High Liquidity | 321 comps,eBay Raw
4.25,2.99,7.24,2026-03-06,auction,False,,,,Upper Deck 1991 Michael Jordan #SP1 Chicago White Sox Sho...,$25-$112-$112,eBay Raw | Model B - Star / High Liquidity | 321 comps,eBay Raw
30.0,8.1,38.1,2026-03-06,bin,True,,,7.0,1991 Upper Deck Michael Jordan SP1 ECG 7 NM Rookie Card C...,$25-$112-$112,eBay Raw | Model B - Star / High Liquidity | 321 comps,eBay Raw
12.0,1.32,13.32,2026-03-06,bin,False,,,,Michael Jordan 1991 Upper Deck Baseball SP1 White Sox REA...,$25-$112-$112,eBay Raw | Model B - Star / High Liquidity | 321 comps,eBay Raw
18.0,1.15,19.15,2026-03-06,bin,False,,,,1991 Upper Deck Baseball - Michael Jordan #SP1 White Sox ...,$25-$112-$112,eBay Raw | Model B - Star / High Liquidity | 321 comps,eBay Raw
15.5,1.49,16.99,2026-03-06,auction,False,,,,1991 Upper Deck #SP1 Michael Jordan Chicago White Sox RC ...,$25-$112-$112,eBay Raw | Model B - Star / High Liquidity | 321 comps,eBay Raw
20.5,1.32,21.82,2026-03-06,auction,False,,,,1991 Upper Deck #SP1 Michael Jordan,$25-$112-$112,eBay Raw | Model B - Star / High Liquidity | 321 comps,eBay Raw
19.99,3.0,22.99,2026-03-06,bin,True,,,,1991 Upper Deck Michael Jordan SP1 Short Print Baseball C...,$25-$112-$112,eBay Raw | Model B - Star / High Liquidity | 321 comps,eBay Raw
20.97,4.99,25.96,2026-03-06,bin,False,,,,1991 Upper Deck Short Print Michael Jordan #SP1 HOF 4g0,$25-$112-$112,eBay Raw | Model B - Star / High Liquidity | 321 comps,eBay Raw
10.5,5.52,16.02,2026-03-06,auction,False,,,,1991 Upper Deck - Short Print Michael Jordan Legend #SP1 ...,$25-$112-$112,eBay Raw | Model B - Star / High Liquidity | 321 comps,eBay Raw
25.0,5.52,30.52,2026-03-06,bin,False,,,,1991 Upper Deck Michael Jordan SP1 Short Print Insert Chi...,$25-$112-$112,eBay Raw | Model B - Star / High Liquidity | 321 comps,eBay Raw
22.0,5.07,27.07,2026-03-06,auction,False,,,,1991 Upper Deck - Short Print Michael Jordan #SP1,$25-$112-$112,eBay Raw | Model B - Star / High Liquidity | 321 comps,eBay Raw
24.99,5.52,30.51,2026-03-06,bin,False,,,,1991 Upper Deck - Short Print Michael Jordan #SP1,$25-$112-$112,eBay Raw | Model B - Star / High Liquidity | 321 comps,eBay Raw
27.0,8.83,35.83,2026-03-06,bin,True,,,,1991 Upper Deck - Short Print Michael Jordan #SP1,$25-$112-$112,eBay Raw | Model B - Star / High Liquidity | 321 comps,eBay Raw
95.0,2.5,97.5,2026-03-06,bin,True,,,,1991 Upper Deck - Short Print Michael Jordan #SP1,$25-$112-$112,eBay Raw | Model B - Star / High Liquidity | 321 comps,eBay Raw
25.0,6.0,31.0,2026-03-06,bin,True,,,,1991 Upper Deck - Short Print Michael Jordan #SP1,$25-$112-$112,eBay Raw | Model B - Star / High Liquidity | 321 comps,eBay Raw
18.0,0.0,18.0,2026-03-05,bin,False,,,,Upper Deck Michael Jordan Sp1 Chicago White Sox Baseball ...,$25-$112-$112,eBay Raw | Model B - Star / High Liquidity | 321 comps,eBay Raw
20.0,1.15,21.15,2026-03-05,bin,False,,,,Michael Jordan 1991 Upper Deck RC Baseball SP1 Chicago Ro...,$25-$112-$112,eBay Raw | Model B - Star / High Liquidity | 321 comps,eBay Raw
21.13,12.75,33.88,2026-03-05,auction,False,,,,1991 UPPER DECK #SP1 MICHAEL JORDAN INSERTS,$25-$112-$112,eBay Raw | Model B - Star / High Liquidity | 321 comps,eBay Raw
51.0,5.4,56.4,2026-03-05,bin,True,,,,MICHAEL JORDAN - 1991 UPPER DECK BASEBALL CARD - #SP1,$25-$112-$112,eBay Raw | Model B - Star / High Liquidity | 321 comps,eBay Raw
29.0,4.99,33.99,2026-03-05,auction,False,,,,1991 Upper Deck Michael Jordan Inserts #SP1 White Sox,$25-$112-$112,eBay Raw | Model B - Star / High Liquidity | 321 comps,eBay Raw
19.99,5.99,25.98,2026-03-05,bin,False,,,,1991 Upper Deck Michael Jordan Chicago White Sox #SP1,$25-$112-$112,eBay Raw | Model B - Star / High Liquidity | 321 comps,eBay Raw
10.5,4.85,15.35,2026-03-05,auction,False,,,,1991 Upper Deck Michael Jordan SP1 Short Print Baseball C...,$25-$112-$112,eBay Raw | Model B - Star / High Liquidity | 321 comps,eBay Raw
19.99,1.32,21.31,2026-03-05,bin,True,,,,Upper Deck Michael Jordan Chicago White Sox #SP1 Short Pr...,$25-$112-$112,eBay Raw | Model B - Star / High Liquidity | 321 comps,eBay Raw
24.0,5.0,29.0,2026-03-05,bin,False,,,,1991 Upper Deck #SP1 Michael Jordan SP ROOKIE RC WHITE SOX,$25-$112-$112,eBay Raw | Model B - Star / High Liquidity | 321 comps,eBay Raw
19.99,0.0,19.99,2026-03-05,bin,False,,,,Michael Jordan 1991 Upper Deck #SP1 Chicago White Sox,$25-$112-$112,eBay Raw | Model B - Star / High Liquidity | 321 comps,eBay Raw
15.0,5.07,20.07,2026-03-05,bin,False,,,,1991 Upper Deck Michael Jordan Inserts Rookie RC #SP1 Whi...,$25-$112-$112,eBay Raw | Model B - Star / High Liquidity | 321 comps,eBay Raw
19.99,0.0,19.99,2026-03-05,bin,False,,,,Michael Jordan 1991 Upper Deck #SP1 Chicago White Sox,$25-$112-$112,eBay Raw | Model B - Star / High Liquidity | 321 comps,eBay Raw
23.5,0.0,23.5,2026-03-05,auction,False,,,,Michael Jordan 1991 Upper Deck - Short Print #SP1 1st Bas...,$25-$112-$112,eBay Raw | Model B - Star / High Liquidity | 321 comps,eBay Raw
19.49,1.32,20.81,2026-03-05,bin,False,,,,1991 Upper Deck Michael Jordan RC Baseball SP1 Chicago Ro...,$25-$112-$112,eBay Raw | Model B - Star / High Liquidity | 321 comps,eBay Raw
19.99,1.32,21.31,2026-03-05,bin,False,,,,1991 Upper Deck - Short Print Michael Jordan #SP1,$25-$112-$112,eBay Raw | Model B - Star / High Liquidity | 321 comps,eBay Raw
15.5,5.2,20.7,2026-03-05,auction,False,,,,1991 Upper Deck - Short Print Michael Jordan #SP1,$25-$112-$112,eBay Raw | Model B - Star / High Liquidity | 321 comps,eBay Raw
19.98,7.7,27.68,2026-03-05,bin,False,,,,1991 Upper Deck Michael Jordan SP1 Chicago White Sox Shor...,$25-$112-$112,eBay Raw | Model B - Star / High Liquidity | 321 comps,eBay Raw
23.41,4.99,28.4,2026-03-05,bin,True,,,,1991 Upper Deck #SP1 Michael Jordan ICONIC Short Print,$25-$112-$112,eBay Raw | Model B - Star / High Liquidity | 321 comps,eBay Raw
19.99,0.74,20.73,2026-03-05,bin,False,,,,1991 Upper Deck #SP1 Michael Jordan,$25-$112-$112,eBay Raw | Model B - Star / High Liquidity | 321 comps,eBay Raw
19.99,1.32,21.31,2026-03-05,bin,False,,,,1991 Upper Deck Michael Jordan SP1 Insert Chicago White S...,$25-$112-$112,eBay Raw | Model B - Star / High Liquidity | 321 comps,eBay Raw
48.0,5.2,53.2,2026-03-05,bin,False,,,2.0,1991 UPPER DECK MICHAEL JORDAN 2 Two Pair ROOKIE BASEBALL...,$25-$112-$112,eBay Raw | Model B - Star / High Liquidity | 321 comps,eBay Raw
14.5,4.99,19.49,2026-03-04,auction,False,,,,1991 Upper Deck Short Print Michael Jordan #SP1 HOF,$25-$112-$112,eBay Raw | Model B - Star / High Liquidity | 321 comps,eBay Raw
29.0,4.95,33.95,2026-03-04,auction,False,,,,1991 Upper Deck RC #SP1 MICHAEL JORDAN Rookie 🔥 MINT Base...,$25-$112-$112,eBay Raw | Model B - Star / High Liquidity | 321 comps,eBay Raw
23.0,0.0,23.0,2026-03-04,bin,False,,,,1991 Upper Deck - Short Print Michael Jordan #SP1,$25-$112-$112,eBay Raw | Model B - Star / High Liquidity | 321 comps,eBay Raw
19.5,1.5,21.0,2026-03-04,auction,False,,,,1991 Upper Deck #SP1 Michael Jordan ROOKIE MINT! White So...,$25-$112-$112,eBay Raw | Model B - Star / High Liquidity | 321 comps,eBay Raw
10.89,5.0,15.89,2026-03-04,auction,False,,,,1991 Upper Deck - Michael Jordan #SP1,$25-$112-$112,eBay Raw | Model B - Star / High Liquidity | 321 comps,eBay Raw
18.58,0.0,18.58,2026-03-04,auction,False,,,,Michael Jordan 1991 Upper Deck Baseball SHORT PRINT Inser...,$25-$112-$112,eBay Raw | Model B - Star / High Liquidity | 321 comps,eBay Raw
19.99,1.32,21.31,2026-03-04,bin,False,,,,1991 Upper Deck - Short Print Michael Jordan #SP1,$25-$112-$112,eBay Raw | Model B - Star / High Liquidity | 321 comps,eBay Raw
19.98,1.49,21.47,2026-03-04,bin,True,,,,Upper Deck Michael Jordan Chicago White Sox #SP1 Short Pr...,$25-$112-$112,eBay Raw | Model B - Star / High Liquidity | 321 comps,eBay Raw
19.99,1.32,21.31,2026-03-04,bin,True,,,,1991 Upper Deck - Short Print #SP1 Michael Jordan basebal...,$25-$112-$112,eBay Raw | Model B - Star / High Liquidity | 321 comps,eBay Raw
24.5,5.52,30.02,2026-03-04,auction,False,,,,1991 Upper Deck Michael Jordan Baseball Rookie SP1 Short ...,$25-$112-$112,eBay Raw | Model B - Star / High Liquidity | 321 comps,eBay Raw
29.95,5.52,35.47,2026-03-04,bin,False,,,,1991 Upper Deck - Michael Jordan #SP1,$25-$112-$112,eBay Raw | Model B - Star / High Liquidity | 321 comps,eBay Raw
1100.0,20.0,1120.0,2026-03-17,auction,False,,PSA,10.0,1991 UPPER DECK #SP1 MICHAEL JORDAN WHITE SOX PSA 10,$981-$1072-$1072,eBay PSA 10 | Model B - Star / High Liquidity | 10 comps,eBay PSA 10
1200.0,5.99,1205.99,2026-03-17,bin,False,,PSA,10.0,1991 UD #SP1 MICHAEL JORDAN PSA 10,$981-$1072-$1072,eBay PSA 10 | Model B - Star / High Liquidity | 10 comps,eBay PSA 10
1049.99,12.48,1062.47,2026-03-16,bin,False,,PSA,10.0,1991 Upper Deck Michael Jordan #SP1 PSA 10 GEM MINT - RAR...,$981-$1072-$1072,eBay PSA 10 | Model B - Star / High Liquidity | 10 comps,eBay PSA 10
1100.0,5.0,1105.0,2026-03-15,auction,False,,PSA,10.0,1991 UPPER DECK #SP1 MICHAEL JORDAN PSA 10 SUPER COOL PSA 10,$981-$1072-$1072,eBay PSA 10 | Model B - Star / High Liquidity | 10 comps,eBay PSA 10
915.0,5.62,920.62,2026-03-14,auction,False,,PSA,10.0,1991 Upper Deck Michael Jordan SP1 Short Print Insert PSA...,$981-$1072-$1072,eBay PSA 10 | Model B - Star / High Liquidity | 10 comps,eBay PSA 10
880.0,18.0,898.0,2026-03-11,auction,False,,PSA,10.0,1991 Upper Deck #SP1 Michael Jordan Chicago White Sox HOF...,$981-$1072-$1072,eBay PSA 10 | Model B - Star / High Liquidity | 10 comps,eBay PSA 10
900.0,5.16,905.16,2026-03-08,auction,False,,PSA,10.0,1991 Upper Deck Short Print Michael Jordan #SP1 PSA10 Gem...,$981-$1072-$1072,eBay PSA 10 | Model B - Star / High Liquidity | 10 comps,eBay PSA 10
889.0,5.99,894.99,2026-03-08,auction,False,,PSA,10.0,1991 UPPER DECK #SP1 MICHAEL JORDAN PSA 10,$981-$1072-$1072,eBay PSA 10 | Model B - Star / High Liquidity | 10 comps,eBay PSA 10
912.0,7.0,919.0,2026-03-08,auction,False,,PSA,10.0,1991 Upper Deck Baseball #SP1 MICHAEL JORDAN PSA 10 Gem M...,$981-$1072-$1072,eBay PSA 10 | Model B - Star / High Liquidity | 10 comps,eBay PSA 10
1036.0,5.99,1041.99,2026-03-08,auction,False,,PSA,10.0,1991 UPPER DECK #SP1 MICHAEL JORDAN PSA 10,$981-$1072-$1072,eBay PSA 10 | Model B - Star / High Liquidity | 10 comps,eBay PSA 10
103.67,5.5,109.17,2026-03-21,auction,False,,PSA,9.0,1991 Upper Deck #SP1 Michael Jordan Baseball (RC) fresh g...,$103-$106-$106,eBay PSA 9 | Model B - Star / High Liquidity | 65 comps,eBay PSA 9
94.99,5.07,100.06,2026-03-21,bin,False,,PSA,9.0,1991 Upper Deck Michael Jordan #SP1 PSA 9 MINT,$103-$106-$106,eBay PSA 9 | Model B - Star / High Liquidity | 65 comps,eBay PSA 9
110.0,7.95,117.95,2026-03-20,bin,False,,PSA,9.0,1991 Upper Deck Michael Jordan #SP1 PSA 9,$103-$106-$106,eBay PSA 9 | Model B - Star / High Liquidity | 65 comps,eBay PSA 9
95.0,5.55,100.55,2026-03-20,bin,False,,PSA,9.0,1991 Upper Deck Michael Jordan #SP1 PSA 9 MINT,$103-$106-$106,eBay PSA 9 | Model B - Star / High Liquidity | 65 comps,eBay PSA 9
125.0,5.2,130.2,2026-03-19,bin,False,,PSA,9.0,1991 Upper Deck Michael Jordan #SP1 PSA 9,$103-$106-$106,eBay PSA 9 | Model B - Star / High Liquidity | 65 comps,eBay PSA 9
92.0,5.45,97.45,2026-03-19,auction,False,,PSA,9.0,1991 Upper Deck Michael Jordan SP1 PSA Mint 9,$103-$106-$106,eBay PSA 9 | Model B - Star / High Liquidity | 65 comps,eBay PSA 9
99.99,5.45,105.44,2026-03-19,bin,False,,PSA,9.0,Michael Jordan 1991 Upper Deck SP1 PSA 9 MINT Baseball Ro...,$103-$106-$106,eBay PSA 9 | Model B - Star / High Liquidity | 65 comps,eBay PSA 9
100.0,5.52,105.52,2026-03-18,bin,False,,PSA,9.0,1991 Upper Deck #SP1 Michael Jordan Chicago White Sox HOF...,$103-$106-$106,eBay PSA 9 | Model B - Star / High Liquidity | 65 comps,eBay PSA 9
99.99,5.45,105.44,2026-03-18,bin,False,,PSA,9.0,Michael Jordan 1991 Upper Deck SP1 PSA 9 MINT Baseball Ro...,$103-$106-$106,eBay PSA 9 | Model B - Star / High Liquidity | 65 comps,eBay PSA 9
95.0,0.0,95.0,2026-03-18,bin,False,,PSA,9.0,1991 Upper Deck MICHAEL JORDAN Baseball #sp1 PSA 9 - MINT,$103-$106-$106,eBay PSA 9 | Model B - Star / High Liquidity | 65 comps,eBay PSA 9
89.0,5.99,94.99,2026-03-17,bin,False,,PSA,9.0,1991 UD #SP1 MICHAEL JORDAN PSA 9,$103-$106-$106,eBay PSA 9 | Model B - Star / High Liquidity | 65 comps,eBay PSA 9
99.99,5.45,105.44,2026-03-17,bin,False,,PSA,9.0,Michael Jordan 1991 Upper Deck SP1 PSA 9 MINT Baseball Ro...,$103-$106-$106,eBay PSA 9 | Model B - Star / High Liquidity | 65 comps,eBay PSA 9
115.0,5.99,120.99,2026-03-17,bin,False,,PSA,9.0,1991 UD #SP1 MICHAEL JORDAN PSA 9,$103-$106-$106,eBay PSA 9 | Model B - Star / High Liquidity | 65 comps,eBay PSA 9
95.0,0.0,95.0,2026-03-17,bin,False,,PSA,9.0,1991 Upper Deck MICHAEL JORDAN Baseball #sp1 PSA 9 - MINT,$103-$106-$106,eBay PSA 9 | Model B - Star / High Liquidity | 65 comps,eBay PSA 9
125.0,0.0,125.0,2026-03-16,bin,False,,PSA,9.0,1991 Upper Deck #SP1 Michael Jordan PSA 9 HOF Chicago Whi...,$103-$106-$106,eBay PSA 9 | Model B - Star / High Liquidity | 65 comps,eBay PSA 9
124.95,13.3,138.25,2026-03-16,bin,False,,PSA,9.0,Michael Jordan 1991 Upper Deck Rookie card #SP1 PSA MINT ...,$103-$106-$106,eBay PSA 9 | Model B - Star / High Liquidity | 65 comps,eBay PSA 9
125.0,5.07,130.07,2026-03-16,bin,True,,PSA,9.0,1991 UPPER DECK SP1 MICHAEL JORDAN BASEBALL ROOKIE (RC) P...,$103-$106-$106,eBay PSA 9 | Model B - Star / High Liquidity | 65 comps,eBay PSA 9
104.0,5.52,109.52,2026-03-16,bin,True,,PSA,9.0,Upper Deck 1991 Michael Jordan SP1 Chicago White Sox Shor...,$103-$106-$106,eBay PSA 9 | Model B - Star / High Liquidity | 65 comps,eBay PSA 9
95.0,0.0,95.0,2026-03-16,bin,False,,PSA,9.0,1991 Upper Deck MICHAEL JORDAN Baseball #sp1 PSA 9 - MINT,$103-$106-$106,eBay PSA 9 | Model B - Star / High Liquidity | 65 comps,eBay PSA 9
89.0,7.95,96.95,2026-03-16,auction,False,,PSA,9.0,1991 Upper Deck Michael Jordan #SP1 Short Print Baseball ...,$103-$106-$106,eBay PSA 9 | Model B - Star / High Liquidity | 65 comps,eBay PSA 9
81.0,5.5,86.5,2026-03-16,auction,False,,PSA,9.0,1991 Upper Deck #SP1 Michael Jordan Chicago White Sox Bas...,$103-$106-$106,eBay PSA 9 | Model B - Star / High Liquidity | 65 comps,eBay PSA 9
99.0,10.77,109.77,2026-03-16,bin,False,,PSA,9.0,1991 Upper Deck Michael Jordan #SP1 PSA 9 Chicago White Sox,$103-$106-$106,eBay PSA 9 | Model B - Star / High Liquidity | 65 comps,eBay PSA 9
99.99,6.99,106.98,2026-03-16,bin,False,,PSA,9.0,PSA 9 1991 Upper Deck #SP1 Michael Jordan Mint HOF Rookie...,$103-$106-$106,eBay PSA 9 | Model B - Star / High Liquidity | 65 comps,eBay PSA 9
125.0,6.0,131.0,2026-03-16,bin,False,,PSA,9.0,1991 Upper Deck Michael Jordan #SP1 PSA 9,$103-$106-$106,eBay PSA 9 | Model B - Star / High Liquidity | 65 comps,eBay PSA 9
99.0,10.77,109.77,2026-03-16,bin,False,,PSA,9.0,1991 Upper Deck Michael Jordan #SP1 PSA 9 Chicago White Sox,$103-$106-$106,eBay PSA 9 | Model B - Star / High Liquidity | 65 comps,eBay PSA 9
103.96,0.0,103.96,2026-03-15,bin,False,,PSA,9.0,1991 Upper Deck #SP1 Michael Jordan ROOKIE RC PSA 9 Grade...,$103-$106-$106,eBay PSA 9 | Model B - Star / High Liquidity | 65 comps,eBay PSA 9
106.73,5.77,112.5,2026-03-15,auction,False,,PSA,9.0,1991 UPPER DECK #SP1 MICHAEL JORDAN PSA 9 and psa 8 inclu...,$103-$106-$106,eBay PSA 9 | Model B - Star / High Liquidity | 65 comps,eBay PSA 9
80.0,5.0,85.0,2026-03-15,bin,False,,PSA,9.0,1991 Upper Deck #SP1 Michael Jordan Chicago White Sox HOF...,$103-$106-$106,eBay PSA 9 | Model B - Star / High Liquidity | 65 comps,eBay PSA 9
105.0,0.0,105.0,2026-03-15,bin,True,,PSA,9.0,Upper Deck 1991 Short Print Insert Michael Jordan Chicago...,$103-$106-$106,eBay PSA 9 | Model B - Star / High Liquidity | 65 comps,eBay PSA 9
99.99,0.0,99.99,2026-03-14,bin,True,,PSA,9.0,1991 UPPER DECK SP1 MICHAEL JORDAN PSA 9,$103-$106-$106,eBay PSA 9 | Model B - Star / High Liquidity | 65 comps,eBay PSA 9
98.0,5.2,103.2,2026-03-14,bin,False,,PSA,9.0,1991 UPPER DECK SP1 MICHAEL JORDAN PSA 9,$103-$106-$106,eBay PSA 9 | Model B - Star / High Liquidity | 65 comps,eBay PSA 9
99.99,6.0,105.99,2026-03-13,bin,False,,PSA,9.0,1991 Upper Deck #SP1 Michael Jordan psa 9 Mint HOF,$103-$106-$106,eBay PSA 9 | Model B - Star / High Liquidity | 65 comps,eBay PSA 9
94.94,5.99,100.93,2026-03-12,bin,False,,PSA,9.0,1991 UD #SP1 MICHAEL JORDAN PSA 9,$103-$106-$106,eBay PSA 9 | Model B - Star / High Liquidity | 65 comps,eBay PSA 9
95.0,5.99,100.99,2026-03-12,bin,False,,PSA,9.0,1991 UD #SP1 MICHAEL JORDAN PSA 9,$103-$106-$106,eBay PSA 9 | Model B - Star / High Liquidity | 65 comps,eBay PSA 9
90.0,4.99,94.99,2026-03-12,auction,False,,PSA,9.0,1991 Upper Deck Michael Jordan Inserts #SP1 White Sox PSA 9,$103-$106-$106,eBay PSA 9 | Model B - Star / High Liquidity | 65 comps,eBay PSA 9
99.99,5.45,105.44,2026-03-12,bin,True,,PSA,9.0,Michael Jordan 1991 Upper Deck SP1 PSA 9 MINT Baseball Ro...,$103-$106-$106,eBay PSA 9 | Model B - Star / High Liquidity | 65 comps,eBay PSA 9
99.99,5.99,105.98,2026-03-11,bin,False,,PSA,9.0,1991 UD #SP1 MICHAEL JORDAN PSA 9,$103-$106-$106,eBay PSA 9 | Model B - Star / High Liquidity | 65 comps,eBay PSA 9
99.99,5.45,105.44,2026-03-11,bin,False,,PSA,9.0,Michael Jordan 1991 Upper Deck SP1 PSA 9 MINT Baseball Ro...,$103-$106-$106,eBay PSA 9 | Model B - Star / High Liquidity | 65 comps,eBay PSA 9
99.99,8.99,108.98,2026-03-10,bin,False,,PSA,9.0,1991 Upper Deck Michael Jordan #SP1 Short Print Insert Ch...,$103-$106-$106,eBay PSA 9 | Model B - Star / High Liquidity | 65 comps,eBay PSA 9
89.0,5.99,94.99,2026-03-10,auction,False,,PSA,9.0,1991 Upper Deck #SP1 Michael Jordan PSA 9 Mint,$103-$106-$106,eBay PSA 9 | Model B - Star / High Liquidity | 65 comps,eBay PSA 9
148.0,4.99,152.99,2026-03-10,bin,True,,PSA,9.0,PSA MINT 1991 Upper Deck #SP1 Michael AIR JORDAN Graded *...,$103-$106-$106,eBay PSA 9 | Model B - Star / High Liquidity | 65 comps,eBay PSA 9
85.0,4.99,89.99,2026-03-10,auction,False,,PSA,9.0,1991 Upper Deck Michael Jordan Inserts #SP1 White Sox PSA 9,$103-$106-$106,eBay PSA 9 | Model B - Star / High Liquidity | 65 comps,eBay PSA 9
25.85,3.99,29.84,2026-03-10,auction,False,,PSA,9.0,1991 Upper Deck - Short Print Michael Jordan #SP1 Perfect...,$103-$106-$106,eBay PSA 9 | Model B - Star / High Liquidity | 65 comps,eBay PSA 9
98.0,5.45,103.45,2026-03-10,auction,False,,PSA,9.0,1991 Upper Deck Michael Jordan SP1 PSA 9,$103-$106-$106,eBay PSA 9 | Model B - Star / High Liquidity | 65 comps,eBay PSA 9
95.0,0.0,95.0,2026-03-10,bin,False,,PSA,9.0,1991 Upper Deck MICHAEL JORDAN Baseball #sp1 PSA 9 - MINT,$103-$106-$106,eBay PSA 9 | Model B - Star / High Liquidity | 65 comps,eBay PSA 9
150.0,7.95,157.95,2026-03-10,bin,True,,PSA,9.0,1991 Upper Deck Baseball Michael Jordan #SP1 PSA 9 MINT C...,$103-$106-$106,eBay PSA 9 | Model B - Star / High Liquidity | 65 comps,eBay PSA 9
100.0,5.07,105.07,2026-03-09,bin,False,,PSA,9.0,Upper Deck 1991 Michael Jordan Short Print Insert SP1 PSA...,$103-$106-$106,eBay PSA 9 | Model B - Star / High Liquidity | 65 comps,eBay PSA 9
100.0,5.45,105.45,2026-03-09,bin,False,,PSA,9.0,1991 Upper Deck #SP1 Michael Jordan ROOKIE RC PSA 9 Grade...,$103-$106-$106,eBay PSA 9 | Model B - Star / High Liquidity | 65 comps,eBay PSA 9
95.0,0.0,95.0,2026-03-09,bin,False,,PSA,9.0,1991 Upper Deck MICHAEL JORDAN Baseball #sp1 PSA 9 - MINT,$103-$106-$106,eBay PSA 9 | Model B - Star / High Liquidity | 65 comps,eBay PSA 9
89.99,5.99,95.98,2026-03-09,bin,False,,PSA,9.0,1991 Upper Deck UD Michael Jordan #SP1 Rookie Baseball Ca...,$103-$106-$106,eBay PSA 9 | Model B - Star / High Liquidity | 65 comps,eBay PSA 9
89.0,6.0,95.0,2026-03-08,auction,False,,PSA,9.0,MICHAEL JORDAN 1991 UPPER DECK BASEBALL SP1 CHICAGO WHITE...,$103-$106-$106,eBay PSA 9 | Model B - Star / High Liquidity | 65 comps,eBay PSA 9
81.0,5.99,86.99,2026-03-08,auction,False,,PSA,9.0,1991 UD #SP1 MICHAEL JORDAN PSA 9,$103-$106-$106,eBay PSA 9 | Model B - Star / High Liquidity | 65 comps,eBay PSA 9
81.0,5.99,86.99,2026-03-08,auction,False,,PSA,9.0,1991 UD #SP1 MICHAEL JORDAN PSA 9,$103-$106-$106,eBay PSA 9 | Model B - Star / High Liquidity | 65 comps,eBay PSA 9
85.99,5.99,91.98,2026-03-08,auction,False,,PSA,9.0,1991 UD #SP1 MICHAEL JORDAN PSA 9,$103-$106-$106,eBay PSA 9 | Model B - Star / High Liquidity | 65 comps,eBay PSA 9
83.88,5.99,89.87,2026-03-08,auction,False,,PSA,9.0,1991 UD #SP1 MICHAEL JORDAN PSA 9,$103-$106-$106,eBay PSA 9 | Model B - Star / High Liquidity | 65 comps,eBay PSA 9
81.0,5.99,86.99,2026-03-08,auction,False,,PSA,9.0,1991 UD #SP1 MICHAEL JORDAN PSA 9,$103-$106-$106,eBay PSA 9 | Model B - Star / High Liquidity | 65 comps,eBay PSA 9
81.0,5.99,86.99,2026-03-08,auction,False,,PSA,9.0,1991 UD #SP1 MICHAEL JORDAN PSA 9,$103-$106-$106,eBay PSA 9 | Model B - Star / High Liquidity | 65 comps,eBay PSA 9
81.0,5.99,86.99,2026-03-08,auction,False,,PSA,9.0,1991 UD #SP1 MICHAEL JORDAN PSA 9,$103-$106-$106,eBay PSA 9 | Model B - Star / High Liquidity | 65 comps,eBay PSA 9
98.0,5.99,103.99,2026-03-07,auction,False,,PSA,9.0,1991 UPPER DECK #SP1 MICHAEL JORDAN PSA 9,$103-$106-$106,eBay PSA 9 | Model B - Star / High Liquidity | 65 comps,eBay PSA 9
102.5,5.99,108.49,2026-03-07,auction,False,,PSA,9.0,1991 UPPER DECK #SP1 MICHAEL JORDAN PSA 9,$103-$106-$106,eBay PSA 9 | Model B - Star / High Liquidity | 65 comps,eBay PSA 9
91.0,4.99,95.99,2026-03-07,auction,False,,PSA,9.0,1991 Upper Deck Michael Jordan Inserts #SP1 White Sox PSA 9,$103-$106-$106,eBay PSA 9 | Model B - Star / High Liquidity | 65 comps,eBay PSA 9
84.02,0.0,84.02,2026-03-06,auction,False,,PSA,9.0,1991 upper deck michael jordan sp1 psa 9,$103-$106-$106,eBay PSA 9 | Model B - Star / High Liquidity | 65 comps,eBay PSA 9
99.0,4.88,103.88,2026-03-06,bin,True,,PSA,9.0,1991 Upper Deck - Michael Jordan - PSA 9 #SP1,$103-$106-$106,eBay PSA 9 | Model B - Star / High Liquidity | 65 comps,eBay PSA 9
89.89,5.25,95.14,2026-03-05,auction,False,,PSA,9.0,1991 UPPER DECK MICHAEL JORDAN #SP1 PSA 9,$103-$106-$106,eBay PSA 9 | Model B - Star / High Liquidity | 65 comps,eBay PSA 9
103.96,0.0,103.96,2026-03-05,bin,False,,PSA,9.0,1991 Upper Deck #SP1 Michael Jordan ROOKIE RC PSA 9 Grade...,$103-$106-$106,eBay PSA 9 | Model B - Star / High Liquidity | 65 comps,eBay PSA 9
69.95,0.0,69.95,2026-03-12,bin,False,,PSA,8.5,1991 Upper Deck Michael Jordan #SP1 PSA NM-MT+ 8.5,$70-$63-$63,eBay PSA 8.5 | Model B - Star / High Liquidity | 1 comp,eBay PSA 8.5
42.0,4.99,46.99,2026-03-21,auction,False,,PSA,8.0,1991 Upper Deck Michael Jordan Inserts #SP1 White Sox PSA 8,$42-$47-$47,eBay PSA 8 | Model B - Star / High Liquidity | 53 comps,eBay PSA 8
23.32,14.57,37.89,2026-03-21,auction,False,,PSA,8.0,Michael Jordan 1991 Upper Deck Baseball SP1 • PSA 8 Chica...,$42-$47-$47,eBay PSA 8 | Model B - Star / High Liquidity | 53 comps,eBay PSA 8
36.0,5.99,41.99,2026-03-20,auction,False,,PSA,8.0,1991 UPPER DECK #SP1 MICHAEL JORDAN PSA 8,$42-$47-$47,eBay PSA 8 | Model B - Star / High Liquidity | 53 comps,eBay PSA 8
39.99,5.99,45.98,2026-03-20,bin,False,,PSA,8.0,MICHAEL JORDAN 1991 Upper Deck #SP1 PSA 8 NM-MT Chicago W...,$42-$47-$47,eBay PSA 8 | Model B - Star / High Liquidity | 53 comps,eBay PSA 8
38.0,5.39,43.39,2026-03-20,bin,False,,PSA,8.0,Michael Jordan 1991 Upper Deck SP Baseball #SP1 PSA 8 NM-...,$42-$47-$47,eBay PSA 8 | Model B - Star / High Liquidity | 53 comps,eBay PSA 8
45.0,4.78,49.78,2026-03-19,auction,False,,PSA,8.0,1991 Upper Deck - Short Print Michael Jordan #SP1 PSA 8,$42-$47-$47,eBay PSA 8 | Model B - Star / High Liquidity | 53 comps,eBay PSA 8
38.0,5.5,43.5,2026-03-19,auction,False,,PSA,8.0,1991 Upper Deck #SP1 Michael Jordan Chicago White Sox HOF...,$42-$47-$47,eBay PSA 8 | Model B - Star / High Liquidity | 53 comps,eBay PSA 8
35.0,5.07,40.07,2026-03-19,auction,False,,PSA,8.0,1991 Upper Deck - Michael Jordan #SP1 Baseball PSA 8,$42-$47-$47,eBay PSA 8 | Model B - Star / High Liquidity | 53 comps,eBay PSA 8
34.0,5.99,39.99,2026-03-18,auction,False,,PSA,8.0,1991 UPPER DECK #SP1 MICHAEL JORDAN PSA 8,$42-$47-$47,eBay PSA 8 | Model B - Star / High Liquidity | 53 comps,eBay PSA 8
49.99,4.99,54.98,2026-03-18,bin,False,,PSA,8.0,Michael Jordan 1991 Upper Deck SP Baseball #SP1 PSA 8 NM-...,$42-$47-$47,eBay PSA 8 | Model B - Star / High Liquidity | 53 comps,eBay PSA 8
38.0,7.95,45.95,2026-03-17,bin,False,,PSA,8.0,PSA 8 Upper Deck 1991 SP1 Michael Jordan Rookie Chicago W...,$42-$47-$47,eBay PSA 8 | Model B - Star / High Liquidity | 53 comps,eBay PSA 8
36.0,5.52,41.52,2026-03-17,auction,False,,PSA,8.0,Upper Deck 1991 Michael Jordan #SP1 Short Print Chicago W...,$42-$47-$47,eBay PSA 8 | Model B - Star / High Liquidity | 53 comps,eBay PSA 8
66.0,7.95,73.95,2026-03-16,auction,False,,PSA,8.0,"1991 Upper Deck #SP1 Michael Jordan Pair, PSA 8 NM-MT & P...",$42-$47-$47,eBay PSA 8 | Model B - Star / High Liquidity | 53 comps,eBay PSA 8
35.0,6.0,41.0,2026-03-16,bin,False,,PSA,8.0,1991 UPPER DECK #SP1 MICHAEL JORDAN PSA 8,$42-$47-$47,eBay PSA 8 | Model B - Star / High Liquidity | 53 comps,eBay PSA 8
36.99,5.52,42.51,2026-03-16,bin,False,,PSA,8.0,1991 Upper Deck - Michael Jordan #SP1 Baseball PSA 8,$42-$47-$47,eBay PSA 8 | Model B - Star / High Liquidity | 53 comps,eBay PSA 8
40.0,4.0,44.0,2026-03-15,bin,True,,PSA,8.0,1991 Upper Deck - Short Print Michael Jordan #SP1 PSA 8,$42-$47-$47,eBay PSA 8 | Model B - Star / High Liquidity | 53 comps,eBay PSA 8
34.0,4.99,38.99,2026-03-14,auction,False,,PSA,8.0,1991 Upper Deck Short Print Michael Jordan #SP1 PSA 8 HOF,$42-$47-$47,eBay PSA 8 | Model B - Star / High Liquidity | 53 comps,eBay PSA 8
39.99,5.0,44.99,2026-03-14,bin,True,,PSA,8.0,1991 Upper Deck - Short Print No Hologram #SP1 Michael Jo...,$42-$47-$47,eBay PSA 8 | Model B - Star / High Liquidity | 53 comps,eBay PSA 8
37.0,5.99,42.99,2026-03-13,auction,False,,PSA,8.0,1991 UPPER DECK #SP1 MICHAEL JORDAN PSA 8,$42-$47-$47,eBay PSA 8 | Model B - Star / High Liquidity | 53 comps,eBay PSA 8
39.0,5.99,44.99,2026-03-12,bin,True,,PSA,8.0,1991 UD #SP1 MICHAEL JORDAN PSA 8,$42-$47-$47,eBay PSA 8 | Model B - Star / High Liquidity | 53 comps,eBay PSA 8
34.55,5.99,40.54,2026-03-12,auction,False,,PSA,8.0,1991 UPPER DECK #SP1 MICHAEL JORDAN PSA 8,$42-$47-$47,eBay PSA 8 | Model B - Star / High Liquidity | 53 comps,eBay PSA 8
40.0,6.0,46.0,2026-03-12,bin,True,,PSA,8.0,1991 Upper Deck - Short Print Michael Jordan #SP1 PSA 8,$42-$47-$47,eBay PSA 8 | Model B - Star / High Liquidity | 53 comps,eBay PSA 8
11.29,17.23,28.52,2026-03-12,auction,False,,PSA,8.0,1991 Upper Deck - Short Print #SP1 Michael Jordan PSA 8,$42-$47-$47,eBay PSA 8 | Model B - Star / High Liquidity | 53 comps,eBay PSA 8
34.0,5.52,39.52,2026-03-11,bin,False,,PSA,8.0,1991 Upper Deck - Short Print Michael Jordan #SP1 PSA 8,$42-$47-$47,eBay PSA 8 | Model B - Star / High Liquidity | 53 comps,eBay PSA 8
44.0,5.99,49.99,2026-03-11,bin,False,,PSA,8.0,1991 UD #SP1 MICHAEL JORDAN PSA 8,$42-$47-$47,eBay PSA 8 | Model B - Star / High Liquidity | 53 comps,eBay PSA 8
35.0,5.52,40.52,2026-03-11,auction,False,,PSA,8.0,Michael Jordan 1991 Upper Deck SP1 PSA 8 NM-MT,$42-$47-$47,eBay PSA 8 | Model B - Star / High Liquidity | 53 comps,eBay PSA 8
50.0,5.52,55.52,2026-03-11,bin,False,,PSA,8.0,MICHAEL JORDAN 1991 UPPER DECK BASEBALL #SP1 PSA 8 NM-MT,$42-$47-$47,eBay PSA 8 | Model B - Star / High Liquidity | 53 comps,eBay PSA 8
50.0,0.0,50.0,2026-03-11,bin,True,,PSA,8.0,1991 Upper Deck #SP1 - Michael Jordan Short Print PSA 8 N...,$42-$47-$47,eBay PSA 8 | Model B - Star / High Liquidity | 53 comps,eBay PSA 8
26.01,4.99,31.0,2026-03-10,auction,False,,PSA,8.0,1991 Upper Deck Michael Jordan Inserts #SP1 White Sox PSA 8,$42-$47-$47,eBay PSA 8 | Model B - Star / High Liquidity | 53 comps,eBay PSA 8
33.0,4.99,37.99,2026-03-10,auction,False,,PSA,8.0,1991 Upper Deck Michael Jordan Inserts #SP1 White Sox PSA 8,$42-$47-$47,eBay PSA 8 | Model B - Star / High Liquidity | 53 comps,eBay PSA 8
37.0,4.99,41.99,2026-03-10,auction,False,,PSA,8.0,1991 Upper Deck Michael Jordan Inserts #SP1 White Sox PSA 8,$42-$47-$47,eBay PSA 8 | Model B - Star / High Liquidity | 53 comps,eBay PSA 8
40.0,5.0,45.0,2026-03-10,auction,False,,PSA,8.0,1991 UPPER DECK #SP1 MICHAEL JORDAN WHITE SOX PSA 8,$42-$47-$47,eBay PSA 8 | Model B - Star / High Liquidity | 53 comps,eBay PSA 8
34.0,5.52,39.52,2026-03-10,auction,False,,PSA,8.0,1991 Upper Deck - Michael Jordan #SP1 PSA 8 Chicago Bulls...,$42-$47-$47,eBay PSA 8 | Model B - Star / High Liquidity | 53 comps,eBay PSA 8
39.99,5.2,45.19,2026-03-10,bin,False,,PSA,8.0,1991 Upper Deck - Short Print Michael Jordan #SP1 PSA 8,$42-$47-$47,eBay PSA 8 | Model B - Star / High Liquidity | 53 comps,eBay PSA 8
40.0,5.65,45.65,2026-03-09,bin,False,,PSA,8.0,1991 Upper Deck Baseball - Short Print Michael Jordan GOA...,$42-$47-$47,eBay PSA 8 | Model B - Star / High Liquidity | 53 comps,eBay PSA 8
22.59,14.57,37.16,2026-03-09,auction,False,,PSA,8.0,Michael Jordan 1991 Upper Deck Baseball SP1 • PSA 8 Chica...,$42-$47-$47,eBay PSA 8 | Model B - Star / High Liquidity | 53 comps,eBay PSA 8
35.0,5.45,40.45,2026-03-09,bin,False,,PSA,8.0,1991 Upper Deck Michael Jordan- #SP1 - PSA 8 NM-MT,$42-$47-$47,eBay PSA 8 | Model B - Star / High Liquidity | 53 comps,eBay PSA 8
30.51,5.45,35.96,2026-03-09,auction,False,,PSA,8.0,1991 Upper Deck Short Print Michael Jordan SP1 Insert PSA...,$42-$47-$47,eBay PSA 8 | Model B - Star / High Liquidity | 53 comps,eBay PSA 8
60.0,5.0,65.0,2026-03-09,bin,False,,PSA,8.0,1991 UPPER DECK #SP1 MICHAEL JORDAN CHICAGO WHITE SOX BAS...,$42-$47-$47,eBay PSA 8 | Model B - Star / High Liquidity | 53 comps,eBay PSA 8
29.99,7.55,37.54,2026-03-08,auction,False,,PSA,8.0,1991 Upper Deck #SP1 Michael Jordan PSA 8 NM-MT,$42-$47-$47,eBay PSA 8 | Model B - Star / High Liquidity | 53 comps,eBay PSA 8
31.0,5.99,36.99,2026-03-08,auction,False,,PSA,8.0,1991 UD #SP1 MICHAEL JORDAN PSA 8,$42-$47-$47,eBay PSA 8 | Model B - Star / High Liquidity | 53 comps,eBay PSA 8
32.23,5.99,38.22,2026-03-08,auction,False,,PSA,8.0,1991 UD #SP1 MICHAEL JORDAN PSA 8,$42-$47-$47,eBay PSA 8 | Model B - Star / High Liquidity | 53 comps,eBay PSA 8
30.51,5.99,36.5,2026-03-08,auction,False,,PSA,8.0,1991 UD #SP1 MICHAEL JORDAN PSA 8,$42-$47-$47,eBay PSA 8 | Model B - Star / High Liquidity | 53 comps,eBay PSA 8
26.0,5.99,31.99,2026-03-08,auction,False,,PSA,8.0,1991 UD #SP1 MICHAEL JORDAN PSA 8,$42-$47-$47,eBay PSA 8 | Model B - Star / High Liquidity | 53 comps,eBay PSA 8
31.0,5.99,36.99,2026-03-08,auction,False,,PSA,8.0,1991 UD #SP1 MICHAEL JORDAN PSA 8,$42-$47-$47,eBay PSA 8 | Model B - Star / High Liquidity | 53 comps,eBay PSA 8
28.88,5.99,34.87,2026-03-08,auction,False,,PSA,8.0,1991 UD #SP1 MICHAEL JORDAN PSA 8,$42-$47-$47,eBay PSA 8 | Model B - Star / High Liquidity | 53 comps,eBay PSA 8
27.0,5.99,32.99,2026-03-08,auction,False,,PSA,8.0,1991 UD #SP1 MICHAEL JORDAN PSA 8,$42-$47-$47,eBay PSA 8 | Model B - Star / High Liquidity | 53 comps,eBay PSA 8
34.0,8.1,42.1,2026-03-07,bin,False,,PSA,8.0,1991 Upper Deck Baseball - Michael Jordan #SP1 PSA Graded...,$42-$47-$47,eBay PSA 8 | Model B - Star / High Liquidity | 53 comps,eBay PSA 8
49.99,6.0,55.99,2026-03-07,bin,True,,PSA,8.0,1991 Upper Deck Michael Jordan #SP1 PSA 8,$42-$47-$47,eBay PSA 8 | Model B - Star / High Liquidity | 53 comps,eBay PSA 8
50.15,5.99,56.14,2026-03-06,bin,False,,PSA,8.0,MICHAEL JORDAN PSA 8 1991 UPPER DECK #SP1 ROOKIE INSERT W...,$42-$47-$47,eBay PSA 8 | Model B - Star / High Liquidity | 53 comps,eBay PSA 8
33.0,9.55,42.55,2026-03-05,auction,False,,PSA,8.0,1991 Upper Deck Baseball - Michael Jordan #SP1 PSA Graded...,$42-$47-$47,eBay PSA 8 | Model B - Star / High Liquidity | 53 comps,eBay PSA 8
34.0,10.5,44.5,2026-03-04,bin,False,,PSA,8.0,1991 UPPER DECK #SP1 MICHAEL JORDAN PSA 8 GOAT HoF,$42-$47-$47,eBay PSA 8 | Model B - Star / High Liquidity | 53 comps,eBay PSA 8
38.88,5.5,44.38,2026-03-04,bin,False,,PSA,8.0,1991 UPPER DECK #SP1 MICHAEL JORDAN PSA 8,$42-$47-$47,eBay PSA 8 | Model B - Star / High Liquidity | 53 comps,eBay PSA 8
35.1,5.99,41.09,2026-03-19,bin,True,,PSA,7.0,1991 Upper Deck #SP1 Michael Jordan PSA 7,$34-$36-$36,eBay PSA 7 | Model B - Star / High Liquidity | 10 comps,eBay PSA 7
25.0,5.0,30.0,2026-03-17,bin,False,,PSA,7.0,1991 Upper Deck - Short Print Michael Jordan #SP1 - PSA 7,$34-$36-$36,eBay PSA 7 | Model B - Star / High Liquidity | 10 comps,eBay PSA 7
25.77,1.45,27.22,2026-03-17,bin,False,,PSA,7.0,1991 Upper Deck #SP1 Michael Jordan PSA 7,$34-$36-$36,eBay PSA 7 | Model B - Star / High Liquidity | 10 comps,eBay PSA 7
23.67,5.27,28.94,2026-03-15,auction,False,,PSA,7.0,1991 Upper Deck Short Print Michael Jordan #SP1 Insert Wh...,$34-$36-$36,eBay PSA 7 | Model B - Star / High Liquidity | 10 comps,eBay PSA 7
29.99,5.99,35.98,2026-03-12,bin,False,,PSA,7.0,1991 UD #SP1 MICHAEL JORDAN PSA 7,$34-$36-$36,eBay PSA 7 | Model B - Star / High Liquidity | 10 comps,eBay PSA 7
26.0,5.99,31.99,2026-03-12,auction,False,,PSA,7.0,1991 UPPER DECK #SP1 MICHAEL JORDAN PSA 7,$34-$36-$36,eBay PSA 7 | Model B - Star / High Liquidity | 10 comps,eBay PSA 7
30.0,5.99,35.99,2026-03-12,bin,False,,PSA,7.0,1991 UD #SP1 MICHAEL JORDAN PSA 7,$34-$36-$36,eBay PSA 7 | Model B - Star / High Liquidity | 10 comps,eBay PSA 7
30.0,5.5,35.5,2026-03-11,bin,True,,PSA,7.0,Upper Deck 1991 Michael Jordan #SP1 Short Print Insert PS...,$34-$36-$36,eBay PSA 7 | Model B - Star / High Liquidity | 10 comps,eBay PSA 7
30.0,8.0,38.0,2026-03-11,auction,False,,PSA,7.0,1991 UD #SP1 MICHAEL JORDAN PSA 7,$34-$36-$36,eBay PSA 7 | Model B - Star / High Liquidity | 10 comps,eBay PSA 7
21.5,5.07,26.57,2026-03-10,auction,False,,PSA,7.0,1991 Upper Deck - Short Print Michael Jordan #SP1 PSA 7,$34-$36-$36,eBay PSA 7 | Model B - Star / High Liquidity | 10 comps,eBay PSA 7
30.0,5.89,35.89,2026-03-20,bin,False,,PSA,6.0,1991 UD #SP1 MICHAEL JORDAN PSA 6,$26-$29-$29,eBay PSA 6 | Model B - Star / High Liquidity | 17 comps,eBay PSA 6
17.95,7.95,25.9,2026-03-19,bin,False,,PSA,6.0,1991 UPPER DECK #SP1 MICHAEL JORDAN BASEBALL CHICAGO WHIT...,$26-$29-$29,eBay PSA 6 | Model B - Star / High Liquidity | 17 comps,eBay PSA 6
18.0,5.99,23.99,2026-03-17,bin,False,,PSA,6.0,1991 UD #SP1 MICHAEL JORDAN PSA 6,$26-$29-$29,eBay PSA 6 | Model B - Star / High Liquidity | 17 comps,eBay PSA 6
17.77,1.45,19.22,2026-03-17,bin,False,,PSA,6.0,1991 Upper Deck #SP1 Michael Jordan PSA 6,$26-$29-$29,eBay PSA 6 | Model B - Star / High Liquidity | 17 comps,eBay PSA 6
17.81,5.2,23.01,2026-03-14,auction,False,,PSA,6.0,1991 Upper Deck - Short Print Michael Jordan #SP1 PSA 6 E...,$26-$29-$29,eBay PSA 6 | Model B - Star / High Liquidity | 17 comps,eBay PSA 6
25.99,5.0,30.99,2026-03-14,bin,True,,PSA,6.0,1991 Upper Deck Michael Jordan #SP1 PSA 6 EXMT: Baseball ...,$26-$29-$29,eBay PSA 6 | Model B - Star / High Liquidity | 17 comps,eBay PSA 6
23.99,5.99,29.98,2026-03-12,bin,True,,PSA,6.0,1991 Upper Deck - #SP1 Michael Jordan PSA 6,$26-$29-$29,eBay PSA 6 | Model B - Star / High Liquidity | 17 comps,eBay PSA 6
29.99,5.99,35.98,2026-03-12,bin,False,,PSA,6.0,1991 UD #SP1 MICHAEL JORDAN PSA 6,$26-$29-$29,eBay PSA 6 | Model B - Star / High Liquidity | 17 comps,eBay PSA 6
12.52,5.99,18.51,2026-03-12,auction,False,,PSA,6.0,1991 UPPER DECK #SP1 MICHAEL JORDAN PSA 6,$26-$29-$29,eBay PSA 6 | Model B - Star / High Liquidity | 17 comps,eBay PSA 6
30.0,0.0,30.0,2026-03-12,bin,False,,PSA,6.0,1991 Upper Deck - Short Print Michael Jordan #SP1 PSA 6,$26-$29-$29,eBay PSA 6 | Model B - Star / High Liquidity | 17 comps,eBay PSA 6
22.5,5.99,28.49,2026-03-12,auction,False,,PSA,6.0,1991 UPPER DECK #SP1 MICHAEL JORDAN PSA 6,$26-$29-$29,eBay PSA 6 | Model B - Star / High Liquidity | 17 comps,eBay PSA 6
24.5,5.0,29.5,2026-03-11,auction,False,,PSA,6.0,1991 UPPER DECK #SP1 MICHAEL JORDAN WHITE SOX PSA 6,$26-$29-$29,eBay PSA 6 | Model B - Star / High Liquidity | 17 comps,eBay PSA 6
23.99,5.45,29.44,2026-03-10,bin,False,,PSA,6.0,1991 Upper Deck Michael Jordan SP1 Rookie RC Baseball PSA...,$26-$29-$29,eBay PSA 6 | Model B - Star / High Liquidity | 17 comps,eBay PSA 6
18.23,5.99,24.22,2026-03-08,auction,False,,PSA,6.0,1991 UD #SP1 MICHAEL JORDAN PSA 6,$26-$29-$29,eBay PSA 6 | Model B - Star / High Liquidity | 17 comps,eBay PSA 6
18.73,5.99,24.72,2026-03-08,auction,False,,PSA,6.0,1991 UD #SP1 MICHAEL JORDAN PSA 6,$26-$29-$29,eBay PSA 6 | Model B - Star / High Liquidity | 17 comps,eBay PSA 6
20.5,5.99,26.49,2026-03-08,auction,False,,PSA,6.0,1991 UD #SP1 MICHAEL JORDAN PSA 6,$26-$29-$29,eBay PSA 6 | Model B - Star / High Liquidity | 17 comps,eBay PSA 6
12.02,5.99,18.01,2026-03-08,auction,False,,PSA,6.0,1991 UD #SP1 MICHAEL JORDAN PSA 6,$26-$29-$29,eBay PSA 6 | Model B - Star / High Liquidity | 17 comps,eBay PSA 6
15.5,5.07,20.57,2026-03-21,auction,False,,PSA,5.0,1991 Upper Deck - Michael Jordan - #SP1 - PSA 5,$34-$31-$31,eBay PSA 5 | Model B - Star / High Liquidity | 6 comps,eBay PSA 5
13.58,4.99,18.57,2026-03-20,auction,False,,PSA,5.0,1991 Upper Deck Short Print Michael Jordan #SP1 PSA 5 HOF,$34-$31-$31,eBay PSA 5 | Model B - Star / High Liquidity | 6 comps,eBay PSA 5
29.99,8.75,38.74,2026-03-14,bin,False,,PSA,5.0,1991 UPPER DECK SP1 MICHAEL JORDAN YOLO GRADE LOL WTF SP ...,$34-$31-$31,eBay PSA 5 | Model B - Star / High Liquidity | 6 comps,eBay PSA 5
24.99,5.99,30.98,2026-03-12,bin,True,,PSA,5.0,1991 UD #SP1 MICHAEL JORDAN PSA 5,$34-$31-$31,eBay PSA 5 | Model B - Star / High Liquidity | 6 comps,eBay PSA 5
28.77,8.0,36.77,2026-03-10,bin,False,,PSA,5.0,1991 Upper Deck MICHAEL JORDAN #SP1 PSA 5 EX,$34-$31-$31,eBay PSA 5 | Model B - Star / High Liquidity | 6 comps,eBay PSA 5
29.11,14.97,44.08,2026-03-05,bin,False,,PSA,5.0,1991 Upper Deck MICHAEL JORDAN #SP1 Chicago White Sox HOF...,$34-$31-$31,eBay PSA 5 | Model B - Star / High Liquidity | 6 comps,eBay PSA 5
41.65,5.99,47.64,2026-03-21,bin,False,,PSA,4.0,1991 Upper Deck #SP1 Michael Jordan PSA 4,$34-$35-$35,eBay PSA 4 | Model B - Star / High Liquidity | 6 comps,eBay PSA 4
42.0,5.39,47.39,2026-03-16,auction,False,,PSA,4.0,143208329 Michael Jordan 1991 Upper Deck #SP1 Inserts PSA 4,$34-$35-$35,eBay PSA 4 | Model B - Star / High Liquidity | 6 comps,eBay PSA 4
29.99,4.85,34.84,2026-03-12,bin,True,,PSA,4.0,1991 Upper Deck Short Print Michael Jordan #SP1 PSA 4 HOF,$34-$35-$35,eBay PSA 4 | Model B - Star / High Liquidity | 6 comps,eBay PSA 4
26.99,5.99,32.98,2026-03-12,bin,True,,PSA,4.0,1991 Upper Deck Michael Jordan SP1 Baseball Card PSA 4 VG...,$34-$35-$35,eBay PSA 4 | Model B - Star / High Liquidity | 6 comps,eBay PSA 4
24.99,5.99,30.98,2026-03-12,bin,True,,PSA,4.0,1991 UD #SP1 MICHAEL JORDAN PSA 4,$34-$35-$35,eBay PSA 4 | Model B - Star / High Liquidity | 6 comps,eBay PSA 4
14.5,5.99,20.49,2026-03-07,auction,False,,PSA,4.0,1991 UPPER DECK #SP1 MICHAEL JORDAN PSA 4,$34-$35-$35,eBay PSA 4 | Model B - Star / High Liquidity | 6 comps,eBay PSA 4
10300.0,70.0,10370.0,2026-03-21,bin,False,,PSA,,1991 Upper Deck Michael Jordan Auto #SP1 PSA Auth,$5213-$4691-$4691,eBay PSA | Model B - Star / High Liquidity | 2 comps,eBay PSA
50.0,5.07,55.07,2026-03-10,bin,False,,PSA,,Upper Deck 1991 Short Print Michael Jordan #SP1 PSA Baseb...,$5213-$4691-$4691,eBay PSA | Model B - Star / High Liquidity | 2 comps,eBay PSA
69.95,8.0,77.95,2026-03-18,bin,True,,BGS,9.0,1991 Michael Jordan Upper Deck SP baseball card #SP1 - Ch...,$78-$70-$70,eBay BGS 9 | Model B - Star / High Liquidity | 1 comp,eBay BGS 9
330.0,6.0,336.0,2026-03-18,bin,False,,BGS,9.5,1991 Upper Deck Michael Jordan ROOKIE #SP1 BGS 9.5 GEM MINT,$293-$264-$264,eBay BGS 9.5 | Model B - Star / High Liquidity | 5 comps,eBay BGS 9.5
269.99,5.16,275.15,2026-03-17,bin,False,,BGS,9.5,MICHAEL JORDAN 1991 UPPER DECK #SP1 ROOKIE BGS 9.5 GEM SP...,$293-$264-$264,eBay BGS 9.5 | Model B - Star / High Liquidity | 5 comps,eBay BGS 9.5
285.0,8.1,293.1,2026-03-15,bin,True,,BGS,9.5,1991 Upper Deck - Short Print Michael Jordan #SP1 GEM MT ...,$293-$264-$264,eBay BGS 9.5 | Model B - Star / High Liquidity | 5 comps,eBay BGS 9.5
299.99,5.99,305.98,2026-03-06,bin,False,,BGS,9.5,Michael Jordan 1991 Upper Deck #SP1 ROOKIE RC BGS 9.5 GEM...,$293-$264-$264,eBay BGS 9.5 | Model B - Star / High Liquidity | 5 comps,eBay BGS 9.5
259.99,0.0,259.99,2026-03-05,bin,False,,BGS,9.5,1991 Upper Deck - Short Print Michael Jordan #SP1 BGS 9.5...,$293-$264-$264,eBay BGS 9.5 | Model B - Star / High Liquidity | 5 comps,eBay BGS 9.5
38.0,5.52,43.52,2026-03-11,bin,False,,BGS,8.5,1991 Upper Deck Baseball Michael Jordan #SP1 Beckett 8.5 ...,$48-$43-$43,eBay BGS 8.5 | Model B - Star / High Liquidity | 3 comps,eBay BGS 8.5
49.49,7.99,57.48,2026-03-11,bin,False,,BGS,8.5,1991 Upper Deck - #SP1 MICHAEL JORDAN - Beckett 8.5 Near ...,$48-$43-$43,eBay BGS 8.5 | Model B - Star / High Liquidity | 3 comps,eBay BGS 8.5
40.0,7.95,47.95,2026-03-07,bin,False,,BGS,8.5,1991 Upper Deck - Short Print Michael Jordan #SP1 BGS 8.5...,$48-$43-$43,eBay BGS 8.5 | Model B - Star / High Liquidity | 3 comps,eBay BGS 8.5
45.64,8.83,54.47,2026-03-14,bin,False,,BGS,8.0,1991 Upper Deck - Short Print Michael Jordan #SP1 BGS 8,$54-$49-$49,eBay BGS 8 | Model B - Star / High Liquidity | 1 comp,eBay BGS 8
17.5,6.0,23.5,2026-03-17,auction,False,,BGS,7.5,1991 Upper Deck Baseball Michael Jordan SP #SP1 BGS 7.5 W...,$24-$12-$12,eBay BGS 7.5 | Model B - Star / High Liquidity | 1 comp,eBay BGS 7.5
642.79,5.5,648.29,2026-03-16,auction,False,,SGC,10.0,1991 Upper Deck #SP1 Michael Jordan Chicago White Sox HOF...,$648-$324-$324,eBay SGC 10 | Model B - Star / High Liquidity | 1 comp,eBay SGC 10
53.0,4.99,57.99,2026-03-16,auction,False,,SGC,9.0,1991 Upper Deck Michael Jordan Inserts #SP1 White Sox SGC 9,$78-$81-$81,eBay SGC 9 | Model B - Star / High Liquidity | 3 comps,eBay SGC 9
72.23,5.45,77.68,2026-03-14,auction,False,,SGC,9.0,1991 Upper Deck #SP1 Michael Jordan SGC 9,$78-$81-$81,eBay SGC 9 | Model B - Star / High Liquidity | 3 comps,eBay SGC 9
79.99,3.99,83.98,2026-03-07,bin,False,,SGC,9.0,1991 Upper Deck #SP1 Michael Jordan SGC 9 MT Chicago Whit...,$78-$81-$81,eBay SGC 9 | Model B - Star / High Liquidity | 3 comps,eBay SGC 9
135.0,6.0,141.0,2026-03-08,bin,False,,SGC,9.5,1991 Upper Deck Short Print Michael Jordan #SP1 SGC 9.5 M...,$141-$141-$141,eBay SGC 9.5 | Model B - Star / High Liquidity | 3 comps,eBay SGC 9.5
145.0,7.95,152.95,2026-03-06,bin,False,,SGC,9.5,1991 Upper Deck Short Print Michael Jordan #SP1 SGC 9.5 M...,$141-$141-$141,eBay SGC 9.5 | Model B - Star / High Liquidity | 3 comps,eBay SGC 9.5
107.5,5.5,113.0,2026-03-04,auction,False,,SGC,9.5,1991 Upper Deck #SP1 Michael Jordan White Sox HOF SGC 9.5...,$141-$141-$141,eBay SGC 9.5 | Model B - Star / High Liquidity | 3 comps,eBay SGC 9.5
40.0,5.45,45.45,2026-03-13,bin,False,,SGC,8.5,1991 Upper Deck Baseball #SP1 Michael Jordan SGC 8.5,$45-$43-$43,eBay SGC 8.5 | Model B - Star / High Liquidity | 5 comps,eBay SGC 8.5
45.0,5.0,50.0,2026-03-13,bin,False,,SGC,8.5,1991 Upper Deck #SP1 Michael Jordan Rookie SGC-8.5 NM-MT+,$45-$43-$43,eBay SGC 8.5 | Model B - Star / High Liquidity | 5 comps,eBay SGC 8.5
45.0,5.0,50.0,2026-03-11,bin,True,,SGC,8.5,1991 Upper Deck #SP1 Michael Jordan Rookie SGC-8.5 NM-MT+,$45-$43-$43,eBay SGC 8.5 | Model B - Star / High Liquidity | 5 comps,eBay SGC 8.5
33.77,5.52,39.29,2026-03-09,bin,False,,SGC,8.5,MICHAEL JORDAN 1991 Upper Deck #SP1 Chicago White Sox SGC...,$45-$43-$43,eBay SGC 8.5 | Model B - Star / High Liquidity | 5 comps,eBay SGC 8.5
40.0,5.45,45.45,2026-03-05,bin,False,,SGC,8.5,MICHAEL JORDAN 1991 Upper Deck #SP1 Chicago White Sox SGC...,$45-$43-$43,eBay SGC 8.5 | Model B - Star / High Liquidity | 5 comps,eBay SGC 8.5
29.99,5.45,35.44,2026-03-16,bin,True,,SGC,8.0,1991 Upper Deck Michael Jordan #SP1 SGC 8,$35-$32-$32,eBay SGC 8 | Model B - Star / High Liquidity | 1 comp,eBay SGC 8
55.0,5.2,60.2,2026-03-09,bin,True,,CGC,9.0,1991 Upper Deck - Short Print Michael Jordan #SP1 CGC 9,$60-$54-$54,eBay CGC 9 | Model B - Star / High Liquidity | 1 comp,eBay CGC 9
28.5,7.95,36.45,2026-03-19,bin,False,,CGC,8.0,1991 Upper Deck Michael Jordan #SP1 - CGC 8,$36-$33-$33,eBay CGC 8 | Model B - Star / High Liquidity | 1 comp,eBay CGC 8
23.5,4.99,28.49,2026-03-15,auction,False,,CGC,7.5,1991 Upper Deck Short Print Michael Jordan #SP1 CGC 7.5 HOF,$28-$14-$14,eBay CGC 7.5 | Model B - Star / High Liquidity | 1 comp,eBay CGC 7.5
55.0,5.55,60.55,2026-03-04,bin,True,,TAG,8.5,1991 Upper Deck SP1 Michael Jordan TAG 8.5,$61-$54-$54,eBay TAG 8.5 | Model B - Star / High Liquidity | 1 comp,eBay TAG 8.5
59.99,5.0,64.99,2026-03-17,bin,False,,CSG,9.0,1991 Upper Deck Michael Jordan #SP1 CSG 9,$65-$58-$58,eBay CSG 9 | Model B - Star / High Liquidity | 1 comp,eBay CSG 9
99.99,0.0,99.99,2026-03-22,bin,False,,,10.0,1991 Michael Jordan Upper Deck #SP1 Gem Mint 10 RC Rookie...,$100-$102-$102,eBay Graded 10 | Model B - Star / High Liquidity | 11 comps,eBay Graded 10
99.99,0.0,99.99,2026-03-21,bin,False,,,10.0,Michael Jordan Rookie 1991 Upper Deck #SP1 Baseball RC Ca...,$100-$102-$102,eBay Graded 10 | Model B - Star / High Liquidity | 11 comps,eBay Graded 10
99.99,0.0,99.99,2026-03-20,bin,False,,,10.0,1991 Michael Jordan Upper Deck #SP1 Gem Mint 10 RC Rookie...,$100-$102-$102,eBay Graded 10 | Model B - Star / High Liquidity | 11 comps,eBay Graded 10
99.99,0.0,99.99,2026-03-19,bin,False,,,10.0,1991 Michael Jordan Upper Deck #SP1 Gem Mint 10 RC Rookie...,$100-$102-$102,eBay Graded 10 | Model B - Star / High Liquidity | 11 comps,eBay Graded 10
99.99,0.0,99.99,2026-03-17,bin,False,,,10.0,Michael Jordan Rookie 1991 Upper Deck #SP1 Baseball RC Ca...,$100-$102-$102,eBay Graded 10 | Model B - Star / High Liquidity | 11 comps,eBay Graded 10
110.5,12.48,122.98,2026-03-12,auction,False,,,10.0,1991 Upper Deck - Short Print Michael Jordan RC #SP1 BCCG 10,$100-$102-$102,eBay Graded 10 | Model B - Star / High Liquidity | 11 comps,eBay Graded 10
99.99,0.0,99.99,2026-03-11,bin,False,,,10.0,1991 Michael Jordan Upper Deck #SP1 Gem Mint 10 RC Rookie...,$100-$102-$102,eBay Graded 10 | Model B - Star / High Liquidity | 11 comps,eBay Graded 10
129.0,6.95,135.95,2026-03-11,bin,False,,,10.0,1991 Upper Deck #SP1 Michael Jordan NGA 10,$100-$102-$102,eBay Graded 10 | Model B - Star / High Liquidity | 11 comps,eBay Graded 10
99.99,0.0,99.99,2026-03-10,bin,False,,,10.0,1991 Michael Jordan Upper Deck #SP1 Gem Mint 10 RC Rookie...,$100-$102-$102,eBay Graded 10 | Model B - Star / High Liquidity | 11 comps,eBay Graded 10
19.91,12.05,31.96,2026-03-06,auction,False,,,10.0,1991 Michael Jordan Upper Deck #SP1 Gem Mint 10 RC Rookie...,$100-$102-$102,eBay Graded 10 | Model B - Star / High Liquidity | 11 comps,eBay Graded 10
99.99,0.0,99.99,2026-03-06,bin,False,,,10.0,1991 Michael Jordan Upper Deck #SP1 Gem Mint 10 RC Rookie...,$100-$102-$102,eBay Graded 10 | Model B - Star / High Liquidity | 11 comps,eBay Graded 10
59.9,5.0,64.9,2026-03-10,bin,True,,,9.0,🔥MINT 1991 Upper Deck #SP1 MICHAEL JORDAN - HGA 9 Chicago...,$65-$58-$58,eBay Graded 9 | Model B - Star / High Liquidity | 1 comp,eBay Graded 9
199.99,8.1,208.09,2026-03-12,bin,True,,,9.5,1991 Upper Deck Michael Jordan #SP1 HGA 9.5 Gem Mint Rook...,$208-$187-$187,eBay Graded 9.5 | Model B - Star / High Liquidity | 1 comp,eBay Graded 9.5
